frame,phase,exposure,angle,dangle,t_req_a,t_sav_a,ab_a,aa_a,t_req_b,t_sav_b,ab_b,aa_b,n_body,n_bg,n_body_detected,fb_med_body,fb_p90_body,body_flow,same_angle,static_med,static_cl,affine_med,affine_cl,epi_img_med,epi_img_cl,epi_enc_med,epi_enc_cl,epi_enc_cl30,epi_enc_bg,epi_sens_px_per_deg,motion_mm,candidate_raw,accel_guard,state,insufficient_reason,alarm_confirmed,alarm_any,alarm,n_bed,epi_bed,n_offplane,epi_offplane,n_floor,epi_floor,n_bed_near,epi_bed_near,motion_state,geometry_state,label
2,approach,False,-0.3319999873638153,0.0,0.0,0.173,-0.3319999873638153,-0.3319999873638153,0.261,0.433,-0.3319999873638153,-0.3319999873638153,724.0,1295.0,726.0,0.009936011396348476,0.0279946681112051,0.20768072578554642,True,0.14663854646240432,0.4299746963978238,nan,nan,nan,nan,nan,nan,nan,nan,nan,0.9599830863303844,True,False,SUSPECT/NOT_CHECKED,nan,False,False,False,nan,nan,nan,nan,nan,nan,nan,nan,SUSPECT,NOT_CHECKED,motion suspected; geometry not checked
3,approach,False,-0.3319999873638153,0.0,0.261,0.433,-0.3319999873638153,-0.3319999873638153,0.503,0.677,-0.3319999873638153,-0.3319999873638153,662.0,1490.0,686.0,0.012264496646821499,0.03258955851197243,0.9570672779479544,True,0.8289367612798366,1.7329995700491037,nan,nan,nan,nan,nan,nan,nan,nan,nan,3.8691818141914918,True,False,SUSPECT/NOT_CHECKED,nan,False,False,False,nan,nan,nan,nan,nan,nan,nan,nan,SUSPECT,NOT_CHECKED,motion suspected; geometry not checked
4,approach,False,-0.3319999873638153,0.0,0.503,0.677,-0.3319999873638153,-0.3319999873638153,0.77,0.929,-0.3319999873638153,-0.3319999873638153,650.0,1571.0,688.0,0.014343764632940292,0.040567487478256226,2.435270921647083,True,2.3592677029829803,2.8881769587332906,nan,nan,nan,nan,nan,nan,nan,nan,nan,6.448288827089036,True,False,SUSPECT/NOT_CHECKED,nan,False,False,False,nan,nan,nan,nan,nan,nan,nan,nan,SUSPECT,NOT_CHECKED,motion suspected; geometry not checked
5,approach,False,-0.3319999873638153,0.0,0.77,0.929,-0.3319999873638153,-0.3319999873638153,1.021,1.166,-0.3319999873638153,-0.3319999873638153,663.0,1678.0,683.0,0.009932475164532661,0.028723089024424553,0.8102733021690118,True,0.6143135041992172,1.404232434574239,nan,nan,nan,nan,nan,nan,nan,nan,nan,3.1351598076845115,True,False,SUSPECT/NOT_CHECKED,nan,False,False,False,nan,nan,nan,nan,nan,nan,nan,nan,SUSPECT,NOT_CHECKED,motion suspected; geometry not checked
6,approach,False,-0.3319999873638153,0.0,1.021,1.166,-0.3319999873638153,-0.3319999873638153,1.256,1.432,-0.3319999873638153,-0.3319999873638153,657.0,1593.0,658.0,0.008525117300450802,0.021663356572389603,0.16516383967396192,True,0.14476629016251977,0.29209216654532827,nan,nan,nan,nan,nan,nan,nan,nan,nan,0.6521396302671639,True,False,SUSPECT/NOT_CHECKED,nan,False,False,False,nan,nan,nan,nan,nan,nan,nan,nan,SUSPECT,NOT_CHECKED,motion suspected; geometry not checked
7,approach,False,-0.3319999873638153,0.0,1.256,1.432,-0.3319999873638153,-0.3319999873638153,1.5,1.669,-0.3319999873638153,-0.3319999873638153,644.0,1554.0,666.0,0.010687822476029396,0.029742266982793808,0.7372006225834128,True,0.50307681119229,1.348701903707753,nan,nan,nan,nan,nan,nan,nan,nan,nan,3.011179557559626,True,False,SUSPECT/NOT_CHECKED,nan,False,False,False,nan,nan,nan,nan,nan,nan,nan,nan,SUSPECT,NOT_CHECKED,motion suspected; geometry not checked
8,approach,False,-0.3319999873638153,0.0,1.5,1.669,-0.3319999873638153,-0.3319999873638153,1.751,1.935,-0.3319999873638153,-0.3319999873638153,669.0,1602.0,686.0,0.009770392440259457,0.02540876902639866,0.6507491474187654,True,0.6295030382080071,0.8766063390313209,nan,nan,nan,nan,nan,nan,nan,nan,nan,1.9571553067891785,True,False,SUSPECT/NOT_CHECKED,nan,False,False,False,nan,nan,nan,nan,nan,nan,nan,nan,SUSPECT,NOT_CHECKED,motion suspected; geometry not checked
9,approach,False,-0.3319999873638153,0.0,1.751,1.935,-0.3319999873638153,-0.3319999873638153,2.032,2.16,-0.3319999873638153,-0.3319999873638153,683.0,1441.0,684.0,0.005791911389678717,0.014963990077376366,0.14109282961936168,True,0.10367889109940223,0.19541838251079768,nan,nan,nan,nan,nan,nan,nan,nan,nan,0.4363008882616578,False,False,NO_MOTION/NOT_CHECKED,nan,False,False,False,nan,nan,nan,nan,nan,nan,nan,nan,NO_MOTION,NOT_CHECKED,no motion; geometry not checked
10,approach,False,-0.3319999873638153,0.0,2.032,2.16,-0.3319999873638153,-0.3319999873638153,2.263,2.436,-0.3319999873638153,-0.3319999873638153,681.0,1354.0,682.0,0.006693931762129068,0.018312275409698486,0.15025708093240991,True,0.14348773481353566,0.23609916677402024,nan,nan,nan,nan,nan,nan,nan,nan,nan,0.5271268488554324,True,False,SUSPECT/NOT_CHECKED,nan,False,False,False,nan,nan,nan,nan,nan,nan,nan,nan,SUSPECT,NOT_CHECKED,motion suspected; geometry not checked
11,approach,False,-0.3319999873638153,0.0,2.263,2.436,-0.3319999873638153,-0.3319999873638153,2.53,2.667,-0.3319999873638153,-0.3319999873638153,692.0,1341.0,692.0,0.0038073156028985977,0.009807376191020012,0.05852703259741136,True,0.04264051262680974,0.07987754752825162,nan,nan,nan,nan,nan,nan,nan,nan,nan,0.17833862142837728,False,False,NO_MOTION/NOT_CHECKED,nan,False,False,False,nan,nan,nan,nan,nan,nan,nan,nan,NO_MOTION,NOT_CHECKED,no motion; geometry not checked
12,approach,False,-0.3319999873638153,0.0,2.53,2.667,-0.3319999873638153,-0.3319999873638153,2.763,2.932,-0.3319999873638153,-0.3319999873638153,696.0,1358.0,696.0,0.004505516961216927,0.012473445385694504,0.07353332946076097,True,0.06770338372626616,0.1402720870740075,nan,nan,nan,nan,nan,nan,nan,nan,nan,0.31317850144074594,False,False,NO_MOTION/NOT_CHECKED,nan,False,False,False,nan,nan,nan,nan,nan,nan,nan,nan,NO_MOTION,NOT_CHECKED,no motion; geometry not checked
13,approach,False,-0.3319999873638153,0.0,2.763,2.932,-0.3319999873638153,-0.3319999873638153,3.027,3.165,-0.3319999873638153,-0.3319999873638153,702.0,1323.0,702.0,0.00341796875,0.00954161211848259,0.040694489734917266,True,0.03668454964912331,0.06410858615269989,nan,nan,nan,nan,nan,nan,nan,nan,nan,0.14313204686399697,False,False,NO_MOTION/NOT_CHECKED,nan,False,False,False,nan,nan,nan,nan,nan,nan,nan,nan,NO_MOTION,NOT_CHECKED,no motion; geometry not checked
14,approach,False,-0.3319999873638153,0.0,3.027,3.165,-0.3319999873638153,-0.3319999873638153,3.258,3.434,-0.3319999873638153,-0.3319999873638153,709.0,1346.0,709.0,0.0032332793343812227,0.009486938826739788,0.020100792098426672,True,0.010554843884235634,0.03308846722642644,nan,nan,nan,nan,nan,nan,nan,nan,nan,0.07387497254158744,False,False,NO_MOTION/NOT_CHECKED,nan,False,False,False,nan,nan,nan,nan,nan,nan,nan,nan,NO_MOTION,NOT_CHECKED,no motion; geometry not checked
15,approach,False,-0.3319999873638153,0.0,3.258,3.434,-0.3319999873638153,-0.3319999873638153,3.502,3.663,-0.3319999873638153,-0.3319999873638153,692.0,1342.0,692.0,0.0033229822292923927,0.008666148409247398,0.019872515781634056,True,0.009617380673716357,0.02872940104058325,nan,nan,nan,nan,nan,nan,nan,nan,nan,0.06414270260649238,False,False,NO_MOTION/NOT_CHECKED,nan,False,False,False,nan,nan,nan,nan,nan,nan,nan,nan,NO_MOTION,NOT_CHECKED,no motion; geometry not checked
16,approach,False,-0.47559999823570254,-0.14360001087188723,3.502,3.663,-0.3319999873638153,-0.3319999873638153,3.753,3.93,-0.3370000123977661,-0.4909999966621399,696.0,1366.0,697.0,0.005449243821203709,0.013537729158997536,0.12187412250882515,False,nan,nan,0.3580208883748575,0.43120907797880226,0.11917795187214403,0.22154822482799208,0.023233279754167162,0.07711725532956176,0.05651872489032172,0.060075868559510665,0.0668065493076712,0.12618654169702337,False,False,NO_MOTION/VERIFIED,nan,False,False,False,224.0,0.018126268441145885,0.0,nan,1142.0,0.07342946293393826,200.0,0.01634255639692573,NO_MOTION,VERIFIED,no motion; geometry verified by background
17,approach,False,-0.8248999893665314,-0.3492999911308289,3.753,3.93,-0.3370000123977661,-0.4909999966621399,4.032,4.164,-0.6169999837875366,-0.8479999899864197,683.0,1384.0,686.0,0.007117861416190863,0.020102092996239662,0.4821290355642317,False,nan,nan,1.2160190688981114,1.4030906089981667,0.07061524218985485,0.17224485283169652,0.01740433722359738,0.2525033069163779,0.04350577380853578,0.040393640403752304,0.06654928149122621,0.09713317403047339,False,False,NO_MOTION/VERIFIED,nan,False,False,False,183.0,0.01431428443949642,18.0,0.3651433440957787,1183.0,0.04475209525723767,158.0,0.013886775210522203,NO_MOTION,VERIFIED,no motion; geometry verified by background
18,approach,False,-1.3601999640464784,-0.5352999746799469,4.032,4.164,-0.6169999837875366,-0.8479999899864197,4.264,4.43,-1.0290000438690186,-1.3969999551773071,702.0,1265.0,712.0,0.008410036563873291,0.023811791092157364,0.9241302548029071,False,nan,nan,1.6005005812134379,1.9244916441173312,0.13789081911943915,0.408428081140515,0.024663248778057797,0.3662240968976559,0.0838081018330025,0.13233993632676577,0.06805292849050147,0.18711417423200738,False,False,NO_MOTION/VERIFIED,nan,False,False,False,196.0,0.029234099143842177,27.0,0.24427445533591433,1042.0,0.16128641818592757,176.0,0.026472427777949215,NO_MOTION,VERIFIED,no motion; geometry verified by background
19,approach,False,-1.8720000386238098,-0.5118000745773315,4.264,4.43,-1.0290000438690186,-1.3969999551773071,4.524,4.667,-1.5839999914169312,-1.9040000438690186,669.0,1280.0,677.0,0.008199864067137241,0.022378358989953995,0.8992444090733404,False,nan,nan,1.7540977007605623,2.2653809095297897,0.03201486255292918,0.36105956848991877,0.03466140480545345,0.38134267910407327,0.07745325864821573,0.14220532389171342,0.07082306683132894,0.17292603240695256,False,False,NO_MOTION/VERIFIED,nan,False,False,False,221.0,0.02224185640789188,16.0,0.2148667777846908,1043.0,0.1819871610073564,194.0,0.01963043814334039,NO_MOTION,VERIFIED,no motion; geometry verified by background
20,approach,False,-2.409200096130371,-0.5372000575065612,4.524,4.667,-1.5839999914169312,-1.9040000438690186,4.76,4.926,-2.078000068664551,-2.446000099182129,663.0,1281.0,669.0,0.0072426386177539825,0.02151723951101303,1.023739501304411,False,nan,nan,1.799643464246422,2.2936631377198395,0.03124321136067148,0.4008234703036601,0.032206627528945,0.30856156867085005,0.07702091956142279,0.20082010290760238,0.06702255977730429,0.17196077046396432,False,False,NO_MOTION/VERIFIED,nan,False,False,False,225.0,0.03098750993422554,23.0,0.3491742712269846,1033.0,0.2631347333745421,199.0,0.026577468203988156,NO_MOTION,VERIFIED,no motion; geometry verified by background
21,approach,False,-2.9154000997543337,-0.5062000036239627,4.76,4.926,-2.078000068664551,-2.446000099182129,5.022,5.163,-2.640000104904175,-2.946000099182129,668.0,1348.0,682.0,0.008058037608861923,0.021975034847855568,0.8661165942838867,False,nan,nan,1.6076921012971184,1.8226517857502849,0.1732144626918442,0.32237912563368976,0.021383581085110705,0.3603065026563185,0.04735011020972786,0.13640100065574634,0.0657692114613643,0.10571623241559769,False,False,NO_MOTION/VERIFIED,nan,False,False,False,234.0,0.026365139637102485,28.0,0.3938428270770074,1086.0,0.17412892540000624,203.0,0.02360059316036961,NO_MOTION,VERIFIED,no motion; geometry verified by background
22,approach,False,-3.469599962234497,-0.5541998624801634,5.022,5.163,-2.640000104904175,-2.946000099182129,5.262,5.431,-3.132999897003174,-3.506999969482422,665.0,1334.0,672.0,0.008333031088113785,0.024165883660316467,1.0139232000579184,False,nan,nan,1.8049187948073753,2.1100910892667457,0.08749237325752099,0.4944133684432565,0.028436072064896484,0.4262488215519388,0.07849986996902947,0.19332641289344737,0.06996855884886202,0.17526274936811415,False,False,NO_MOTION/VERIFIED,nan,False,False,False,243.0,0.03023833721474595,20.0,0.23124470604950528,1071.0,0.2588756641298592,201.0,0.025214615634479194,NO_MOTION,VERIFIED,no motion; geometry verified by background
23,approach,False,-3.970999908447266,-0.5013999462127687,5.262,5.431,-3.132999897003174,-3.506999969482422,5.502,5.666,-3.638000011444092,-4.007999897003174,677.0,1344.0,681.0,0.007700656075030565,0.02174832671880722,0.8999147371107361,False,nan,nan,1.6787557661316292,2.045185416182236,0.09065397435996672,0.5161713084708243,0.02255964786757411,0.3129544655208879,0.05345844468903099,0.1432020721499387,0.0643954887924264,0.11935400653325016,False,False,NO_MOTION/VERIFIED,nan,False,False,False,237.0,0.030294156245582893,24.0,0.29755266831130456,1083.0,0.19145356662628116,205.0,0.0267613820622362,NO_MOTION,VERIFIED,no motion; geometry verified by background
24,approach,False,-4.508500003814698,-0.5375000953674318,5.502,5.666,-3.638000011444092,-4.007999897003174,5.751,5.93,-4.171000003814697,-4.546000003814697,668.0,1339.0,677.0,0.008342783898115158,0.02234933339059353,1.0432804261659032,False,nan,nan,1.7647344344960705,2.2009748834608045,0.04778705287279231,0.33550573274664486,0.023490137594218162,0.37165556360757385,0.07364095467797924,0.19800771223489408,0.06911369304044096,0.16441449123479226,False,False,NO_MOTION/VERIFIED,nan,False,False,False,243.0,0.027665547841160078,23.0,0.2600275163837427,1073.0,0.25615546275920104,198.0,0.023164855534400692,NO_MOTION,VERIFIED,no motion; geometry verified by background
25,approach,False,-5.0125,-0.5039999961853026,5.751,5.93,-4.171000003814697,-4.546000003814697,6.019,6.168,-4.710999965667725,-5.046000003814697,657.0,1393.0,659.0,0.00858255010098219,0.021553684026002884,0.902065038404135,False,nan,nan,1.7872997178034074,2.1114279254891652,0.05982454851279745,0.4826114521397328,0.025643060330369453,0.28754238589324005,0.05245435624555089,0.14095754543583963,0.06883444953030514,0.11711222828212056,False,False,NO_MOTION/VERIFIED,nan,False,False,False,257.0,0.02386065451857083,19.0,0.12455094423631449,1117.0,0.1857729086771822,213.0,0.019208003874353317,NO_MOTION,VERIFIED,no motion; geometry verified by background
26,approach,False,-5.550199890136719,-0.5376998901367189,6.019,6.168,-4.710999965667725,-5.046000003814697,6.228,6.431,-5.156000137329102,-5.593999862670898,664.0,1398.0,668.0,0.00828508473932743,0.025124570354819298,1.0656251380112036,False,nan,nan,1.8421556713408584,2.0810563463710596,0.05272954162057935,0.40674597723413203,0.03342401909137584,0.3931052407230884,0.10038675267063661,0.2058232503545398,0.06769687153730482,0.22412850212534144,False,False,NO_MOTION/VERIFIED,nan,False,False,False,254.0,0.02808381933485931,32.0,0.3164316310566385,1112.0,0.26106778390819546,213.0,0.02394332466986858,NO_MOTION,VERIFIED,no motion; geometry verified by background
27,approach,False,-6.064699792861939,-0.5144999027252197,6.228,6.431,-5.156000137329102,-5.593999862670898,6.528,6.664,-5.791999816894531,-6.09499979019165,677.0,1391.0,682.0,0.007895225659012794,0.02285662852227688,0.9040538164763307,False,nan,nan,1.7512164183143795,2.143731992571582,0.03836517537722837,0.40036666373019336,0.026541674781578456,0.3057001569161301,0.13862317794176843,0.13237819757764316,0.06855237634638939,0.30949706415825834,False,False,NO_MOTION/VERIFIED,nan,False,False,False,270.0,0.026136035750463905,23.0,0.1375928913929759,1098.0,0.17559872348361352,217.0,0.021682004291205117,NO_MOTION,VERIFIED,no motion; geometry verified by background
28,approach,False,-6.596999979019165,-0.5323001861572259,6.528,6.664,-5.791999816894531,-6.09499979019165,6.764,6.928,-6.2820000648498535,-6.631999969482422,649.0,1445.0,652.0,0.008285114541649818,0.021193090826272964,1.0385627957091845,False,nan,nan,2.05515679455694,2.4351747812356157,0.08139973456625757,0.678284473529561,0.03153309572252253,0.3901585033489038,0.13995978839619203,0.1906203882852808,0.06979296947030728,0.31248124773931224,False,False,NO_MOTION/VERIFIED,nan,False,False,False,252.0,0.03568045539753012,41.0,0.18860452825740412,1152.0,0.2490223999802092,202.0,0.029539012303417822,NO_MOTION,VERIFIED,no motion; geometry verified by background
29,approach,False,-7.0986998081207275,-0.5016998291015629,6.764,6.928,-6.2820000648498535,-6.631999969482422,7.029,7.163,-6.835000038146973,-7.127999782562256,654.0,1358.0,662.0,0.007747495546936989,0.020921293646097183,0.9046967152497611,False,nan,nan,1.3273166637331912,1.561118248937988,0.3550931603516414,0.5229450663691956,0.029027892505232106,0.3045379054903741,0.08399016799324915,0.13733197117083712,0.06611313519643405,0.18752066427873376,False,False,NO_MOTION/VERIFIED,nan,False,False,False,274.0,0.02748566534382829,35.0,0.09442740458949166,1049.0,0.18807017992006148,222.0,0.02295679120816948,NO_MOTION,VERIFIED,no motion; geometry verified by background
30,approach,False,-7.6570000648498535,-0.558300256729126,7.029,7.163,-6.835000038146973,-7.127999782562256,7.225,7.431,-7.243000030517578,-7.703000068664551,627.0,1348.0,628.0,0.0077529666014015675,0.022625632584095,1.0513461856554647,False,nan,nan,1.704545394732489,1.951621379869867,0.037588369310312626,0.3456760870191482,0.03025511694958012,0.4404727877039585,0.08030495442655956,0.17420416734974542,0.06685145825323799,0.17929287151982204,False,False,NO_MOTION/VERIFIED,nan,False,False,False,266.0,0.026994215762619796,35.0,0.16329621457409624,1047.0,0.2496288992198973,215.0,0.021963520323069537,NO_MOTION,VERIFIED,no motion; geometry verified by background
31,approach,False,-8.16680006980896,-0.5098000049591072,7.225,7.431,-7.243000030517578,-7.703000068664551,7.505,7.67,-7.841000080108643,-8.20300006866455,650.0,1334.0,656.0,0.008234571665525436,0.02047998085618019,0.8990345106611384,False,nan,nan,1.4717772480724323,1.6726333955915607,0.04035799638246518,0.36274136433327253,0.02364332925788011,0.3056924690060096,0.0737793720687032,0.13594781018183927,0.06689056581314494,0.16472352884808023,False,False,NO_MOTION/VERIFIED,nan,False,False,False,283.0,0.024372360930252565,30.0,0.4932048603571013,1021.0,0.17530941269693218,228.0,0.01819703114614844,NO_MOTION,VERIFIED,no motion; geometry verified by background
32,approach,False,-8.709799766540527,-0.5429996967315667,7.505,7.67,-7.841000080108643,-8.20300006866455,7.76,7.925,-8.375,-8.746999740600586,671.0,1326.0,681.0,0.008550859987735748,0.025119099766016006,1.0409237206115347,False,nan,nan,1.8697539089451116,2.230291823051679,0.03514137220526148,0.28822387068370026,0.029950224472806573,0.32937267753677923,0.09027069157481626,0.18243940438401432,0.07064533183859217,0.20154287642776028,False,False,NO_MOTION/VERIFIED,nan,False,False,False,260.0,0.03475666539398831,31.0,0.20174503605208366,1035.0,0.2468289142035807,204.0,0.025425146969944988,NO_MOTION,VERIFIED,no motion; geometry verified by background
33,approach,False,-9.193100357055664,-0.4833005905151371,7.76,7.925,-8.375,-8.746999740600586,8.009,8.16,-8.906000137329102,-9.225000381469727,674.0,1415.0,681.0,0.007966549135744572,0.022685708478093147,0.8911733055978115,False,nan,nan,1.7738259670032022,2.0147566814541635,0.02007107513820466,0.3263455945739827,0.02133111741354171,0.2719642268755924,0.09839396892383373,0.16121133208615013,0.06950849299769019,0.21967931312033342,False,False,NO_MOTION/VERIFIED,nan,False,False,False,290.0,0.03292851940633146,22.0,0.1514794217512141,1103.0,0.21354506619021368,220.0,0.027093778739797694,NO_MOTION,VERIFIED,no motion; geometry verified by background
34,approach,False,-9.743199729919434,-0.5500993728637695,8.009,8.16,-8.906000137329102,-9.225000381469727,8.255,8.433,-9.411999702453613,-9.779999732971191,654.0,1385.0,664.0,0.007537686266005039,0.024284280836582184,1.0176505863380996,False,nan,nan,1.9147150639630819,2.1922078907768032,0.058781318522157046,0.2664303881475508,0.024494180801567837,0.27113858497274107,0.07712288973507894,0.17476944008065795,0.0663032502151643,0.17218843419124913,False,False,NO_MOTION/VERIFIED,nan,False,False,False,268.0,0.02778377339493285,32.0,0.17899566955161655,1085.0,0.2334892443263298,215.0,0.02469890005324398,NO_MOTION,VERIFIED,no motion; geometry verified by background
35,approach,False,-10.222800350189209,-0.4796006202697747,8.255,8.433,-9.411999702453613,-9.779999732971191,8.501,8.669,-9.906000137329102,-10.258000373840332,634.0,1395.0,650.0,0.007957898080348969,0.021069515496492386,0.8808904826818182,False,nan,nan,1.4457914240973613,1.6769636598230528,0.10191816245527885,0.37680567748607163,0.024839260220269752,0.3205409149576611,0.12668465530446163,0.15242611343377277,0.06555662954786275,0.2828425193592241,False,False,NO_MOTION/VERIFIED,nan,False,False,False,291.0,0.024567712847714796,34.0,0.37587293659625387,1070.0,0.20276002689951386,228.0,0.02037781569613617,NO_MOTION,VERIFIED,no motion; geometry verified by background
36,approach,False,-10.773000240325928,-0.5501998901367191,8.501,8.669,-9.906000137329102,-10.258000373840332,8.753,8.931,-10.42199993133545,-10.812000274658203,616.0,1378.0,626.0,0.008191567845642567,0.022393906489014626,0.9902834621851124,False,nan,nan,1.1313224433402744,1.4925867716690515,0.08938590829309302,0.29418966035806376,0.02885319618119137,0.2831228189886939,0.09709474511110633,0.18820388310502972,0.0651625777364481,0.21677860083185493,False,False,NO_MOTION/VERIFIED,nan,False,False,False,279.0,0.029499724365719595,41.0,0.5429801998829835,1058.0,0.24108189380253783,227.0,0.0262083963560567,NO_MOTION,VERIFIED,no motion; geometry verified by background
37,approach,False,-11.258199977874757,-0.48519973754882884,8.753,8.931,-10.42199993133545,-10.812000274658203,9.017,9.161,-10.972000122070312,-11.289999961853027,641.0,1438.0,653.0,0.007878265343606472,0.024644771590828896,0.8967231680996487,False,nan,nan,1.494982537002745,1.6785596516087358,0.1305997272953337,0.2569635525848748,0.026465685894770302,0.29777919339854164,0.10269413542532208,0.1518932206328133,0.06615948420870571,0.22928008066413766,False,False,NO_MOTION/VERIFIED,nan,False,False,False,315.0,0.029117807627567056,49.0,0.3689607512503936,1074.0,0.2064829749720835,251.0,0.023719795724044486,NO_MOTION,VERIFIED,no motion; geometry verified by background
38,approach,False,-11.819100379943848,-0.5609004020690911,9.017,9.161,-10.972000122070312,-11.289999961853027,9.24,9.431,-11.432999610900879,-11.862000465393066,675.0,1382.0,711.0,0.007822031155228615,0.025444133207201958,1.029289155280496,False,nan,nan,1.8731535903140726,2.078570439839928,0.05088096107623207,0.33456538063921754,0.026444974891706764,0.266793542591825,0.16650910751243753,0.17150470435531573,0.06623006757311346,0.3717565900296932,False,False,NO_MOTION/VERIFIED,nan,False,False,False,279.0,0.031188318116962942,32.0,0.17700446020261024,1071.0,0.2357931770612599,213.0,0.02487793711358713,NO_MOTION,VERIFIED,no motion; geometry verified by background
39,approach,False,-12.332399654388428,-0.5132992744445808,9.24,9.431,-11.432999610900879,-11.862000465393066,9.514,9.663,-12.020999908447266,-12.366999626159668,629.0,1429.0,645.0,0.008000321686267853,0.022865699604153633,0.8879131875656968,False,nan,nan,1.228658713743866,1.427431498449274,0.16444403471308883,0.34793329571151,0.02795297734664731,0.2454730047947602,0.09830415014541596,0.12382493506274075,0.06793877501528503,0.21947877920790027,False,False,NO_MOTION/VERIFIED,nan,False,False,False,320.0,0.031269182976979004,40.0,0.22257200726310095,1069.0,0.17800231204138536,256.0,0.026839689161897856,NO_MOTION,VERIFIED,no motion; geometry verified by background
40,approach,False,-12.883600044250489,-0.5512003898620605,9.514,9.663,-12.020999908447266,-12.366999626159668,9.728,9.93,-12.493000030517578,-12.927000045776367,633.0,1430.0,650.0,0.00775722973048687,0.0238384660333395,1.0280907014467928,False,nan,nan,1.5791436954809763,1.8374070514144303,0.2264995146847132,0.4164481961310495,0.027820924833200616,0.2866815129426207,0.13713426027493872,0.18106925743451227,0.061624937582338626,0.30617283185094,False,False,NO_MOTION/VERIFIED,nan,False,False,False,302.0,0.03477449358577881,31.0,0.25298752758895804,1097.0,0.24959469181805338,231.0,0.029496349835115773,NO_MOTION,VERIFIED,no motion; geometry verified by background
41,approach,False,-13.393000030517578,-0.5093999862670895,9.728,9.93,-12.493000030517578,-12.927000045776367,10.011,10.166,-13.086999893188477,-13.427000045776367,630.0,1493.0,639.0,0.008579831570386887,0.02278650365769863,0.8828930872854752,False,nan,nan,1.5380993198414243,1.6819375906959761,0.24477735682501628,0.5863132491086309,0.024040758128294974,0.20111115287939743,0.1122064839771327,0.12748076591923582,0.06226833049615098,0.25051782743742373,False,False,NO_MOTION/VERIFIED,nan,False,False,False,349.0,0.03136487946472691,49.0,0.28234665962072636,1095.0,0.1814120818825218,269.0,0.02695315259128506,NO_MOTION,VERIFIED,no motion; geometry verified by background
42,approach,False,-13.920499992370605,-0.5274999618530263,10.011,10.166,-13.086999893188477,-13.427000045776367,10.242,10.428,-13.5649995803833,-13.960000038146973,602.0,1464.0,610.0,0.008007180877029896,0.025529412552714348,1.031644566604336,False,nan,nan,1.1765801592762677,1.4878683294941821,0.15981598690246565,0.3937362190526241,0.02633368839804676,0.31245447055104575,0.10006333426168496,0.19338353758650423,0.0621249773557532,0.22340642195410687,False,False,NO_MOTION/VERIFIED,nan,False,False,False,348.0,0.03955446037194913,40.0,0.2592628451034832,1076.0,0.27580650129555273,270.0,0.033628412017617466,NO_MOTION,VERIFIED,no motion; geometry verified by background
43,approach,False,-14.423800468444824,-0.5033004760742195,10.242,10.428,-13.5649995803833,-13.960000038146973,10.525,10.665,-14.152000427246094,-14.454000473022461,612.0,1501.0,623.0,0.00760180177167058,0.02375192567706108,0.8911345277658775,False,nan,nan,1.0757382137205962,1.4108726037754384,0.1154238687830213,0.193993687984364,0.026288951081873475,0.22702004016423194,0.10524288440664115,0.1445799610352826,0.06264669883754215,0.23497054555396993,False,False,NO_MOTION/VERIFIED,nan,False,False,False,352.0,0.03182852537956091,46.0,0.2776991885780825,1103.0,0.20564659969327226,255.0,0.027198046495987453,NO_MOTION,VERIFIED,no motion; geometry verified by background
44,approach,False,-14.951300430297852,-0.527499961853028,10.525,10.665,-14.152000427246094,-14.454000473022461,10.757,10.926,-14.630000114440918,-14.987000465393066,622.0,1463.0,643.0,0.008086464367806911,0.026425721123814583,1.0425943882862667,False,nan,nan,1.71316484281636,1.9349644592711532,0.19820040541059847,0.3863365104083927,0.029754860645090846,0.25189294990713934,0.16585872654664607,0.1891426040054141,0.06537990044425623,0.3703045168447787,False,False,NO_MOTION/VERIFIED,nan,False,False,False,342.0,0.039911992524270495,39.0,0.2265882634297535,1082.0,0.264372920988177,253.0,0.030354762136969356,NO_MOTION,VERIFIED,no motion; geometry verified by background
45,approach,False,-15.44850034713745,-0.4971999168395982,10.757,10.926,-14.630000114440918,-14.987000465393066,11.01,11.164,-15.147000312805176,-15.482000350952148,645.0,1449.0,655.0,0.007905525155365467,0.026481708511710167,0.8873161881800375,False,nan,nan,1.0881773463885374,1.4224736277175687,0.13889366403980583,0.3900329047431943,0.027881813978968318,0.2782973036445566,0.09673886565016795,0.13630828585017143,0.0669129301595419,0.21598404648683103,False,False,NO_MOTION/VERIFIED,nan,False,False,False,319.0,0.04027143684898118,33.0,0.21682066519556056,1097.0,0.19051283392557034,230.0,0.0318666013127652,NO_MOTION,VERIFIED,no motion; geometry verified by background
46,approach,False,-16.018500518798827,-0.570000171661377,11.01,11.164,-15.147000312805176,-15.482000350952148,11.256,11.43,-15.663000106811523,-16.058000564575195,604.0,1479.0,618.0,0.008219120092689991,0.030201734974980354,1.069867629329972,False,nan,nan,2.158060775226504,2.3929183295657763,0.15991684404020018,0.3240879249617198,0.03328648892743499,0.2585722706622071,0.11674954506895655,0.1638446926658824,0.06439862012565113,0.2606608936337689,False,False,NO_MOTION/VERIFIED,nan,False,False,False,337.0,0.03903397103777199,50.0,0.3840597189630231,1092.0,0.2367849662029022,252.0,0.03258905273591338,NO_MOTION,VERIFIED,no motion; geometry verified by background
47,approach,False,-16.512400817871093,-0.4939002990722656,11.256,11.43,-15.663000106811523,-16.058000564575195,11.503,11.661,-16.201000213623047,-16.547000885009766,625.0,1460.0,635.0,0.007185059133917093,0.024891847744584084,0.9138025891923118,False,nan,nan,0.6972829478135659,1.2651984217736123,0.05055307208205901,0.3415148176402859,0.02510345790520422,0.2729966429392184,0.10689521739326745,0.15473242754799682,0.06217380867041003,0.23865962710559552,False,False,NO_MOTION/VERIFIED,nan,False,False,False,336.0,0.034484097067268266,62.0,0.23016753956121472,1062.0,0.2156484868120949,235.0,0.03054879946342333,NO_MOTION,VERIFIED,no motion; geometry verified by background
48,approach,False,-16.80720043182373,-0.29479961395263743,11.503,11.661,-16.201000213623047,-16.547000885009766,11.75,11.927,-16.673999786376953,-16.82200050354004,631.0,1462.0,639.0,0.007936682552099228,0.023535864427685738,0.8055794662903194,False,nan,nan,1.360513104496715,1.5240310970316964,0.040382001301449685,0.22503069732983982,0.02551015182041969,0.17156605749034928,0.09553549795022662,0.2433369725201912,0.06358447769776884,0.21329734736649222,False,False,NO_MOTION/VERIFIED,nan,False,False,False,348.0,0.05532710104766432,48.0,0.295966165938064,1066.0,0.3346228616123689,247.0,0.03641759969498936,NO_MOTION,VERIFIED,no motion; geometry verified by background
49,approach,False,-16.543799781799315,0.2634006500244155,11.75,11.927,-16.673999786376953,-16.82200050354004,11.994,12.168,-16.839000701904297,-16.51099967956543,664.0,1487.0,665.0,0.006685679312795401,0.018856197595596313,0.1869798857675652,False,nan,nan,0.4482867689686354,0.5986024491174777,0.0737215952844244,0.17797294308392575,0.03102930323850467,0.13271282155885017,0.10665421196670977,0.4073135504786942,0.07225516234988769,0.23812154629491647,False,False,NO_MOTION/VERIFIED,nan,False,False,False,325.0,0.12754281897772712,0.0,nan,1162.0,0.5439397873519564,213.0,0.07999405600869451,NO_MOTION,VERIFIED,no motion; geometry verified by background
50,dwell_start,False,-16.514299964904787,0.029499816894528408,11.994,12.168,-16.839000701904297,-16.51099967956543,12.277,12.432,-16.517000198364258,-16.513999938964844,658.0,1605.0,658.0,0.003746453206986189,0.010768582113087177,0.02970687981489961,False,nan,nan,0.07788587640094766,0.126202512975509,0.01663035030270761,0.08734429759958148,0.02003117193644926,0.061951557937975174,0.036184343645233145,0.051561067500615856,0.06724035459402217,0.08078698160705522,False,False,NO_MOTION/VERIFIED,nan,False,False,False,378.0,0.019998359579902578,0.0,nan,1227.0,0.07189799854023146,271.0,0.01766682420639137,NO_MOTION,VERIFIED,no motion; geometry verified by background
51,dwell_start,False,-16.513999938964844,0.00030002593994282734,12.277,12.432,-16.517000198364258,-16.513999938964844,12.507,12.667,-16.513999938964844,-16.513999938964844,684.0,1577.0,684.0,0.003908752463757992,0.011211003176867962,0.025596039926802844,True,0.00672807160628131,0.04664042190557817,nan,nan,nan,nan,nan,nan,nan,nan,nan,0.10413174669060551,False,False,NO_MOTION/NOT_CHECKED,nan,False,False,False,nan,nan,nan,nan,nan,nan,nan,nan,NO_MOTION,NOT_CHECKED,no motion; geometry not checked
52,dwell_start,False,-16.513999938964844,0.0,12.507,12.667,-16.513999938964844,-16.513999938964844,12.742,12.933,-16.513999938964844,-16.513999938964844,721.0,1489.0,721.0,0.00400199368596077,0.011976934038102627,0.03815984287703312,True,0.020619331384322658,0.06330651752437497,nan,nan,nan,nan,nan,nan,nan,nan,nan,0.14134130819095714,False,False,NO_MOTION/NOT_CHECKED,nan,False,False,False,nan,nan,nan,nan,nan,nan,nan,nan,NO_MOTION,NOT_CHECKED,no motion; geometry not checked
53,dwell_start,False,-16.513999938964844,0.0,12.742,12.933,-16.513999938964844,-16.513999938964844,13.006,13.165,-16.513999938964844,-16.513999938964844,747.0,1475.0,747.0,0.0037126236129552126,0.011747785843908787,0.02456460767409476,True,0.013083422770313087,0.041632252232888925,nan,nan,nan,nan,nan,nan,nan,nan,nan,0.09295025573420237,False,False,NO_MOTION/NOT_CHECKED,nan,False,False,False,nan,nan,nan,nan,nan,nan,nan,nan,NO_MOTION,NOT_CHECKED,no motion; geometry not checked
54,dwell_start,False,-16.513999938964844,0.0,13.006,13.165,-16.513999938964844,-16.513999938964844,13.258,13.43,-16.513999938964844,-16.513999938964844,713.0,1496.0,713.0,0.003723269561305642,0.01093902625143528,0.01833002025633355,True,0.004501221774778271,0.022993029880016416,nan,nan,nan,nan,nan,nan,nan,nan,nan,0.05133539246198447,False,False,NO_MOTION/NOT_CHECKED,nan,False,False,False,nan,nan,nan,nan,nan,nan,nan,nan,NO_MOTION,NOT_CHECKED,no motion; geometry not checked
55,dwell_start,False,-16.513999938964844,0.0,13.258,13.43,-16.513999938964844,-16.513999938964844,13.522,13.668,-16.513999938964844,-16.513999938964844,668.0,1555.0,668.0,0.003740299493074417,0.010668580420315266,0.02043501953819803,True,0.004353101699478542,0.02222996104665936,nan,nan,nan,nan,nan,nan,nan,nan,nan,0.04963172668847376,False,False,NO_MOTION/NOT_CHECKED,nan,False,False,False,nan,nan,nan,nan,nan,nan,nan,nan,NO_MOTION,NOT_CHECKED,no motion; geometry not checked
56,dwell_start,False,-16.513999938964844,0.0,13.522,13.668,-16.513999938964844,-16.513999938964844,13.735,13.941,-16.513999938964844,-16.513999938964844,699.0,1528.0,699.0,0.0034508148673921824,0.010854575783014297,0.021026808956646464,True,0.00898085030880651,0.03488364526694991,nan,nan,nan,nan,nan,nan,nan,nan,nan,0.07788297712951271,False,False,NO_MOTION/NOT_CHECKED,nan,False,False,False,nan,nan,nan,nan,nan,nan,nan,nan,NO_MOTION,NOT_CHECKED,no motion; geometry not checked
57,dwell_start,False,-16.513999938964844,0.0,13.735,13.941,-16.513999938964844,-16.513999938964844,14.035,14.165,-16.513999938964844,-16.513999938964844,652.0,1623.0,652.0,0.0035777874290943146,0.010967638343572617,0.018021431553819543,True,0.004057410171522889,0.0216024031303398,nan,nan,nan,nan,nan,nan,nan,nan,nan,0.0482306093892313,False,False,NO_MOTION/NOT_CHECKED,nan,False,False,False,nan,nan,nan,nan,nan,nan,nan,nan,NO_MOTION,NOT_CHECKED,no motion; geometry not checked
58,dwell_start,False,-16.513999938964844,0.0,14.035,14.165,-16.513999938964844,-16.513999938964844,14.235,14.433,-16.513999938964844,-16.513999938964844,702.0,1540.0,702.0,0.0037454029079526663,0.011669669300317764,0.03541176427849226,True,0.02324039603859618,0.06212231459063284,nan,nan,nan,nan,nan,nan,nan,nan,nan,0.13869739728945737,False,False,NO_MOTION/NOT_CHECKED,nan,False,False,False,nan,nan,nan,nan,nan,nan,nan,nan,NO_MOTION,NOT_CHECKED,no motion; geometry not checked
59,dwell_start,False,-16.51580066680908,-0.0018007278442375707,14.235,14.433,-16.513999938964844,-16.513999938964844,14.519,14.664,-16.513999938964844,-16.516000747680664,722.0,1485.0,722.0,0.003681402187794447,0.010622995905578136,0.02208076227066589,True,0.009428712850041552,0.02481903699359952,nan,nan,nan,nan,nan,nan,nan,nan,nan,0.05541222758564227,False,False,NO_MOTION/NOT_CHECKED,nan,False,False,False,nan,nan,nan,nan,nan,nan,nan,nan,NO_MOTION,NOT_CHECKED,no motion; geometry not checked
60,dwell_start,False,-16.516000747680664,-0.0002000808715827418,14.519,14.664,-16.513999938964844,-16.516000747680664,14.751,14.935,-16.516000747680664,-16.516000747680664,692.0,1566.0,692.0,0.003781688865274191,0.010506625287234783,0.020155656640361633,True,0.007202449022885474,0.029228653819202352,nan,nan,nan,nan,nan,nan,nan,nan,nan,0.06525735941605113,False,False,NO_MOTION/NOT_CHECKED,nan,False,False,False,nan,nan,nan,nan,nan,nan,nan,nan,NO_MOTION,NOT_CHECKED,no motion; geometry not checked
61,dwell_start,False,-16.516000747680664,0.0,14.751,14.935,-16.516000747680664,-16.516000747680664,15.032,15.163,-16.516000747680664,-16.516000747680664,693.0,1542.0,693.0,0.0037570102140307426,0.010281292721629143,0.0197348153365554,True,0.007633719606729196,0.0278012713171816,nan,nan,nan,nan,nan,nan,nan,nan,nan,0.06207051360595242,False,False,NO_MOTION/NOT_CHECKED,nan,False,False,False,nan,nan,nan,nan,nan,nan,nan,nan,NO_MOTION,NOT_CHECKED,no motion; geometry not checked
62,dwell_start,False,-16.516000747680664,0.0,15.032,15.163,-16.516000747680664,-16.516000747680664,15.238,15.429,-16.516000747680664,-16.516000747680664,705.0,1512.0,705.0,0.003906369209289551,0.01147257536649704,0.029066355323258186,True,0.018432276477345057,0.05567597589935655,nan,nan,nan,nan,nan,nan,nan,nan,nan,0.1243049780047264,False,False,NO_MOTION/NOT_CHECKED,nan,False,False,False,nan,nan,nan,nan,nan,nan,nan,nan,NO_MOTION,NOT_CHECKED,no motion; geometry not checked
63,dwell_start,False,-16.516000747680664,0.0,15.238,15.429,-16.516000747680664,-16.516000747680664,15.528,15.667,-16.516000747680664,-16.516000747680664,678.0,1552.0,678.0,0.00380346504971385,0.011291480623185635,0.021489390662439965,True,0.005593810059049905,0.03838481493076008,nan,nan,nan,nan,nan,nan,nan,nan,nan,0.08569986423423911,False,False,NO_MOTION/NOT_CHECKED,nan,False,False,False,nan,nan,nan,nan,nan,nan,nan,nan,NO_MOTION,NOT_CHECKED,no motion; geometry not checked
64,dwell_start,False,-16.516000747680664,0.0,15.528,15.667,-16.516000747680664,-16.516000747680664,15.74,15.959,-16.516000747680664,-16.516000747680664,644.0,1647.0,644.0,0.003536088392138481,0.010834847576916218,0.030130825073871395,True,0.021378268958918752,0.06086644894260661,nan,nan,nan,nan,nan,nan,nan,nan,nan,0.13589348861550818,False,False,NO_MOTION/NOT_CHECKED,nan,False,False,False,nan,nan,nan,nan,nan,nan,nan,nan,NO_MOTION,NOT_CHECKED,no motion; geometry not checked
65,dwell_start,False,-16.516000747680664,0.0,15.74,15.959,-16.516000747680664,-16.516000747680664,16.057,16.376,-16.516000747680664,-16.516000747680664,690.0,1550.0,690.0,0.0038022235967218876,0.011293531395494938,0.03556750347607637,True,0.02035049718433533,0.056460739608241536,nan,nan,nan,nan,nan,nan,nan,nan,nan,0.12605708084614212,False,False,NO_MOTION/NOT_CHECKED,nan,False,False,False,nan,nan,nan,nan,nan,nan,nan,nan,NO_MOTION,NOT_CHECKED,no motion; geometry not checked
66,dwell_start,False,-16.516000747680664,0.0,16.057,16.376,-16.516000747680664,-16.516000747680664,16.443,16.561,-16.516000747680664,-16.516000747680664,713.0,1484.0,713.0,0.0035589307080954313,0.010455729439854622,0.025094941142257757,True,0.012869246486482522,0.0397562983262735,nan,nan,nan,nan,nan,nan,nan,nan,nan,0.08876190689373946,False,False,NO_MOTION/NOT_CHECKED,nan,False,False,False,nan,nan,nan,nan,nan,nan,nan,nan,NO_MOTION,NOT_CHECKED,no motion; geometry not checked
67,dwell_start,False,-16.516000747680664,0.0,16.443,16.561,-16.516000747680664,-16.516000747680664,16.645,16.797,-16.516000747680664,-16.516000747680664,680.0,1517.0,680.0,0.0035515944473445415,0.010608523152768612,0.023549187440477508,True,0.012239880646486711,0.03773923940682635,nan,nan,nan,nan,nan,nan,nan,nan,nan,0.08425851991998706,False,False,NO_MOTION/NOT_CHECKED,nan,False,False,False,nan,nan,nan,nan,nan,nan,nan,nan,NO_MOTION,NOT_CHECKED,no motion; geometry not checked
68,dwell_start,False,-16.516000747680664,0.0,16.645,16.797,-16.516000747680664,-16.516000747680664,16.882,17.064,-16.516000747680664,-16.516000747680664,673.0,1558.0,673.0,0.004019525367766619,0.012055749073624611,0.027961600535512325,True,0.014116726345488996,0.04573350170762089,nan,nan,nan,nan,nan,nan,nan,nan,nan,0.10210691114101572,False,False,NO_MOTION/NOT_CHECKED,nan,False,False,False,nan,nan,nan,nan,nan,nan,nan,nan,NO_MOTION,NOT_CHECKED,no motion; geometry not checked
69,dwell_start,False,-16.516000747680664,0.0,16.882,17.064,-16.516000747680664,-16.516000747680664,17.127,17.294,-16.516000747680664,-16.516000747680664,699.0,1536.0,699.0,0.003790204646065831,0.01139927189797163,0.0203544962431175,True,0.00658597032688991,0.026811447013807888,nan,nan,nan,nan,nan,nan,nan,nan,nan,0.05986058218989915,False,False,NO_MOTION/NOT_CHECKED,nan,False,False,False,nan,nan,nan,nan,nan,nan,nan,nan,NO_MOTION,NOT_CHECKED,no motion; geometry not checked
70,dwell_start,False,-16.516000747680664,0.0,17.127,17.294,-16.516000747680664,-16.516000747680664,17.382,17.56,-16.516000747680664,-16.516000747680664,678.0,1507.0,678.0,0.003937667701393366,0.012338981032371521,0.019375912679484575,True,0.0027975822147609567,0.030778430135313894,nan,nan,nan,nan,nan,nan,nan,nan,nan,0.06871746779807084,False,False,NO_MOTION/NOT_CHECKED,nan,False,False,False,nan,nan,nan,nan,nan,nan,nan,nan,NO_MOTION,NOT_CHECKED,no motion; geometry not checked
71,dwell_start,False,-16.516000747680664,0.0,17.382,17.56,-16.516000747680664,-16.516000747680664,17.621,17.794,-16.516000747680664,-16.516000747680664,686.0,1545.0,686.0,0.003676449880003929,0.011466171592473984,0.02000557839280235,True,0.01043012780764768,0.026868527102888718,nan,nan,nan,nan,nan,nan,nan,nan,nan,0.0599880220614611,False,False,NO_MOTION/NOT_CHECKED,nan,False,False,False,nan,nan,nan,nan,nan,nan,nan,nan,NO_MOTION,NOT_CHECKED,no motion; geometry not checked
72,dwell_start,False,-16.516000747680664,0.0,17.621,17.794,-16.516000747680664,-16.516000747680664,17.88,18.062,-16.516000747680664,-16.516000747680664,670.0,1574.0,670.0,0.0037211421877145767,0.011811409145593643,0.019137391102964897,True,0.0034293607735014276,0.02136067281367718,nan,nan,nan,nan,nan,nan,nan,nan,nan,0.04769091015252389,False,False,NO_MOTION/NOT_CHECKED,nan,False,False,False,nan,nan,nan,nan,nan,nan,nan,nan,NO_MOTION,NOT_CHECKED,no motion; geometry not checked
73,dwell_start,False,-16.516000747680664,0.0,17.88,18.062,-16.516000747680664,-16.516000747680664,18.16,18.298,-16.516000747680664,-16.516000747680664,686.0,1552.0,686.0,0.0036689648404717445,0.011187977157533169,0.02222770882560404,True,0.00863446982182237,0.03479483909193986,nan,nan,nan,nan,nan,nan,nan,nan,nan,0.07768470400626717,False,False,NO_MOTION/NOT_CHECKED,nan,False,False,False,nan,nan,nan,nan,nan,nan,nan,nan,NO_MOTION,NOT_CHECKED,no motion; geometry not checked
74,sweep,True,-16.105399513244627,0.4106012344360366,18.16,18.298,-16.516000747680664,-16.516000747680664,18.391,18.561,-16.38800048828125,-16.073999404907227,658.0,1575.0,660.0,0.00877401139587164,0.02564675360918045,0.3274893985193267,False,nan,nan,1.1520300857467118,1.5268722493421534,0.09410154226067322,0.2402218446736248,0.017725512762238233,0.12365572997720328,0.10413908311544343,0.1483968156756704,0.0698186352784116,0.23250614339473438,False,False,NO_MOTION/VERIFIED,nan,False,False,False,319.0,0.04283111581015962,32.0,0.11517918328106569,1224.0,0.18376995220795167,224.0,0.030073675315466144,NO_MOTION,VERIFIED,no motion; geometry verified by background
75,sweep,True,-15.62760009765625,0.47779941558837713,18.391,18.561,-16.38800048828125,-16.073999404907227,18.657,18.795,-15.902999877929688,-15.597000122070312,717.0,1403.0,746.0,0.008276061154901981,0.02619989961385727,0.8218847325236385,False,nan,nan,1.3345489983835985,1.5361358867445634,0.11619765147997978,0.3169255842047848,0.028978631316475722,0.1833689834759391,0.10533390808276875,0.11118462149383342,0.06875951919644421,0.23517376958150032,False,False,NO_MOTION/VERIFIED,nan,False,False,False,234.0,0.03502092884274348,30.0,0.20120042894706783,1139.0,0.13348402209108903,135.0,0.029350305667432255,NO_MOTION,VERIFIED,no motion; geometry verified by background
76,sweep,True,-15.063499641418456,0.564100456237794,18.657,18.795,-15.902999877929688,-15.597000122070312,18.888,19.062,-15.40999984741211,-15.024999618530273,653.0,1392.0,675.0,0.008840885013341904,0.028539618477225304,1.0600522571740372,False,nan,nan,1.9683996351298987,3.2453334510095933,0.2506688915842406,0.3646152766376377,0.03823568751211556,0.21175231738808606,0.11865567118674733,0.16928747931996402,0.06708072751093058,0.26491660646715554,False,False,NO_MOTION/VERIFIED,nan,False,False,False,255.0,0.03731495030773551,42.0,0.18319552674532275,1095.0,0.21398740708258246,158.0,0.029065462759863603,NO_MOTION,VERIFIED,no motion; geometry verified by background
77,sweep,True,-14.562300109863282,0.5011995315551747,18.888,19.062,-15.40999984741211,-15.024999618530273,19.153,19.294,-14.843999862670898,-14.531000137329102,615.0,1486.0,628.0,0.00719930324703455,0.024120818823575974,0.9480683064369311,False,nan,nan,1.3060912044855706,1.5193016119924394,0.26517127892123976,0.5630634148866968,0.037450675781296947,0.20048874404489292,0.11632603295934081,0.1314238681766368,0.06363837135687722,0.2597153392430262,False,False,NO_MOTION/VERIFIED,nan,False,False,False,353.0,0.028852939530598053,56.0,0.23661180002069615,1077.0,0.19200184258039002,259.0,0.023508231788653324,NO_MOTION,VERIFIED,no motion; geometry verified by background
78,sweep,True,-14.023500061035156,0.5388000488281257,19.153,19.294,-14.843999862670898,-14.531000137329102,19.384,19.564,-14.361000061035156,-13.986000061035156,603.0,1525.0,615.0,0.007390044163912535,0.02156706526875496,1.0696328945385796,False,nan,nan,0.946758850354731,1.3208774482461036,0.07948216954465671,0.23067072921221168,0.03525845672519589,0.2419569580175302,0.13494349282648277,0.17779867527402032,0.06306108871238304,0.3012816144974076,False,False,NO_MOTION/VERIFIED,nan,False,False,False,353.0,0.03957133454968296,61.0,0.23835273673479238,1111.0,0.2656758947120553,255.0,0.0312612391747611,NO_MOTION,VERIFIED,no motion; geometry verified by background
79,sweep,True,-13.550700283050537,0.47279977798461914,19.384,19.564,-14.361000061035156,-13.986000061035156,19.627,19.793,-13.871999740600586,-13.515000343322754,640.0,1450.0,677.0,0.007642002776265144,0.02563125267624855,0.917688857302927,False,nan,nan,1.6503484416571914,1.820780324280284,0.03542062718456917,0.14980139073728937,0.040852767457857445,0.1968895530413201,0.1070897406362468,0.14881514142489796,0.06689838404643327,0.23909392946041486,False,False,NO_MOTION/VERIFIED,nan,False,False,False,324.0,0.0349973810663933,37.0,0.2495564679586476,1089.0,0.20421302451417894,221.0,0.025977494979308357,NO_MOTION,VERIFIED,no motion; geometry verified by background
80,sweep,True,-12.990800094604491,0.5599001884460453,19.627,19.793,-13.871999740600586,-13.515000343322754,19.882,20.062,-13.331000328063965,-12.95300006866455,626.0,1473.0,646.0,0.008528252132236958,0.02534586563706398,1.0724561966688546,False,nan,nan,1.2201015641904347,1.6220775165278218,0.022937968627336762,0.2611743895913884,0.036927034110040904,0.3183278448878918,0.19132517928860143,0.1692882378330105,0.06565059650453245,0.4271621973220732,False,False,NO_MOTION/VERIFIED,nan,False,False,False,339.0,0.03307150675972831,36.0,0.3121734270539446,1098.0,0.24336129389751893,247.0,0.02973006610518559,NO_MOTION,VERIFIED,no motion; geometry verified by background
81,sweep,True,-12.187100028991699,0.8037000656127926,19.882,20.062,-13.331000328063965,-12.95300006866455,20.166,20.452,-12.746000289916992,-12.125,614.0,1415.0,640.0,0.008478745818138123,0.026733001694083214,1.4523019147653744,False,nan,nan,1.3254694119977188,1.8452035653818681,0.08194551415912071,0.3383138001207463,0.04679089197388882,0.4066457889405322,0.1435902879415783,0.2226626063774087,0.06437785634726613,0.32058688322832796,False,False,NO_MOTION/VERIFIED,nan,False,False,False,300.0,0.03757268885258351,37.0,0.3675819481975484,1078.0,0.320081454480279,221.0,0.030392989616594264,NO_MOTION,VERIFIED,no motion; geometry verified by background
82,sweep,True,-11.695799732208252,0.49130029678344656,20.166,20.452,-12.746000289916992,-12.125,20.543,20.662,-11.937000274658203,-11.668999671936035,614.0,1457.0,630.0,0.00794187281280756,0.026065697893500328,0.9073172579481903,False,nan,nan,1.4249099693160996,1.6110543385076213,0.5255360825092616,0.751713998230962,0.032441824323738336,0.2218545823214455,0.1100571532469101,0.14755861654214528,0.06574206259481782,0.24571912378060481,False,False,NO_MOTION/VERIFIED,nan,False,False,False,336.0,0.03289807365623609,34.0,0.31562348307171073,1087.0,0.19296367727435096,259.0,0.027019998316093894,NO_MOTION,VERIFIED,no motion; geometry verified by background
83,sweep,True,-11.143599605560302,0.5522001266479499,20.543,20.662,-11.937000274658203,-11.668999671936035,20.723,20.924,-11.553999900817871,-11.097999572753906,615.0,1438.0,627.0,0.00801515020430088,0.02536696568131447,1.0603499476357732,False,nan,nan,1.966410644311234,2.1627292902865567,0.1358720209460907,0.23891901255637155,0.03148814779144585,0.3623477211599196,0.10857885389062724,0.18774176452593053,0.06470723883006069,0.2424185984463149,False,False,NO_MOTION/VERIFIED,nan,False,False,False,317.0,0.032533931435170596,47.0,0.24081182765200354,1074.0,0.25867431832015986,243.0,0.028122179060739275,NO_MOTION,VERIFIED,no motion; geometry verified by background
84,sweep,True,-10.638800239562988,0.5047993659973145,20.723,20.924,-11.553999900817871,-11.097999572753906,20.989,21.161,-10.970000267028809,-10.60200023651123,649.0,1437.0,674.0,0.007161689456552267,0.02415689080953598,0.9079883124343381,False,nan,nan,1.4262510777774453,3.6060818847525447,0.12336803121082708,2.2367218534033766,0.024212848678215448,2.403683532420086,0.16066704460279813,0.13932122373164788,0.0696914708852889,0.35871330718185096,False,False,NO_MOTION/VERIFIED,nan,False,False,False,316.0,0.025932144605650846,36.0,0.35393828349386447,1085.0,0.18505790935898409,244.0,0.021886936554866943,NO_MOTION,VERIFIED,no motion; geometry verified by background
85,sweep,True,-10.087500190734863,0.551300048828125,20.989,21.161,-10.970000267028809,-10.60200023651123,21.222,21.427,-10.48799991607666,-10.043000221252441,650.0,1375.0,681.0,0.008462619036436081,0.022600719705224037,1.0415586695944903,False,nan,nan,1.7905723658713264,5.907336419056881,0.15051768965247458,4.993016436983647,0.027070757814216986,4.67971287685233,0.18471903700182046,0.18478743832990116,0.06737130523936145,0.4124129925099508,False,False,NO_MOTION/VERIFIED,nan,False,False,False,268.0,0.029304162412470892,35.0,0.26778869832600444,1072.0,0.24469548420695833,200.0,0.022855874416242004,NO_MOTION,VERIFIED,no motion; geometry verified by background
86,sweep,True,-9.586899852752685,0.5006003379821777,21.222,21.427,-10.48799991607666,-10.043000221252441,21.488,21.667,-9.928000450134277,-9.548999786376953,629.0,1424.0,635.0,0.007705250289291143,0.02279037795960903,0.8944552543612447,False,nan,nan,1.6715370448992992,1.868305326118566,0.5425975761413493,0.8118571989182328,0.024765715924351582,0.2776270873017985,0.14689583613392682,0.149088356818258,0.06512045329553143,0.3279670160182086,False,False,NO_MOTION/VERIFIED,nan,False,False,False,312.0,0.0221003073929181,39.0,0.450407808158443,1073.0,0.19020590974286786,244.0,0.01917233476016801,NO_MOTION,VERIFIED,no motion; geometry verified by background
87,sweep,True,-8.802199840545654,0.7847000122070309,21.488,21.667,-9.928000450134277,-9.548999786376953,21.817,22.061,-9.362000465393066,-8.739999771118164,626.0,1354.0,644.0,0.00895014125853777,0.026264920830726624,1.5829300745933699,False,nan,nan,1.5858205933144287,1.9440420663600182,0.17271761571671912,1.0242923595102744,0.03645480307013413,0.43703850693296786,0.09570499931583826,0.33128730477555546,0.06328672850534525,0.21367578462212675,False,False,NO_MOTION/VERIFIED,nan,False,False,False,259.0,0.036485810238865435,46.0,0.23994294544287836,1049.0,0.46114751530837733,215.0,0.030233623246454552,NO_MOTION,VERIFIED,no motion; geometry verified by background
88,sweep,True,-8.289000320434571,0.5131995201110833,21.817,22.061,-9.362000465393066,-8.739999771118164,22.122,22.296,-8.630999565124512,-8.25100040435791,659.0,1372.0,665.0,0.008576254360377789,0.022508298978209496,0.8884613987185963,False,nan,nan,1.3430300085227276,1.535326490373444,0.2512790407182993,0.47002392684917493,0.027844226213246902,0.2724854434471021,0.11741889114181739,0.1225857903724975,0.06692444527621191,0.2621553092685288,False,False,NO_MOTION/VERIFIED,nan,False,False,False,289.0,0.0276239011081266,34.0,0.1738502846034103,1049.0,0.17025398765368133,218.0,0.023044127381838336,NO_MOTION,VERIFIED,no motion; geometry verified by background
89,sweep,True,-7.729299879074096,0.5597004413604747,22.122,22.296,-8.630999565124512,-8.25100040435791,22.393,22.561,-8.0649995803833,-7.691999912261963,671.0,1328.0,676.0,0.007980740629136562,0.023176750168204308,1.0432463834420322,False,nan,nan,1.9825858419251357,2.3078502233327822,0.07480130789864005,0.31196052470110114,0.029907382150673567,0.3414576308731099,0.08865838582154946,0.17546296327469146,0.06978959250941032,0.19794316168618104,False,False,NO_MOTION/VERIFIED,nan,False,False,False,267.0,0.026738241062841065,30.0,0.15913706645640968,1031.0,0.23969233304446985,206.0,0.021376449245625727,NO_MOTION,VERIFIED,no motion; geometry verified by background
90,sweep,True,-7.211700105667115,0.5175997734069817,22.393,22.561,-8.0649995803833,-7.691999912261963,22.644,22.8,-7.5329999923706055,-7.176000118255615,681.0,1397.0,686.0,0.008204178884625435,0.023084403946995735,0.8979962928035484,False,nan,nan,1.099069861862688,1.4846493344170861,0.029639324624034645,0.4402688328233043,0.027356436159084136,0.3459633193480046,0.10359030546895469,0.12876372323979574,0.06817400424959492,0.2312809148796639,False,False,NO_MOTION/VERIFIED,nan,False,False,False,284.0,0.03332234023036708,28.0,0.3457709940096486,1085.0,0.16509470578756433,217.0,0.02441137394225901,NO_MOTION,VERIFIED,no motion; geometry verified by background
91,sweep,True,-6.662699937820435,0.54900016784668,22.644,22.8,-7.5329999923706055,-7.176000118255615,22.892,23.061,-6.993000030517578,-6.625999927520752,642.0,1366.0,650.0,0.007633970584720373,0.02256361022591591,1.0561780507514476,False,nan,nan,1.3164851204937995,1.5223632135730394,0.33428141239637754,0.6723358709349779,0.03467560578086398,0.34612689662748775,0.12178024967418014,0.17291032277861235,0.06774832560325998,0.2718926972115095,False,False,NO_MOTION/VERIFIED,nan,False,False,False,280.0,0.029393337444897052,35.0,0.41813472787993444,1051.0,0.2428785095832528,221.0,0.024093742666629316,NO_MOTION,VERIFIED,no motion; geometry verified by background
92,sweep,True,-6.166200160980225,0.49649977684020996,22.892,23.061,-6.993000030517578,-6.625999927520752,23.155,23.296,-6.438000202178955,-6.136000156402588,652.0,1372.0,656.0,0.0076714009046554565,0.02258799970149994,0.9088697198112876,False,nan,nan,1.3066930158373185,1.5785037617753346,0.05160310708090081,0.5246696664006785,0.02946445584684053,0.28253736543250607,0.09976858059315521,0.14703847110321003,0.06827207321654191,0.22274834012093642,False,False,NO_MOTION/VERIFIED,nan,False,False,False,275.0,0.0254683863676809,28.0,0.2388977685972483,1069.0,0.19345473283970946,218.0,0.021925355672501222,NO_MOTION,VERIFIED,no motion; geometry verified by background
93,sweep,True,-5.6135002136230465,0.5526999473571781,23.155,23.296,-6.438000202178955,-6.136000156402588,23.39,23.561,-5.951000213623047,-5.576000213623047,641.0,1332.0,644.0,0.008211440406739712,0.021375901997089386,1.076237014191477,False,nan,nan,1.5022413988583363,1.8093623713032572,0.06244275145689351,0.39567999843358065,0.04136822041952314,0.34895602350232857,0.12960266708990806,0.18155162136792533,0.06671764955459805,0.2893574189177542,False,False,NO_MOTION/VERIFIED,nan,False,False,False,272.0,0.03225679902939438,34.0,0.2078421403050374,1026.0,0.2413758856595091,212.0,0.02450571007564211,NO_MOTION,VERIFIED,no motion; geometry verified by background
94,sweep,True,-5.103600072860718,0.5099001407623289,23.39,23.561,-5.951000213623047,-5.576000213623047,23.63,23.799,-5.451000213623047,-5.065000057220459,628.0,1370.0,631.0,0.00785980187356472,0.02251604199409485,0.9135407356701337,False,nan,nan,1.6197880151000827,1.822503041525101,0.038448431058584226,0.28803327615765534,0.02998396611762877,0.32815211393348903,0.10344393871379548,0.13593275098706167,0.06668546563658949,0.23095412911638286,False,False,NO_MOTION/VERIFIED,nan,False,False,False,287.0,0.031089893361026785,33.0,0.11259835574496067,1050.0,0.18254616781241392,225.0,0.025029107769869465,NO_MOTION,VERIFIED,no motion; geometry verified by background
95,sweep,True,-4.562899923324585,0.540700149536133,23.63,23.799,-5.451000213623047,-5.065000057220459,23.864,24.061,-4.940000057220459,-4.520999908447266,642.0,1377.0,645.0,0.008030937053263187,0.022498449310660362,1.0664872532845209,False,nan,nan,1.9096581244643613,2.367290878385792,0.0743262662262327,0.40787252377698746,0.03905542483443426,0.25488427232582284,0.09478312808204784,0.19119062604756135,0.06991881306065494,0.2116175686395878,False,False,NO_MOTION/VERIFIED,nan,False,False,False,266.0,0.03357297081478432,32.0,0.23092385703762847,1079.0,0.25505454933737476,202.0,0.026127792198941922,NO_MOTION,VERIFIED,no motion; geometry verified by background
96,sweep,True,-4.067700052261353,0.4951998710632317,23.864,24.061,-4.940000057220459,-4.520999908447266,24.129,24.295,-4.388999938964844,-4.0320000648498535,684.0,1357.0,690.0,0.008339755237102509,0.02291259355843067,0.9148025968407512,False,nan,nan,1.5740023474169957,1.8421037330693406,0.0999689309143767,0.34878068530725875,0.031421594626267674,0.32730358660028425,0.14374530683556555,0.15029648190295408,0.0702163786488531,0.32093298619098165,False,False,NO_MOTION/VERIFIED,nan,False,False,False,256.0,0.025277293711581435,23.0,0.20583048360094325,1078.0,0.1923717556514027,205.0,0.021124896701339043,NO_MOTION,VERIFIED,no motion; geometry verified by background
97,sweep,True,-3.5169000387191773,0.5508000135421756,24.129,24.295,-4.388999938964844,-4.0320000648498535,24.359,24.566,-3.9119999408721924,-3.4730000495910645,653.0,1354.0,661.0,0.008350281044840813,0.022818073630332947,1.0565224539804414,False,nan,nan,1.9702196562774743,2.3520093893752465,0.05681386324687878,0.4238425375060394,0.02716609067339913,0.35919061519703405,0.11460347014987256,0.18381693654435988,0.06865543773255364,0.25586945906429753,False,False,NO_MOTION/VERIFIED,nan,False,False,False,265.0,0.02899698090330186,32.0,0.2765487289243722,1057.0,0.24811182201125143,215.0,0.02339236665562911,NO_MOTION,VERIFIED,no motion; geometry verified by background
98,sweep,True,-3.026200008392334,0.4907000303268432,24.359,24.566,-3.9119999408721924,-3.4730000495910645,24.629,24.793,-3.3519999980926514,-2.990000009536743,665.0,1319.0,672.0,0.007098207715898752,0.02021302841603756,0.8956823105450462,False,nan,nan,1.6392961698731086,1.9437462364806615,0.06398072133156074,0.35828400689981355,0.027597704922734095,0.3312060804662842,0.06272863599572936,0.15190559654770341,0.0672754355343861,0.14005110088794587,False,False,NO_MOTION/VERIFIED,nan,False,False,False,266.0,0.03104180466127953,31.0,0.23182022789975287,1022.0,0.19485014460596847,219.0,0.025020838231684914,NO_MOTION,VERIFIED,no motion; geometry verified by background
99,sweep,True,-2.477299952507019,0.5489000558853152,24.629,24.793,-3.3519999980926514,-2.990000009536743,24.863,25.061,-2.8580000400543213,-2.434999942779541,656.0,1281.0,664.0,0.008099326863884926,0.02406773716211319,1.0482431796072174,False,nan,nan,1.8377139597723127,2.1443295011194032,0.03815316083067828,0.42103247373451036,0.02707206342986452,0.36454760217154697,0.14207701154494962,0.18794255165531285,0.06894232973016753,0.3172082663983682,False,False,NO_MOTION/VERIFIED,nan,False,False,False,249.0,0.03373427532386258,27.0,0.39869119130629505,1005.0,0.2676696778776862,210.0,0.030107384271876682,NO_MOTION,VERIFIED,no motion; geometry verified by background
100,sweep,True,-1.9722999811172486,0.5049999713897704,24.863,25.061,-2.8580000400543213,-2.434999942779541,25.155,25.293,-2.253999948501587,-1.940999984741211,657.0,1354.0,666.0,0.007984415628015995,0.022557048127055168,0.9117625719009856,False,nan,nan,1.3886153166411868,1.7253334208401614,0.02627239334288765,0.2839729309348749,0.02216583934747583,0.345217046839028,0.09071356806241115,0.15513444045932656,0.06928740492213027,0.2025316647006198,False,False,NO_MOTION/VERIFIED,nan,False,False,False,247.0,0.02887676127290989,27.0,0.4387300868067522,1080.0,0.1920686408698642,207.0,0.02516535467613803,NO_MOTION,VERIFIED,no motion; geometry verified by background
101,sweep,True,-1.4084999680519104,0.5638000130653382,25.155,25.293,-2.253999948501587,-1.940999984741211,25.364,25.568,-1.809000015258789,-1.3639999628067017,673.0,1333.0,677.0,0.007583172991871834,0.021554311737418175,1.0608378157021576,False,nan,nan,1.9112063787911313,2.396387909493868,0.020501340008144547,0.38910506633845765,0.02740882129265876,0.3427759405730259,0.09302062501472685,0.17442874233944702,0.06948469417212444,0.20768251583669425,False,False,NO_MOTION/VERIFIED,nan,False,False,False,235.0,0.02824628875190466,25.0,0.2488316138317997,1073.0,0.22626649488706152,205.0,0.024457311412457158,NO_MOTION,VERIFIED,no motion; geometry verified by background
102,sweep,True,-0.8982000172138214,0.510299950838089,25.364,25.568,-1.809000015258789,-1.3639999628067017,25.663,25.795,-1.1610000133514404,-0.8690000176429749,668.0,1311.0,674.0,0.007689581252634525,0.020098313689231873,0.9094675568234272,False,nan,nan,1.5029852800800771,1.9777810797286253,0.0835990928113937,0.30159025275753154,0.027626183138907016,0.22340478437008982,0.08235056931924734,0.1435555554856348,0.0677077700219395,0.18386001399257093,False,False,NO_MOTION/VERIFIED,nan,False,False,False,225.0,0.03277251810820155,21.0,0.6571735102661383,1065.0,0.1868944987070646,195.0,0.028999483085734124,NO_MOTION,VERIFIED,no motion; geometry verified by background
103,sweep,True,-0.3518999844789505,0.5463000327348708,25.663,25.795,-1.1610000133514404,-0.8690000176429749,25.861,26.06,-0.7379999756813049,-0.3089999854564667,662.0,1272.0,664.0,0.008039047941565514,0.024230411276221275,1.0671777141326357,False,nan,nan,1.9657342295947875,2.5053975432334,0.1412612657773024,0.2946049709498673,0.032223374977094335,0.34251206676080376,0.09458472921494326,0.20261696297884435,0.06924984549716934,0.21117461337184043,False,False,NO_MOTION/VERIFIED,nan,False,False,False,219.0,0.024215897210617766,20.0,0.577201761227421,1033.0,0.262294584841324,190.0,0.019754217681004882,NO_MOTION,VERIFIED,no motion; geometry verified by background
104,sweep,True,0.15759999603033065,0.5094999805092811,25.861,26.06,-0.7379999756813049,-0.3089999854564667,26.123,26.296,-0.18799999356269836,0.19599999487400055,704.0,1238.0,708.0,0.007872382178902626,0.02221645601093769,0.8945826023783183,False,nan,nan,1.6541447397062443,2.025374258146635,0.045511807805589256,0.45174151217513137,0.021469544316627828,0.3659359988243535,0.08836152563229459,0.13594019309606978,0.06932237310742102,0.19728037672911966,False,False,NO_MOTION/VERIFIED,nan,False,False,False,245.0,0.027264317001750537,24.0,0.4592368181033958,969.0,0.17941291752215058,215.0,0.02418870250219099,NO_MOTION,VERIFIED,no motion; geometry verified by background
105,sweep,True,0.7165999799966812,0.5589999839663506,26.123,26.296,-0.18799999356269836,0.19599999487400055,26.357,26.563,0.31700000166893005,0.7609999775886536,678.0,1189.0,682.0,0.007900228723883629,0.023175813257694244,1.066277173767126,False,nan,nan,1.7430349047575302,2.0517453155371097,0.07468751777219805,0.40885119809992415,0.02810771210213924,0.3415938359789055,0.07787614558023975,0.18104074616394558,0.06927320762168784,0.17387019099482817,False,False,NO_MOTION/VERIFIED,nan,False,False,False,217.0,0.03277012176467169,24.0,0.6096701651288262,948.0,0.23809472719381164,190.0,0.024802067450516822,NO_MOTION,VERIFIED,no motion; geometry verified by background
106,sweep,True,1.21700000166893,0.5004000216722487,26.357,26.563,0.31700000166893005,0.7609999775886536,26.645,26.792,0.9200000166893005,1.25,678.0,1201.0,684.0,0.00721289636567235,0.02173003740608692,0.8943930978612655,False,nan,nan,1.5718781667643111,1.8814589914984485,0.10836980054365697,0.5183902328252007,0.022548544397059632,0.3403933844857092,0.06800144580842087,0.14485247215967775,0.06892812613326152,0.15182344070242046,False,False,NO_MOTION/VERIFIED,nan,False,False,False,216.0,0.026658738583960256,23.0,0.3883898668140528,962.0,0.1984217216627996,192.0,0.021599497999181604,NO_MOTION,VERIFIED,no motion; geometry verified by background
107,sweep,True,1.7714999914169312,0.5544999897480012,26.645,26.792,0.9200000166893005,1.25,26.855,27.058,1.371000051498413,1.815999984741211,669.0,1162.0,673.0,0.0085503701120615,0.02476557530462742,1.0574334912699541,False,nan,nan,1.4098365013903513,1.7185716798491089,0.12772851256749176,0.4100401625887587,0.03130452242701905,0.3609869231291515,0.10977765433510364,0.198477436467764,0.07037844146003128,0.24509510048288569,False,False,NO_MOTION/VERIFIED,nan,False,False,False,196.0,0.030052549831011556,21.0,0.4103524452468299,945.0,0.25262627734576654,175.0,0.027702285749192226,NO_MOTION,VERIFIED,no motion; geometry verified by background
108,sweep,True,2.2775999426841738,0.5060999512672426,26.855,27.058,1.371000051498413,1.815999984741211,27.144,27.293,1.9859999418258667,2.309999942779541,660.0,1229.0,667.0,0.008004365488886833,0.022117802873253822,0.9242685421577317,False,nan,nan,1.5679428368199717,2.0653361103833348,0.21590735968751806,0.44172209686975594,0.029852654249874627,0.329549648512456,0.07789874553013929,0.1613860236819082,0.0689806137053045,0.1739206487771982,False,False,NO_MOTION/VERIFIED,nan,False,False,False,192.0,0.024364811520176305,12.0,0.1797237789472567,1025.0,0.20215953222461697,167.0,0.02153543152364253,NO_MOTION,VERIFIED,no motion; geometry verified by background
109,sweep,True,2.8227999687194822,0.5452000260353085,27.144,27.293,1.9859999418258667,2.309999942779541,27.393,27.562,2.496999979019165,2.8589999675750732,664.0,1168.0,668.0,0.008463148027658463,0.02271559089422226,1.0507832930390886,False,nan,nan,1.7541493570251254,2.1067026133748152,0.08205980445940915,0.37246533236678037,0.03310002463230098,0.3800235583003487,0.0804085611884027,0.1963101122880358,0.07031789020312366,0.1795241891760286,False,False,NO_MOTION/VERIFIED,nan,False,False,False,208.0,0.03257129768565829,16.0,0.4373723330478494,944.0,0.26180580722070873,187.0,0.02638944826209083,NO_MOTION,VERIFIED,no motion; geometry verified by background
110,sweep,True,3.3241000175476074,0.5013000488281252,27.393,27.562,2.496999979019165,2.8589999675750732,27.658,27.8,3.0460000038146973,3.3550000190734863,683.0,1137.0,692.0,0.007885177619755268,0.02394980937242508,0.9277585078103389,False,nan,nan,1.495776372619964,1.8490141229818202,0.030135654736080885,0.33989632651420887,0.02989537394975188,0.27789188489971706,0.0812343431612678,0.1612699688976944,0.0712177883519427,0.18136787145219113,False,False,NO_MOTION/VERIFIED,nan,False,False,False,195.0,0.034748096496564906,12.0,0.22945450679880067,930.0,0.197343689677071,173.0,0.027554668846033983,NO_MOTION,VERIFIED,no motion; geometry verified by background
111,sweep,True,3.871199917793274,0.5470999002456667,27.658,27.8,3.0460000038146973,3.3550000190734863,27.887,28.059,3.5309998989105225,3.9089999198913574,677.0,1121.0,680.0,0.00829387828707695,0.023691603913903236,1.0440189511834133,False,nan,nan,1.8562055714086911,2.3051046210680592,0.18169533786965006,0.8522290789651528,0.031765179300018105,0.2733710877009981,0.07662516914280511,0.20792385214869438,0.07067936074080072,0.17107719821782072,False,False,NO_MOTION/VERIFIED,nan,False,False,False,185.0,0.030813965529057113,20.0,0.36060449961111096,916.0,0.2673344760709916,170.0,0.027284705706896697,NO_MOTION,VERIFIED,no motion; geometry verified by background
112,sweep,True,4.387800168991089,0.5166002511978149,27.887,28.059,3.5309998989105225,3.9089999198913574,28.133,28.3,4.052999973297119,4.425000190734863,684.0,1098.0,687.0,0.008057625964283943,0.02055632881820202,0.9079242427973824,False,nan,nan,1.5309647972691494,1.9766326576829516,0.31170855759936433,0.6406168040242284,0.025262688056456043,0.3205197641395344,0.1015840436549996,0.15016656977441012,0.07103971268596962,0.2268016340655077,False,False,NO_MOTION/VERIFIED,nan,False,False,False,189.0,0.029949268863831893,12.0,0.617232028839127,897.0,0.18992417314909463,166.0,0.022721122018741675,NO_MOTION,VERIFIED,no motion; geometry verified by background
113,sweep,True,4.924599838256836,0.5367996692657471,28.133,28.3,4.052999973297119,4.425000190734863,28.385,28.562,4.578999996185303,4.9629998207092285,683.0,1074.0,687.0,0.008335769176483154,0.02307390421628952,1.026135135299506,False,nan,nan,1.7262751038202688,2.1689318579032024,0.033453167798189125,0.43936596923591054,0.02416339819740879,0.43436433330607016,0.07469515050347628,0.22239480863881617,0.06993873720402756,0.16676814174175353,False,False,NO_MOTION/VERIFIED,nan,False,False,False,171.0,0.032935056662591396,15.0,0.4258847328797667,888.0,0.27852034631999684,163.0,0.03155017541714714,NO_MOTION,VERIFIED,no motion; geometry verified by background
114,sweep,True,5.406999969482422,0.4824001312255861,28.385,28.562,4.578999996185303,4.9629998207092285,28.636,28.794,5.10099983215332,5.440999984741211,686.0,1047.0,691.0,0.00781431794166565,0.020112456753849983,0.891109404436442,False,nan,nan,1.5748632520029364,1.978862233428519,0.09523610156855819,0.5634967795049219,0.02720812683051778,0.3731355933864102,0.06154298501519691,0.18266398674914236,0.07080564376252738,0.13740395700450883,False,False,NO_MOTION/VERIFIED,nan,False,False,False,156.0,0.027581261579603257,15.0,0.33348980379957965,876.0,0.22415818595018838,145.0,0.025211188448527547,NO_MOTION,VERIFIED,no motion; geometry verified by background
115,sweep,True,5.960699796676636,0.5536998271942135,28.636,28.794,5.10099983215332,5.440999984741211,28.863,29.062,5.579999923706055,6.002999782562256,675.0,1029.0,678.0,0.00784493237733841,0.0222148597240448,1.050922183173235,False,nan,nan,1.852220619083307,2.4193435581627165,0.23849627637248924,0.5389632053993768,0.030552310407286107,0.3728269488336673,0.08807417821895366,0.21471325185360804,0.07315747755700985,0.19663883047298172,False,False,NO_MOTION/VERIFIED,nan,False,False,False,157.0,0.029069405471820783,15.0,0.5811237380933759,857.0,0.2752715674839683,147.0,0.02783567961137071,NO_MOTION,VERIFIED,no motion; geometry verified by background
116,sweep,True,6.448200130462647,0.4875003337860111,28.863,29.062,5.579999923706055,6.002999782562256,29.124,29.297,6.117000102996826,6.485000133514404,691.0,1016.0,696.0,0.007681281305849552,0.021447286009788513,0.8768713340244838,False,nan,nan,1.4740936856470706,2.096989633623177,0.22508759644129195,0.5979783498780886,0.02204229773199453,0.2237992271907399,0.08479863394389717,0.17816668501692268,0.07017899777605803,0.1893256859346547,False,False,NO_MOTION/VERIFIED,nan,False,False,False,137.0,0.029981354296515165,18.0,0.6857746773200427,861.0,0.21224887480324872,128.0,0.027804135558646415,NO_MOTION,VERIFIED,no motion; geometry verified by background
117,sweep,True,7.017800188064575,0.569600057601928,29.124,29.297,6.117000102996826,6.485000133514404,29.36,29.565,6.611000061035156,7.063000202178955,703.0,1012.0,710.0,0.008166175335645676,0.0222563985735178,1.0467840242806226,False,nan,nan,3.2628932485121913,4.176442751237322,0.1291044791721459,0.2527997456369448,0.02548014820585046,0.483605618976928,0.08130415862752832,0.21563913067851515,0.0705206776893881,0.18152374496599522,False,False,NO_MOTION/VERIFIED,nan,False,False,False,144.0,0.03747933345274321,20.0,0.6384604823570603,848.0,0.24662930646680992,131.0,0.02906231960258699,NO_MOTION,VERIFIED,no motion; geometry verified by background
118,sweep,True,7.522500228881836,0.5047000408172613,29.36,29.565,6.611000061035156,7.063000202178955,29.649,29.797,7.2210001945495605,7.556000232696533,718.0,979.0,721.0,0.007734603248536587,0.020166851580142975,0.8804122502779319,False,nan,nan,1.4186133998877286,1.9624087656251767,0.15533104875118003,0.4048531158417117,0.021777113795663067,0.31659320189604323,0.07043333868128454,0.16481253594603607,0.07044127051100912,0.1572530067798543,False,False,NO_MOTION/VERIFIED,nan,False,False,False,133.0,0.016883761880579436,22.0,0.3800770653402198,824.0,0.20181876997340753,131.0,0.01676204535279479,NO_MOTION,VERIFIED,no motion; geometry verified by background
119,sweep,True,8.062199592590332,0.5396993637084959,29.649,29.797,7.2210001945495605,7.556000232696533,29.861,30.056,7.677000045776367,8.104999542236328,694.0,968.0,700.0,0.007895293645560741,0.019940996542572975,1.017416037716532,False,nan,nan,2.070585774890645,2.5206709914649372,0.07494498921414744,0.342514039106969,0.02288135221934015,0.3373772642971939,0.05945652884055403,0.23824374948531934,0.07033104300575893,0.1327456302359644,False,False,NO_MOTION/VERIFIED,nan,False,False,False,132.0,0.030702793091746193,26.0,0.5172649307693551,810.0,0.2667540481979375,130.0,0.030507122856398564,NO_MOTION,VERIFIED,no motion; geometry verified by background
120,sweep,True,8.572000312805176,0.5098007202148445,29.861,30.056,7.677000045776367,8.104999542236328,30.162,30.292,8.319999694824219,8.600000381469727,714.0,943.0,721.0,0.008549684658646584,0.021290631964802742,0.8859880586192379,False,nan,nan,1.4780433947857443,1.9949916776221792,0.2119600501551632,0.43225145214686733,0.021592822475449237,0.13617586680462798,0.07559412112673233,0.16078559828460964,0.0701065024003586,0.16877522867189984,False,False,NO_MOTION/VERIFIED,nan,False,False,False,113.0,0.02356483965813272,13.0,1.0860639334569495,817.0,0.18619407122764337,104.0,0.017458370474156354,NO_MOTION,VERIFIED,no motion; geometry verified by background
121,sweep,True,9.121999835968017,0.5499995231628407,30.162,30.292,8.319999694824219,8.600000381469727,30.355,30.56,8.717000007629395,9.166999816894531,710.0,938.0,719.0,0.008339261636137962,0.02122245915234089,1.040666924099305,False,nan,nan,3.1840459142057735,4.166756320704074,0.1060202267131557,0.25749568402506023,0.03134003299103409,0.24548145551372247,0.09242917763066272,0.23350175653101965,0.0735045755323259,0.20636202072404558,False,False,NO_MOTION/VERIFIED,nan,False,False,False,110.0,0.0227161136777304,21.0,0.46875330278416044,807.0,0.27366226367384294,108.0,0.022425516053885063,NO_MOTION,VERIFIED,no motion; geometry verified by background
122,sweep,True,9.62889986038208,0.5069000244140636,30.355,30.56,8.717000007629395,9.166999816894531,30.623,30.792,9.28600025177002,9.666999816894531,702.0,934.0,711.0,0.008533347398042679,0.023769451305270195,0.9085022759955816,False,nan,nan,1.7103858755819021,2.1915619394560295,0.13116682515929556,0.2761580938184919,0.03356077567812671,0.1899975751038594,0.07450182782217733,0.1739970585463003,0.07072073703244343,0.16633651982119446,False,False,NO_MOTION/VERIFIED,nan,False,False,False,117.0,0.019011418939816026,12.0,0.7441960221782551,805.0,0.1975435554801634,106.0,0.016711900001340797,NO_MOTION,VERIFIED,no motion; geometry verified by background
123,sweep,True,10.17069969177246,0.5417998313903798,30.623,30.792,9.28600025177002,9.666999816894531,30.88,31.057,9.826000213623047,10.208999633789062,717.0,906.0,719.0,0.009603343904018402,0.02272396720945835,1.0170899299732667,False,nan,nan,3.305004902009314,4.295348517007286,0.11521778098832086,0.3506336732627543,0.03507948530234371,0.20865246175081192,0.08985472743976683,0.2470076356313679,0.07214685108411667,0.20061417402384477,False,False,NO_MOTION/VERIFIED,nan,False,False,False,103.0,0.022532049083211547,15.0,0.8518175549156849,788.0,0.2819719043850596,91.0,0.01948159984593438,NO_MOTION,VERIFIED,no motion; geometry verified by background
124,sweep,True,10.667799949645996,0.4971002578735355,30.88,31.057,9.826000213623047,10.208999633789062,31.158,31.291,10.395999908447266,10.697999954223633,719.0,907.0,724.0,0.008523805998265743,0.022088607773184776,0.8998950204738815,False,nan,nan,1.5469371405080574,2.0723647033099035,0.6126065437659924,0.9168268260860004,0.03034611060168091,0.2617304808871677,0.09037333253705152,0.18696817475950378,0.07347012253438513,0.20177203779129166,False,False,NO_MOTION/VERIFIED,nan,False,False,False,91.0,0.017362674374794773,24.0,0.41990967811868113,792.0,0.20633973521351204,90.0,0.01746777543476254,NO_MOTION,VERIFIED,no motion; geometry verified by background
125,sweep,True,11.204499626159668,0.5366996765136722,31.158,31.291,10.395999908447266,10.697999954223633,31.353,31.56,10.803999900817871,11.24899959564209,740.0,849.0,749.0,0.008340451866388321,0.021666549146175385,1.0213082948124539,False,nan,nan,3.2760353835878986,4.329394990491423,0.022138747395417407,0.21156804669331775,0.03075049074023222,0.21044413309074694,0.08975752204058901,0.25955577990821893,0.07221306001941724,0.20039714837119016,False,False,NO_MOTION/VERIFIED,nan,False,False,False,84.0,0.01971403925946108,20.0,0.7226759158284835,745.0,0.2758917200289141,72.0,0.017279539564695485,NO_MOTION,VERIFIED,no motion; geometry verified by background
126,sweep,True,11.685800170898437,0.4813005447387688,31.353,31.56,10.803999900817871,11.24899959564209,31.658,31.791,11.42300033569336,11.71500015258789,735.0,883.0,747.0,0.008381395600736141,0.020514652132987976,0.8873063966918623,False,nan,nan,2.6777365478890682,3.5900681891035546,0.30397760811073976,0.6023023174981431,0.023838877100738582,0.31913650315531333,0.05662069965792901,0.20478450112648328,0.07063307810248179,0.12641421568099406,False,False,NO_MOTION/VERIFIED,nan,False,False,False,89.0,0.020686456899619274,20.0,0.4692296259007532,774.0,0.22080619738528318,78.0,0.015722164106271842,NO_MOTION,VERIFIED,no motion; geometry verified by background
127,sweep,True,12.21120023727417,0.5254000663757328,31.658,31.791,11.42300033569336,11.71500015258789,31.856,32.054,11.835000038146973,12.253000259399414,730.0,885.0,739.0,0.0082405935972929,0.021485187113285065,1.0269015016538603,False,nan,nan,3.3188669702701326,4.387353020662074,0.23956662307613955,0.33542209220044605,0.02671870335148651,0.10003319019006823,0.08458519240808132,0.27752943098504257,0.07289274118412556,0.18884914564979569,False,False,NO_MOTION/VERIFIED,nan,False,False,False,85.0,0.02491517804366666,19.0,0.5524837720978338,781.0,0.30027069039723076,74.0,0.020288264940036497,NO_MOTION,VERIFIED,no motion; geometry verified by background
128,sweep,True,12.723799705505371,0.5125994682312012,31.856,32.054,11.835000038146973,12.253000259399414,32.153,32.291,12.45199966430664,12.753999710083008,724.0,852.0,733.0,0.008231142535805702,0.020480463281273842,0.8671188692294747,False,nan,nan,2.844233154130521,3.8327031653398063,0.11984831762614044,0.6399738856207864,0.02026709352355799,0.26693747094697096,0.05466883368345585,0.1709901917452454,0.074028900229767,0.12205638174803078,False,False,NO_MOTION/VERIFIED,nan,False,False,False,80.0,0.024053008204897655,15.0,0.56864147619642,757.0,0.18791845957771816,70.0,0.021038886239573715,NO_MOTION,VERIFIED,no motion; geometry verified by background
129,sweep,True,13.273699855804443,0.5499001502990719,32.153,32.291,12.45199966430664,12.753999710083008,32.349,32.557,12.875,13.317999839782715,718.0,855.0,728.0,0.008655520156025887,0.0229139793664217,1.0168916929397618,False,nan,nan,3.414873879710083,4.459070707200095,0.1403028631001123,0.3053955530948071,0.025596770620971578,0.21649366778231138,0.06991126365460323,0.2398891080677988,0.07436928829211635,0.15608739587389106,False,False,NO_MOTION/VERIFIED,nan,False,False,False,62.0,0.01753939424759052,26.0,0.7040692273791402,767.0,0.2528362462113776,60.0,0.017426477768100496,NO_MOTION,VERIFIED,no motion; geometry verified by background
130,sweep,True,13.80310001373291,0.5294001579284675,32.349,32.557,12.875,13.317999839782715,32.655,32.789,13.515999794006348,13.835000038146973,708.0,864.0,713.0,0.008277889341115952,0.020981626585125923,0.8855350984229271,False,nan,nan,1.1006183151781694,1.6319752489486348,0.17362636672416026,0.3856417972134867,0.024601816343500196,0.20978820835044945,0.05303602606697791,0.16689017703855596,0.07378577192517444,0.11841089351771877,False,False,NO_MOTION/VERIFIED,nan,False,False,False,81.0,0.01829344410978119,20.0,0.5098011118327413,763.0,0.18028295861509192,71.0,0.017073096779250854,NO_MOTION,VERIFIED,no motion; geometry verified by background
131,sweep,True,14.357700443267822,0.5546004295349114,32.655,32.789,13.515999794006348,13.835000038146973,32.887,33.059,14.022000312805176,14.395000457763672,719.0,834.0,728.0,0.009547321125864983,0.0225486159324646,1.0213497440325443,False,nan,nan,3.2510308456689474,4.356994618320483,0.364681480812835,0.5249910466629151,0.02911277488817409,0.09670345598061508,0.08426769623982816,0.2268514083330684,0.07354026347684096,0.18814028777036423,False,False,NO_MOTION/VERIFIED,nan,False,False,False,68.0,0.02392741930957099,22.0,0.24387220852628747,744.0,0.2534451081896035,59.0,0.020636425771317177,NO_MOTION,VERIFIED,no motion; geometry verified by background
132,sweep,True,14.84280014038086,0.48509969711303746,32.887,33.059,14.022000312805176,14.395000457763672,33.151,33.291,14.571000099182129,14.873000144958496,713.0,808.0,722.0,0.008292024955153465,0.022214222699403763,0.8967479119025341,False,nan,nan,2.90885334560213,3.936513605215378,0.13411794801484117,0.26021907661286836,0.02814103318900005,0.10704743853038795,0.0683435437727692,0.2090159944193445,0.07453601260962595,0.15258722578650505,False,False,NO_MOTION/VERIFIED,nan,False,False,False,66.0,0.020207871655054936,21.0,0.34720667337983513,721.0,0.22613399297604103,57.0,0.014658949903256141,NO_MOTION,VERIFIED,no motion; geometry verified by background
133,sweep,True,15.396199607849121,0.5533994674682621,33.151,33.291,14.571000099182129,14.873000144958496,33.386,33.559,15.0649995803833,15.432999610900879,735.0,827.0,743.0,0.009424757212400436,0.02477068081498146,1.0318150479915364,False,nan,nan,3.3263075867673977,4.544009640360729,0.08130622168068763,0.1930068903962048,0.026837111090994698,0.2411178645178251,0.0701886129150664,0.23827531506179234,0.072899645480201,0.1567066197521365,False,False,NO_MOTION/VERIFIED,nan,False,False,False,67.0,0.02236240977527135,21.0,0.274870319804021,739.0,0.2625019959894261,57.0,0.01700648564624244,NO_MOTION,VERIFIED,no motion; geometry verified by background
134,sweep,True,15.901199626922608,0.5050000190734867,33.386,33.559,15.0649995803833,15.432999610900879,33.648,33.794,15.614999771118164,15.932999610900879,719.0,825.0,727.0,0.008531956002116203,0.02423202618956566,0.9014583142374175,False,nan,nan,2.846888950002207,3.9290151656743655,0.34764745303712313,0.47999559118175045,0.027386972739690627,0.10966161260177351,0.09677422323110618,0.1686541956952116,0.07547304662323173,0.21606298759652567,False,False,NO_MOTION/VERIFIED,nan,False,False,False,76.0,0.02192166721071855,18.0,0.23859626363375844,731.0,0.1811009472761003,67.0,0.017800797634135255,NO_MOTION,VERIFIED,no motion; geometry verified by background
135,sweep,True,16.456200408935548,0.5550007820129395,33.648,33.794,15.614999771118164,15.932999610900879,33.863,34.059,16.070999145507812,16.499000549316406,699.0,795.0,710.0,0.008710937574505806,0.021947039291262627,1.0430297115598635,False,nan,nan,3.391830663268074,4.493217704566131,0.20051912166773747,0.44427263845060727,0.03389439590599185,0.11056055931539263,0.09921806698148655,0.23512796006366593,0.07587420889349522,0.22151923580288232,False,False,NO_MOTION/VERIFIED,nan,False,False,False,53.0,0.01728861986103208,26.0,0.5874850597576079,716.0,0.26902542805421154,53.0,0.01728861986103208,NO_MOTION,VERIFIED,no motion; geometry verified by background
136,sweep,True,16.941799354553222,0.48559894561767436,33.863,34.059,16.070999145507812,16.499000549316406,34.127,34.293,16.625,16.976999282836914,737.0,787.0,745.0,0.00858255010098219,0.020936820656061172,0.9324245771991231,False,nan,nan,1.5257006193792766,2.2469134085329587,0.055182039234692844,0.13069354542944892,0.031596505938321445,0.14261625671541844,0.1044545317225119,0.21675938507114978,0.07471100942195541,0.23321042978630388,False,False,NO_MOTION/VERIFIED,nan,False,False,False,72.0,0.02270530731873316,23.0,0.34155149353886355,692.0,0.23196799144975444,59.0,0.019559091587890712,NO_MOTION,VERIFIED,no motion; geometry verified by background
137,sweep,True,17.258699417114258,0.31690006256103587,34.127,34.293,16.625,16.976999282836914,34.359,34.565,17.076000213623047,17.27899932861328,725.0,762.0,735.0,0.007488816976547241,0.018847091123461723,0.8752906999945111,False,nan,nan,2.794084331885031,3.8231314587524445,0.267078105469963,0.46660922924010817,0.038174819570030924,0.12606366533690372,0.08144417056877934,0.31277105613444806,0.07648168901089145,0.1818363426528156,False,False,NO_MOTION/VERIFIED,nan,False,False,False,70.0,0.033044534409056456,22.0,0.308628846152545,670.0,0.3479370417688489,57.0,0.02461665959010028,NO_MOTION,VERIFIED,no motion; geometry verified by background
138,sweep,True,16.590700531005858,-0.6679988861083999,34.359,34.565,17.076000213623047,17.27899932861328,34.663,34.794,17.290000915527344,16.51300048828125,735.0,752.0,735.0,0.006225884892046452,0.016577640548348427,0.21715396345834315,False,nan,nan,0.5656240643046763,0.6763216691581051,0.09773792420719557,0.246240619289199,0.07455669863208371,0.2367492703421386,0.21151416923386593,0.6550555288512605,0.08075219917259652,0.47223714949929674,False,False,NO_MOTION/VERIFIED,nan,False,False,False,86.0,0.06630328223521914,0.0,nan,666.0,0.7517089606148035,71.0,0.04776073653914175,NO_MOTION,VERIFIED,no motion; geometry verified by background
139,dwell_end,True,16.514799499511717,-0.07590103149414062,34.663,34.794,17.290000915527344,16.51300048828125,34.858,35.06,16.51300048828125,16.514999389648438,753.0,735.0,753.0,0.0036213193088769913,0.008380732499063015,0.02174517929384223,False,nan,nan,0.023144853933814026,0.054121094699261435,0.014568439289305261,0.04809734536511766,0.010619129977404934,0.041070842645345385,0.025198877574139036,0.06762503009339886,0.07260053598945702,0.05626027872882507,False,False,NO_MOTION/VERIFIED,nan,False,False,False,78.0,0.02182322147209803,0.0,nan,657.0,0.07533094690395625,63.0,0.01485728274192408,NO_MOTION,VERIFIED,no motion; geometry verified by background
140,dwell_end,False,16.514999389648438,0.00019989013672017109,34.858,35.06,16.51300048828125,16.514999389648438,35.161,35.292,16.514999389648438,16.514999389648438,725.0,755.0,725.0,0.0034828833304345608,0.009117182344198227,0.019400719288991033,True,0.033542198976916675,0.05132530679308406,nan,nan,nan,nan,nan,nan,nan,nan,nan,0.11459145581090537,False,False,NO_MOTION/NOT_CHECKED,nan,False,False,False,nan,nan,nan,nan,nan,nan,nan,nan,NO_MOTION,NOT_CHECKED,no motion; geometry not checked
141,dwell_end,False,16.514999389648438,0.0,35.161,35.292,16.514999389648438,16.514999389648438,35.39,35.56,16.514999389648438,16.514999389648438,738.0,741.0,738.0,0.0036363464314490557,0.009140250273048878,0.018685171746412613,True,0.0013532767338685049,0.026187351757903793,nan,nan,nan,nan,nan,nan,nan,nan,nan,0.05846719580008089,False,False,NO_MOTION/NOT_CHECKED,nan,False,False,False,nan,nan,nan,nan,nan,nan,nan,nan,NO_MOTION,NOT_CHECKED,no motion; geometry not checked
142,dwell_end,False,16.514999389648438,0.0,35.39,35.56,16.514999389648438,16.514999389648438,35.671,35.797,16.514999389648438,16.514999389648438,736.0,756.0,736.0,0.0036006118170917034,0.009873378090560436,0.022636032844649837,True,0.015500860283522646,0.03858755646759919,nan,nan,nan,nan,nan,nan,nan,nan,nan,0.08615251516438152,False,False,NO_MOTION/NOT_CHECKED,nan,False,False,False,nan,nan,nan,nan,nan,nan,nan,nan,NO_MOTION,NOT_CHECKED,no motion; geometry not checked
143,dwell_end,False,16.514999389648438,0.0,35.671,35.797,16.514999389648438,16.514999389648438,35.892,36.059,16.514999389648438,16.514999389648438,747.0,741.0,747.0,0.003422869835048914,0.009759446606040001,0.01876890100015771,True,0.010598749862819367,0.034098250695467625,nan,nan,nan,nan,nan,nan,nan,nan,nan,0.07612946579260113,False,False,NO_MOTION/NOT_CHECKED,nan,False,False,False,nan,nan,nan,nan,nan,nan,nan,nan,NO_MOTION,NOT_CHECKED,no motion; geometry not checked
144,dwell_end,False,16.514999389648438,0.0,35.892,36.059,16.514999389648438,16.514999389648438,36.154,36.294,16.514999389648438,16.514999389648438,745.0,755.0,745.0,0.003580974880605936,0.009268781170248985,0.027242977715065116,True,0.03414155778819333,0.052688847213644315,nan,nan,nan,nan,nan,nan,nan,nan,nan,0.11763576458589096,False,False,NO_MOTION/NOT_CHECKED,nan,False,False,False,nan,nan,nan,nan,nan,nan,nan,nan,NO_MOTION,NOT_CHECKED,no motion; geometry not checked
145,dwell_end,False,16.514999389648438,0.0,36.154,36.294,16.514999389648438,16.514999389648438,36.366,36.568,16.514999389648438,16.514999389648438,745.0,750.0,745.0,0.0034960946068167686,0.00899712834507227,0.021905825212628433,True,0.03140606217640766,0.048808583529176476,nan,nan,nan,nan,nan,nan,nan,nan,nan,0.10897249314504161,False,False,NO_MOTION/NOT_CHECKED,nan,False,False,False,nan,nan,nan,nan,nan,nan,nan,nan,NO_MOTION,NOT_CHECKED,no motion; geometry not checked
146,dwell_end,False,16.514999389648438,0.0,36.366,36.568,16.514999389648438,16.514999389648438,36.652,36.794,16.514999389648438,16.514999389648438,746.0,740.0,746.0,0.003597256727516651,0.008775165304541588,0.02255616808460221,True,0.029322931594463596,0.04410501538294961,nan,nan,nan,nan,nan,nan,nan,nan,nan,0.09847107084366404,False,False,NO_MOTION/NOT_CHECKED,nan,False,False,False,nan,nan,nan,nan,nan,nan,nan,nan,NO_MOTION,NOT_CHECKED,no motion; geometry not checked
147,dwell_end,False,16.514999389648438,0.0,36.652,36.794,16.514999389648438,16.514999389648438,36.862,37.062,16.514999389648438,16.514999389648438,736.0,754.0,737.0,0.003296534065157175,0.008799359202384949,0.017602958170377152,True,0.021594480190708018,0.03986116710326706,nan,nan,nan,nan,nan,nan,nan,nan,nan,0.08899604218830764,False,False,NO_MOTION/NOT_CHECKED,nan,False,False,False,nan,nan,nan,nan,nan,nan,nan,nan,NO_MOTION,NOT_CHECKED,no motion; geometry not checked
148,dwell_end,False,16.514999389648438,0.0,36.862,37.062,16.514999389648438,16.514999389648438,37.125,37.291,16.514999389648438,16.514999389648438,751.0,749.0,751.0,0.003416231367737055,0.00894914660602808,0.022369229382566976,True,0.016138312602092007,0.03333734295762848,nan,nan,nan,nan,nan,nan,nan,nan,nan,0.07443062498940269,False,False,NO_MOTION/NOT_CHECKED,nan,False,False,False,nan,nan,nan,nan,nan,nan,nan,nan,NO_MOTION,NOT_CHECKED,no motion; geometry not checked
149,dwell_end,False,16.514999389648438,0.0,37.125,37.291,16.514999389648438,16.514999389648438,37.384,37.562,16.514999389648438,16.514999389648438,750.0,756.0,750.0,0.003438066691160202,0.00898473709821701,0.025469034015914063,True,0.02036280603727592,0.04739113903410421,nan,nan,nan,nan,nan,nan,nan,nan,nan,0.10580783542801514,False,False,NO_MOTION/NOT_CHECKED,nan,False,False,False,nan,nan,nan,nan,nan,nan,nan,nan,NO_MOTION,NOT_CHECKED,no motion; geometry not checked
150,dwell_end,False,16.514999389648438,0.0,37.384,37.562,16.514999389648438,16.514999389648438,37.625,37.8,16.514999389648438,16.514999389648438,753.0,755.0,753.0,0.0034793049562722445,0.008984998799860477,0.023490320370234782,True,0.007534362282039731,0.035828905156847,nan,nan,nan,nan,nan,nan,nan,nan,nan,0.07999341179948256,False,False,NO_MOTION/NOT_CHECKED,nan,False,False,False,nan,nan,nan,nan,nan,nan,nan,nan,NO_MOTION,NOT_CHECKED,no motion; geometry not checked
151,dwell_end,False,16.514999389648438,0.0,37.625,37.8,16.514999389648438,16.514999389648438,37.895,38.063,16.514999389648438,16.514999389648438,748.0,751.0,748.0,0.0034023302141577005,0.00806242786347866,0.0227966795593258,True,0.011431927607633641,0.03228510420910106,nan,nan,nan,nan,nan,nan,nan,nan,nan,0.07208134395070366,False,False,NO_MOTION/NOT_CHECKED,nan,False,False,False,nan,nan,nan,nan,nan,nan,nan,nan,NO_MOTION,NOT_CHECKED,no motion; geometry not checked
152,dwell_end,False,16.514999389648438,0.0,37.895,38.063,16.514999389648438,16.514999389648438,38.162,38.296,16.514999389648438,16.514999389648438,752.0,747.0,752.0,0.0035049980506300926,0.009491901844739914,0.019815863366296343,True,0.00830603123888647,0.033207402982234534,nan,nan,nan,nan,nan,nan,nan,nan,nan,0.07414051447903683,False,False,NO_MOTION/NOT_CHECKED,nan,False,False,False,nan,nan,nan,nan,nan,nan,nan,nan,NO_MOTION,NOT_CHECKED,no motion; geometry not checked
153,dwell_end,False,16.514999389648438,0.0,38.162,38.296,16.514999389648438,16.514999389648438,38.392,38.566,16.514999389648438,16.514999389648438,750.0,760.0,750.0,0.0033450983464717865,0.008723401464521885,0.0198678857244644,True,0.00239843200562623,0.024378620954537984,nan,nan,nan,nan,nan,nan,nan,nan,nan,0.054428932633660915,False,False,NO_MOTION/NOT_CHECKED,nan,False,False,False,nan,nan,nan,nan,nan,nan,nan,nan,NO_MOTION,NOT_CHECKED,no motion; geometry not checked
154,dwell_end,False,16.514999389648438,0.0,38.392,38.566,16.514999389648438,16.514999389648438,38.631,38.795,16.514999389648438,16.514999389648438,739.0,741.0,739.0,0.003168100956827402,0.008867640979588032,0.01780227646727337,True,0.00908751755601051,0.029795619616454796,nan,nan,nan,nan,nan,nan,nan,nan,nan,0.0665231957093259,False,False,NO_MOTION/NOT_CHECKED,nan,False,False,False,nan,nan,nan,nan,nan,nan,nan,nan,NO_MOTION,NOT_CHECKED,no motion; geometry not checked
155,dwell_end,False,16.514999389648438,0.0,38.631,38.795,16.514999389648438,16.514999389648438,38.866,39.062,16.514999389648438,16.514999389648438,745.0,741.0,745.0,0.0032981582917273045,0.008729847148060799,0.021707288722219636,True,0.002809950569111168,0.024596670371488823,nan,nan,nan,nan,nan,nan,nan,nan,nan,0.05491576070519779,False,False,NO_MOTION/NOT_CHECKED,nan,False,False,False,nan,nan,nan,nan,nan,nan,nan,nan,NO_MOTION,NOT_CHECKED,no motion; geometry not checked
156,dwell_end,False,16.514999389648438,0.0,38.866,39.062,16.514999389648438,16.514999389648438,39.151,39.295,16.514999389648438,16.514999389648438,733.0,746.0,733.0,0.0033234748989343643,0.008735067211091518,0.018653130220468744,True,0.013982501853930131,0.03233597033533163,nan,nan,nan,nan,nan,nan,nan,nan,nan,0.07219491021694578,False,False,NO_MOTION/NOT_CHECKED,nan,False,False,False,nan,nan,nan,nan,nan,nan,nan,nan,NO_MOTION,NOT_CHECKED,no motion; geometry not checked
157,dwell_end,False,16.514999389648438,0.0,39.151,39.295,16.514999389648438,16.514999389648438,39.385,39.561,16.514999389648438,16.514999389648438,729.0,737.0,729.0,0.0031832042150199413,0.008469141088426113,0.01832399133049529,True,0.0098262129073688,0.025629980593239565,nan,nan,nan,nan,nan,nan,nan,nan,nan,0.057222780965048674,False,False,NO_MOTION/NOT_CHECKED,nan,False,False,False,nan,nan,nan,nan,nan,nan,nan,nan,NO_MOTION,NOT_CHECKED,no motion; geometry not checked
158,dwell_end,False,16.514999389648438,0.0,39.385,39.561,16.514999389648438,16.514999389648438,39.627,39.802,16.514999389648438,16.514999389648438,748.0,753.0,748.0,0.0033762981183826923,0.00844422448426485,0.02220018159073448,True,0.022769608944831803,0.03615398475896491,nan,nan,nan,nan,nan,nan,nan,nan,nan,0.08071920083395046,False,False,NO_MOTION/NOT_CHECKED,nan,False,False,False,nan,nan,nan,nan,nan,nan,nan,nan,NO_MOTION,NOT_CHECKED,no motion; geometry not checked
159,dwell_end,False,16.514999389648438,0.0,39.627,39.802,16.514999389648438,16.514999389648438,39.901,40.059,16.514999389648438,16.514999389648438,748.0,745.0,748.0,0.003155946731567383,0.008881599642336369,0.022304186543688646,True,0.01757915812013699,0.03484372556445783,nan,nan,nan,nan,nan,nan,nan,nan,nan,0.0777938503982776,False,False,NO_MOTION/NOT_CHECKED,nan,False,False,False,nan,nan,nan,nan,nan,nan,nan,nan,NO_MOTION,NOT_CHECKED,no motion; geometry not checked
160,dwell_end,False,16.514999389648438,0.0,39.901,40.059,16.514999389648438,16.514999389648438,40.123,40.293,16.514999389648438,16.514999389648438,736.0,743.0,736.0,0.003341865027323365,0.008328082971274853,0.020975024794512846,True,0.02056553788219129,0.03976448979492167,nan,nan,nan,nan,nan,nan,nan,nan,nan,0.08878019557774884,False,False,NO_MOTION/NOT_CHECKED,nan,False,False,False,nan,nan,nan,nan,nan,nan,nan,nan,NO_MOTION,NOT_CHECKED,no motion; geometry not checked
161,dwell_end,False,16.514999389648438,0.0,40.123,40.293,16.514999389648438,16.514999389648438,40.358,40.559,16.514999389648438,16.514999389648438,741.0,755.0,741.0,0.003211168572306633,0.00861363671720028,0.022839700911290308,True,0.017513279437401347,0.03895759795117241,nan,nan,nan,nan,nan,nan,nan,nan,nan,0.0869786883518898,False,False,NO_MOTION/NOT_CHECKED,nan,False,False,False,nan,nan,nan,nan,nan,nan,nan,nan,NO_MOTION,NOT_CHECKED,no motion; geometry not checked
162,dwell_end,False,16.514999389648438,0.0,40.358,40.559,16.514999389648438,16.514999389648438,40.649,40.792,16.514999389648438,16.514999389648438,746.0,744.0,746.0,0.0032215756364166737,0.008247731253504753,0.018088136845635705,True,0.0031885337380693148,0.026118948704093984,nan,nan,nan,nan,nan,nan,nan,nan,nan,0.05831447570919906,False,False,NO_MOTION/NOT_CHECKED,nan,False,False,False,nan,nan,nan,nan,nan,nan,nan,nan,NO_MOTION,NOT_CHECKED,no motion; geometry not checked
163,dwell_end,False,16.514999389648438,0.0,40.649,40.792,16.514999389648438,16.514999389648438,40.879,41.06,16.514999389648438,16.514999389648438,750.0,742.0,750.0,0.0031782835721969604,0.008199721574783325,0.025389948295928392,True,0.016507417456385634,0.041641259527891494,nan,nan,nan,nan,nan,nan,nan,nan,nan,0.09297036587307449,False,False,NO_MOTION/NOT_CHECKED,nan,False,False,False,nan,nan,nan,nan,nan,nan,nan,nan,NO_MOTION,NOT_CHECKED,no motion; geometry not checked
164,dwell_end,False,16.514999389648438,0.0,40.879,41.06,16.514999389648438,16.514999389648438,41.122,41.298,16.514999389648438,16.514999389648438,743.0,751.0,743.0,0.0036192613188177347,0.009355648420751095,0.02232375359565646,True,0.015390929155943757,0.04237333834871221,nan,nan,nan,nan,nan,nan,nan,nan,nan,0.0946048417892999,False,False,NO_MOTION/NOT_CHECKED,nan,False,False,False,nan,nan,nan,nan,nan,nan,nan,nan,NO_MOTION,NOT_CHECKED,no motion; geometry not checked
165,dwell_end,False,16.514999389648438,0.0,41.122,41.298,16.514999389648438,16.514999389648438,41.393,41.561,16.514999389648438,16.514999389648438,748.0,741.0,748.0,0.003450054209679365,0.008852523751556873,0.019717679019470004,True,0.01695927251784673,0.035946950461676445,nan,nan,nan,nan,nan,nan,nan,nan,nan,0.08025696567138793,False,False,NO_MOTION/NOT_CHECKED,nan,False,False,False,nan,nan,nan,nan,nan,nan,nan,nan,NO_MOTION,NOT_CHECKED,no motion; geometry not checked
166,dwell_end,False,16.514999389648438,0.0,41.393,41.561,16.514999389648438,16.514999389648438,41.658,41.8,16.514999389648438,16.514999389648438,757.0,747.0,757.0,0.003358597867190838,0.008708767592906952,0.02001901458576044,True,0.015837256977595568,0.03833890195209605,nan,nan,nan,nan,nan,nan,nan,nan,nan,0.0855973566138378,False,False,NO_MOTION/NOT_CHECKED,nan,False,False,False,nan,nan,nan,nan,nan,nan,nan,nan,NO_MOTION,NOT_CHECKED,no motion; geometry not checked
167,dwell_end,False,16.514999389648438,0.0,41.658,41.8,16.514999389648438,16.514999389648438,41.892,42.059,16.514999389648438,16.514999389648438,754.0,744.0,754.0,0.003092224011197686,0.008882453665137291,0.018548124415549094,True,0.02078866886398417,0.04069689574537342,nan,nan,nan,nan,nan,nan,nan,nan,nan,0.090861931897412,False,False,NO_MOTION/NOT_CHECKED,nan,False,False,False,nan,nan,nan,nan,nan,nan,nan,nan,NO_MOTION,NOT_CHECKED,no motion; geometry not checked
168,dwell_end,False,16.514999389648438,0.0,41.892,42.059,16.514999389648438,16.514999389648438,42.157,42.293,16.514999389648438,16.514999389648438,744.0,746.0,744.0,0.0033965050242841244,0.009022559970617294,0.01880157791535912,True,0.016010295905155174,0.031399326082155066,nan,nan,nan,nan,nan,nan,nan,nan,nan,0.0701037112499114,False,False,NO_MOTION/NOT_CHECKED,nan,False,False,False,nan,nan,nan,nan,nan,nan,nan,nan,NO_MOTION,NOT_CHECKED,no motion; geometry not checked
169,dwell_end,False,16.514999389648438,0.0,42.157,42.293,16.514999389648438,16.514999389648438,42.388,42.564,16.514999389648438,16.514999389648438,746.0,743.0,746.0,0.003226517466828227,0.008730845525860786,0.02213181127477671,True,0.02368805142412151,0.03903731665496578,nan,nan,nan,nan,nan,nan,nan,nan,nan,0.08715667233082378,False,False,NO_MOTION/NOT_CHECKED,nan,False,False,False,nan,nan,nan,nan,nan,nan,nan,nan,NO_MOTION,NOT_CHECKED,no motion; geometry not checked
170,dwell_end,False,16.514999389648438,0.0,42.388,42.564,16.514999389648438,16.514999389648438,42.635,42.804,16.514999389648438,16.514999389648438,743.0,733.0,743.0,0.003222748637199402,0.008768435567617416,0.018822482045985998,True,0.00890773622913151,0.03248219214842018,nan,nan,nan,nan,nan,nan,nan,nan,nan,0.07252137237528566,False,False,NO_MOTION/NOT_CHECKED,nan,False,False,False,nan,nan,nan,nan,nan,nan,nan,nan,NO_MOTION,NOT_CHECKED,no motion; geometry not checked
171,dwell_end,False,16.514999389648438,0.0,42.635,42.804,16.514999389648438,16.514999389648438,42.903,43.063,16.514999389648438,16.514999389648438,753.0,731.0,753.0,0.003603142686188221,0.009682567790150642,0.022799506783895758,True,0.01858299156267653,0.045310693834185865,nan,nan,nan,nan,nan,nan,nan,nan,nan,0.10116292906331363,False,False,NO_MOTION/NOT_CHECKED,nan,False,False,False,nan,nan,nan,nan,nan,nan,nan,nan,NO_MOTION,NOT_CHECKED,no motion; geometry not checked
172,dwell_end,False,16.514999389648438,0.0,42.903,43.063,16.514999389648438,16.514999389648438,43.152,43.292,16.514999389648438,16.514999389648438,719.0,741.0,719.0,0.0033180059399455786,0.009088580496609211,0.02197551849461633,True,0.008835354177798429,0.028168835060864036,nan,nan,nan,nan,nan,nan,nan,nan,nan,0.06289115486703013,False,False,NO_MOTION/NOT_CHECKED,nan,False,False,False,nan,nan,nan,nan,nan,nan,nan,nan,NO_MOTION,NOT_CHECKED,no motion; geometry not checked
173,dwell_end,False,16.514999389648438,0.0,43.152,43.292,16.514999389648438,16.514999389648438,43.365,43.558,16.514999389648438,16.514999389648438,737.0,743.0,737.0,0.0034755221568048,0.009068291634321213,0.018401413419671952,True,0.006815141363624979,0.026997850221839183,nan,nan,nan,nan,nan,nan,nan,nan,nan,0.06027675534717304,False,False,NO_MOTION/NOT_CHECKED,nan,False,False,False,nan,nan,nan,nan,nan,nan,nan,nan,NO_MOTION,NOT_CHECKED,no motion; geometry not checked
174,dwell_end,False,16.514999389648438,0.0,43.365,43.558,16.514999389648438,16.514999389648438,43.649,43.794,16.514999389648438,16.514999389648438,759.0,751.0,760.0,0.0037748159375041723,0.009069853462278843,0.028970577735202327,True,0.009268773213886044,0.03975958633946588,nan,nan,nan,nan,nan,nan,nan,nan,nan,0.08876924787700838,False,False,NO_MOTION/NOT_CHECKED,nan,False,False,False,nan,nan,nan,nan,nan,nan,nan,nan,NO_MOTION,NOT_CHECKED,no motion; geometry not checked
175,dwell_end,False,16.514999389648438,0.0,43.649,43.794,16.514999389648438,16.514999389648438,43.885,44.062,16.514999389648438,16.514999389648438,736.0,747.0,736.0,0.003299850272014737,0.008400790393352509,0.020783852996467414,True,0.02123810123727064,0.03875678365148637,nan,nan,nan,nan,nan,nan,nan,nan,nan,0.08653034026813763,False,False,NO_MOTION/NOT_CHECKED,nan,False,False,False,nan,nan,nan,nan,nan,nan,nan,nan,NO_MOTION,NOT_CHECKED,no motion; geometry not checked
176,dwell_end,False,16.514999389648438,0.0,43.885,44.062,16.514999389648438,16.514999389648438,44.159,44.292,16.514999389648438,16.514999389648438,739.0,746.0,739.0,0.0034575217869132757,0.008912554010748863,0.020629039520823483,True,0.013662301908670394,0.03520005744636299,nan,nan,nan,nan,nan,nan,nan,nan,nan,0.0785894148410576,False,False,NO_MOTION/NOT_CHECKED,nan,False,False,False,nan,nan,nan,nan,nan,nan,nan,nan,NO_MOTION,NOT_CHECKED,no motion; geometry not checked
177,dwell_end,False,16.514999389648438,0.0,44.159,44.292,16.514999389648438,16.514999389648438,44.359,44.558,16.514999389648438,16.514999389648438,750.0,732.0,750.0,0.003389804158359766,0.009150724858045578,0.021246276557683567,True,0.02299840603602883,0.03985841250524498,nan,nan,nan,nan,nan,nan,nan,nan,nan,0.08898989213451847,False,False,NO_MOTION/NOT_CHECKED,nan,False,False,False,nan,nan,nan,nan,nan,nan,nan,nan,NO_MOTION,NOT_CHECKED,no motion; geometry not checked
178,dwell_end,False,16.514999389648438,0.0,44.359,44.558,16.514999389648438,16.514999389648438,44.627,44.794,16.514999389648438,16.514999389648438,747.0,754.0,747.0,0.0032509458251297474,0.008411966264247894,0.020032256117636645,True,0.021027327421905242,0.03553660449690554,nan,nan,nan,nan,nan,nan,nan,nan,nan,0.07934080667639552,False,False,NO_MOTION/NOT_CHECKED,nan,False,False,False,nan,nan,nan,nan,nan,nan,nan,nan,NO_MOTION,NOT_CHECKED,no motion; geometry not checked
179,dwell_end,False,16.514999389648438,0.0,44.627,44.794,16.514999389648438,16.514999389648438,44.88,45.062,16.514999389648438,16.514999389648438,751.0,746.0,751.0,0.003485556226223707,0.009414858184754848,0.018283690196982408,True,0.01890595689698848,0.040371924248157075,nan,nan,nan,nan,nan,nan,nan,nan,nan,0.09013638422337279,False,False,NO_MOTION/NOT_CHECKED,nan,False,False,False,nan,nan,nan,nan,nan,nan,nan,nan,NO_MOTION,NOT_CHECKED,no motion; geometry not checked
180,dwell_end,False,16.514999389648438,0.0,44.88,45.062,16.514999389648438,16.514999389648438,45.16,45.295,16.514999389648438,16.514999389648438,741.0,741.0,741.0,0.003422869835048914,0.009192024357616901,0.02167005400725242,True,0.020705869522796405,0.042592512693181914,nan,nan,nan,nan,nan,nan,nan,nan,nan,0.09509418143047217,False,False,NO_MOTION/NOT_CHECKED,nan,False,False,False,nan,nan,nan,nan,nan,nan,nan,nan,NO_MOTION,NOT_CHECKED,no motion; geometry not checked
181,dwell_end,False,16.514999389648438,0.0,45.16,45.295,16.514999389648438,16.514999389648438,45.393,45.564,16.514999389648438,16.514999389648438,757.0,743.0,758.0,0.003315198002383113,0.008077740669250488,0.021451279746379115,True,0.011250369971364227,0.0364228363386448,nan,nan,nan,nan,nan,nan,nan,nan,nan,0.08131945236360583,False,False,NO_MOTION/NOT_CHECKED,nan,False,False,False,nan,nan,nan,nan,nan,nan,nan,nan,NO_MOTION,NOT_CHECKED,no motion; geometry not checked
182,dwell_end,False,16.514999389648438,0.0,45.393,45.564,16.514999389648438,16.514999389648438,45.634,45.795,16.514999389648438,16.514999389648438,745.0,757.0,745.0,0.0031948857940733433,0.007778022438287735,0.025838493498018332,True,0.026962723665135958,0.04992822916198713,nan,nan,nan,nan,nan,nan,nan,nan,nan,0.11147227017654263,False,False,NO_MOTION/NOT_CHECKED,nan,False,False,False,nan,nan,nan,nan,nan,nan,nan,nan,NO_MOTION,NOT_CHECKED,no motion; geometry not checked
183,dwell_end,False,16.514999389648438,0.0,45.634,45.795,16.514999389648438,16.514999389648438,45.888,46.062,16.514999389648438,16.514999389648438,751.0,754.0,752.0,0.003257242264226079,0.007987097837030888,0.021506525438759996,True,0.006144448814194298,0.03290485867684274,nan,nan,nan,nan,nan,nan,nan,nan,nan,0.07346503887901924,False,False,NO_MOTION/NOT_CHECKED,nan,False,False,False,nan,nan,nan,nan,nan,nan,nan,nan,NO_MOTION,NOT_CHECKED,no motion; geometry not checked
184,dwell_end,False,16.516800117492675,0.0018007278442375707,45.888,46.062,16.514999389648438,16.514999389648438,46.153,46.292,16.514999389648438,16.517000198364258,751.0,741.0,751.0,0.0032004560343921185,0.008421635255217552,0.01951780513273719,True,0.004309785290438214,0.028381112801793836,nan,nan,nan,nan,nan,nan,nan,nan,nan,0.06336509680501916,False,False,NO_MOTION/NOT_CHECKED,nan,False,False,False,nan,nan,nan,nan,nan,nan,nan,nan,NO_MOTION,NOT_CHECKED,no motion; geometry not checked
185,dwell_end,False,16.517000198364258,0.0002000808715827418,46.153,46.292,16.514999389648438,16.517000198364258,46.363,46.561,16.517000198364258,16.517000198364258,751.0,743.0,751.0,0.0034119689371436834,0.009046596474945545,0.021889672016880055,True,0.013874534079872783,0.04458408316264255,nan,nan,nan,nan,nan,nan,nan,nan,nan,0.0995406616115951,False,False,NO_MOTION/NOT_CHECKED,nan,False,False,False,nan,nan,nan,nan,nan,nan,nan,nan,NO_MOTION,NOT_CHECKED,no motion; geometry not checked
186,dwell_end,False,16.517000198364258,0.0,46.363,46.561,16.517000198364258,16.517000198364258,46.654,46.793,16.517000198364258,16.517000198364258,745.0,747.0,745.0,0.003423413960263133,0.008652479387819767,0.017947948829489673,True,0.003575598029629151,0.02893794973226135,nan,nan,nan,nan,nan,nan,nan,nan,nan,0.06460831888197217,False,False,NO_MOTION/NOT_CHECKED,nan,False,False,False,nan,nan,nan,nan,nan,nan,nan,nan,NO_MOTION,NOT_CHECKED,no motion; geometry not checked
187,dwell_end,False,16.517000198364258,0.0,46.654,46.793,16.517000198364258,16.517000198364258,46.886,47.066,16.517000198364258,16.517000198364258,739.0,745.0,739.0,0.003173828125,0.008919834159314632,0.021286934182934685,True,0.004150102027145201,0.027216521495476733,nan,nan,nan,nan,nan,nan,nan,nan,nan,0.060764971807157814,False,False,NO_MOTION/NOT_CHECKED,nan,False,False,False,nan,nan,nan,nan,nan,nan,nan,nan,NO_MOTION,NOT_CHECKED,no motion; geometry not checked
188,return,False,16.471999168395996,-0.04500102996826172,46.886,47.066,16.517000198364258,16.517000198364258,47.154,47.293,16.517000198364258,16.466999053955078,748.0,740.0,749.0,0.0036967210471630096,0.009535945020616055,0.048701757374562234,False,nan,nan,0.16252081966750279,0.2195640923515314,0.06310663573183532,0.10146622736386507,0.009946741125630154,0.031212426606291394,0.017496123181136948,0.01813055618074442,0.07152515106949195,0.03906272269264968,False,False,NO_MOTION/VERIFIED,nan,False,False,False,75.0,0.010402808172228455,0.0,nan,665.0,0.019710259345212963,59.0,0.009359821318035779,NO_MOTION,VERIFIED,no motion; geometry verified by background
189,return,False,16.24260025024414,-0.22939891815185476,47.154,47.293,16.517000198364258,16.466999053955078,47.385,47.557,16.400999069213867,16.225000381469727,723.0,741.0,724.0,0.007409677840769291,0.02036738023161888,0.3496623879858576,False,nan,nan,0.6667875792582642,1.1794557377797537,0.19494383993256373,0.5360658541104414,0.015336168431391099,0.05576520547114778,0.032107799141890776,0.05733326575527227,0.07312437703539683,0.0716854837592354,False,False,NO_MOTION/VERIFIED,nan,False,False,False,73.0,0.017866167219817354,7.0,0.07708217405041985,661.0,0.06160765647799696,59.0,0.015935664175366255,NO_MOTION,VERIFIED,no motion; geometry verified by background
190,return,False,15.951799678802491,-0.2908005714416504,47.385,47.557,16.400999069213867,16.225000381469727,47.65,47.795,16.121000289916992,15.932999610900879,720.0,737.0,726.0,0.007600004784762859,0.01930382288992405,0.5225264486389465,False,nan,nan,1.0598369410849489,1.4603046506373656,0.05121197154962766,0.12220498541555588,0.01969958284067827,0.0823728933598689,0.0450021718598199,0.08850517979486529,0.07809674941976077,0.10047410741954288,False,False,NO_MOTION/VERIFIED,nan,False,False,False,77.0,0.03054663555674872,11.0,0.15399328692786585,649.0,0.094261755544303,64.0,0.020940165847640958,NO_MOTION,VERIFIED,no motion; geometry verified by background
191,return,False,15.505899620056152,-0.4459000587463393,47.65,47.795,16.121000289916992,15.932999610900879,47.883,48.055,15.802000045776367,15.472999572753906,721.0,763.0,728.0,0.008098436519503593,0.022000189870595932,0.7925723314857402,False,nan,nan,2.4433331960327287,3.333113433521019,0.07892958659057461,0.14572078968825308,0.025109648666129632,0.07372071367927051,0.06307179275501754,0.13812466722969846,0.07675981644324856,0.14081724989075092,False,False,NO_MOTION/VERIFIED,nan,False,False,False,57.0,0.025085877020055512,21.0,0.10935809677197265,685.0,0.14646397456659127,45.0,0.017118912197105967,NO_MOTION,VERIFIED,no motion; geometry verified by background
192,return,False,15.000099658966064,-0.5057999610900872,47.883,48.055,15.802000045776367,15.472999572753906,48.144,48.294,15.307000160217285,14.965999603271484,713.0,796.0,726.0,0.00808364525437355,0.02043813467025757,0.881116810286433,False,nan,nan,1.2806909760869054,1.9924701570364545,0.07182035828393377,0.1688079628987037,0.02569040788994556,0.07106005082114082,0.059636226366959574,0.15306720398025825,0.0740852543070411,0.13314683195190238,False,False,NO_MOTION/VERIFIED,nan,False,False,False,69.0,0.026033335236044283,22.0,0.17740431144143398,705.0,0.16406434590470884,57.0,0.022551376760408387,NO_MOTION,VERIFIED,no motion; geometry verified by background
193,return,False,14.329500198364258,-0.6705994606018066,48.144,48.294,15.307000160217285,14.965999603271484,48.354,48.56,14.829000473022461,14.27400016784668,724.0,785.0,730.0,0.009236536920070648,0.0243349839001894,1.23430152318921,False,nan,nan,3.731964432468379,4.975111919711667,0.05483047123027948,0.12885784280929763,0.03256869415233959,0.12235454716940385,0.08560138253017183,0.22337332278119354,0.07524345229976237,0.19111794271593818,False,False,NO_MOTION/VERIFIED,nan,False,False,False,62.0,0.020825204277574928,23.0,0.22651207602327028,700.0,0.23861161761451982,52.0,0.018033245994764475,NO_MOTION,VERIFIED,no motion; geometry verified by background
194,return,False,13.646799564361572,-0.6827006340026855,48.354,48.56,14.829000473022461,14.27400016784668,48.656,48.791,14.02299976348877,13.604999542236328,717.0,809.0,724.0,0.008964743465185165,0.02341156266629696,1.2377338874919148,False,nan,nan,3.814083939117807,5.091631324430711,0.47272964832015185,0.7359634717829969,0.03394235217829965,0.12573964564085202,0.09434267897280255,0.20411127986096428,0.07459970211068478,0.21063419985345452,False,False,NO_MOTION/VERIFIED,nan,False,False,False,68.0,0.02063409643619038,23.0,0.43200932948022663,718.0,0.2322625059531767,60.0,0.018134267675329073,NO_MOTION,VERIFIED,no motion; geometry verified by background
195,return,False,12.7721999168396,-0.874599647521972,48.656,48.791,14.02299976348877,13.604999542236328,48.852,49.062,13.4399995803833,12.697999954223633,715.0,817.0,729.0,0.011303415521979332,0.029237229377031326,1.579513743799663,False,nan,nan,4.7318779537664994,6.214606546040792,0.1337821311307494,0.330666886432175,0.043156220340634724,0.14314267891036092,0.09690431734506175,0.3030515583652788,0.07629421246609869,0.21635344224437994,False,False,NO_MOTION/VERIFIED,nan,False,False,False,69.0,0.020847948522580644,29.0,0.24024041801194213,719.0,0.3429628387613405,60.0,0.01642987161687793,NO_MOTION,VERIFIED,no motion; geometry verified by background
196,return,False,11.930099773406983,-0.8421001434326172,48.852,49.062,13.4399995803833,12.697999954223633,49.155,49.29,12.390000343322754,11.878999710083008,718.0,834.0,732.0,0.01095553394407034,0.028350159525871277,1.521871832833448,False,nan,nan,4.745770142565471,6.337304952164249,0.5193102366787576,0.6973870903753421,0.046317209618061184,0.13321291445289396,0.11096650786391316,0.2948993129068095,0.07566165235983159,0.24774939453633246,False,False,NO_MOTION/VERIFIED,nan,False,False,False,74.0,0.02135337524153924,29.0,0.38956369932344026,731.0,0.32426439492536296,65.0,0.017358335994743096,NO_MOTION,VERIFIED,no motion; geometry verified by background
197,return,False,10.93960018157959,-0.990499591827394,49.155,49.29,12.390000343322754,11.878999710083008,49.355,49.559,11.664999961853027,10.859000205993652,693.0,839.0,716.0,0.012171311303973198,0.03176151588559151,1.847174307698123,False,nan,nan,5.844836476682659,7.714125678925717,0.04991944465488664,0.22627807221553953,0.05139542488133075,0.1699250298878518,0.14151670301686217,0.4204887946162821,0.07874809722738213,0.3159572934583398,False,False,NO_MOTION/VERIFIED,nan,False,False,False,78.0,0.018412288979179146,24.0,0.731253180900822,737.0,0.46496764740385227,68.0,0.016090980540346682,NO_MOTION,VERIFIED,no motion; geometry verified by background
198,return,False,10.020700263977051,-0.9188999176025376,49.355,49.559,11.664999961853027,10.859000205993652,49.654,49.793,10.539999961853027,9.963000297546387,709.0,846.0,735.0,0.010702449828386307,0.031171293929219246,1.6774884413755384,False,nan,nan,5.418702676332586,7.049692276560673,0.11827741580786946,0.239573656275181,0.0333777193291548,0.14473719013510872,0.12959344559444969,0.3644751409826985,0.07430179383464769,0.28933683054419435,False,False,NO_MOTION/VERIFIED,nan,False,False,False,74.0,0.022851102877275514,33.0,0.6939159792278492,739.0,0.39926124361719206,63.0,0.01698065233985721,NO_MOTION,VERIFIED,no motion; geometry verified by background
199,return,False,8.950000381469726,-1.0706998825073253,49.654,49.793,10.539999961853027,9.963000297546387,49.886,50.058,9.616000175476074,8.87600040435791,636.0,861.0,719.0,0.011589309200644493,0.028874849900603294,1.9269552497110922,False,nan,nan,6.152732113525836,8.029572774179218,0.3642169714910678,0.5736557519617803,0.03668483209569484,0.14390680809095457,0.09833190769983682,0.4684620617500717,0.07098477408634847,0.21954075211696947,False,False,NO_MOTION/VERIFIED,nan,False,False,False,78.0,0.02720261223183962,30.0,0.7511355420162191,753.0,0.5046307199648014,66.0,0.023116333358942948,NO_MOTION,VERIFIED,no motion; geometry verified by background
200,return,False,7.971899938583374,-0.978100442886352,49.886,50.058,9.616000175476074,8.87600040435791,50.132,50.289,8.60099983215332,7.9019999504089355,636.0,884.0,680.0,0.01122606173157692,0.02972077578306198,1.812111424231993,False,nan,nan,4.9100448057571615,6.563577991857893,0.07800712248443178,0.24443763374289973,0.034207292089832496,0.1624899641088556,0.11444656793426687,0.39939907425392907,0.06970911722855425,0.25551915130328023,False,False,NO_MOTION/VERIFIED,nan,False,False,False,99.0,0.030763592724090127,39.0,0.917156197119422,746.0,0.43138536778858627,89.0,0.027711155392966005,NO_MOTION,VERIFIED,no motion; geometry verified by background
201,return,False,6.816199874877929,-1.1557000637054449,50.132,50.289,8.60099983215332,7.9019999504089355,50.372,50.559,7.573999881744385,6.73199987411499,641.0,861.0,694.0,0.011969194747507572,0.033764854073524475,2.08032012396655,False,nan,nan,6.632573420615842,8.66461114153162,0.09294256726013797,0.43966154601369345,0.041675880169116636,0.1558746269975268,0.12646738413242953,0.4700469363726998,0.0674949441394794,0.28235742883635057,False,False,NO_MOTION/VERIFIED,nan,False,False,False,102.0,0.027880871227854237,30.0,0.9817426829888805,729.0,0.5074248765541484,88.0,0.022815942653334823,NO_MOTION,VERIFIED,no motion; geometry verified by background
202,return,False,5.783800172805786,-1.0323997020721434,50.372,50.559,7.573999881744385,6.73199987411499,50.652,50.787,6.348999977111816,5.7210001945495605,631.0,906.0,681.0,0.01178294699639082,0.032015033066272736,1.8863702740126758,False,nan,nan,5.848060561510087,7.363220951654844,0.051192268037881974,0.139266472393621,0.040077672861083304,0.13392635047290302,0.12602022946096186,0.37812813897942754,0.06839124625330317,0.28135908887546734,False,False,NO_MOTION/VERIFIED,nan,False,False,False,118.0,0.030907923183275017,24.0,0.6952046779469478,764.0,0.452255248861418,116.0,0.03001581252702635,NO_MOTION,VERIFIED,no motion; geometry verified by background
203,return,False,4.6118998527526855,-1.1719003200531004,50.652,50.787,6.348999977111816,5.7210001945495605,50.884,51.058,5.303999900817871,4.534999847412109,603.0,911.0,697.0,0.011064210906624794,0.0332152396440506,2.1809907372745863,False,nan,nan,1.9667450829287776,3.4773468721750667,0.14948202535129343,0.2749109531654619,0.04405553840897486,0.2295661814746035,0.1091303430447729,0.4698694725319497,0.06435256540650774,0.2436498808094627,False,False,NO_MOTION/VERIFIED,nan,False,False,False,124.0,0.03680272824421687,37.0,0.8049024167824642,750.0,0.5533823789893055,122.0,0.03503706769111262,NO_MOTION,VERIFIED,no motion; geometry verified by background
204,return,False,3.6060999155044557,-1.0057999372482298,50.884,51.058,5.303999900817871,4.534999847412109,51.124,51.297,4.2820000648498535,3.5309998989105225,661.0,986.0,693.0,0.011477530933916569,0.033634744584560394,1.8768090902269745,False,nan,nan,5.724100235239857,7.361009091249019,0.09825823000393456,0.23513692475236017,0.05164105343978762,0.23994392161652534,0.13886315621564982,0.3754297988518043,0.07384473631135362,0.31003285169632255,False,False,NO_MOTION/VERIFIED,nan,False,False,False,141.0,0.04320468898723067,43.0,0.6554700826771728,802.0,0.46248937928428635,135.0,0.04172922414622651,NO_MOTION,VERIFIED,no motion; geometry verified by background
205,return,False,2.5596999406814573,-1.0463999748229984,51.124,51.297,4.2820000648498535,3.5309998989105225,51.386,51.556,3.177999973297119,2.490999937057495,634.0,965.0,679.0,0.010166632011532784,0.0321989431977272,2.056955518834849,False,nan,nan,6.688111556375539,8.385178289461802,0.24033912097613494,0.6092627500458807,0.048678072628344775,0.32696909635610816,0.14180727622511785,0.4662517884235545,0.07295041676104837,0.31660604178609747,False,False,NO_MOTION/VERIFIED,nan,False,False,False,142.0,0.048080303366085986,38.0,0.40674038684149244,785.0,0.5692580921100082,130.0,0.04155144384578616,NO_MOTION,VERIFIED,no motion; geometry verified by background
206,return,False,1.7138999819755554,-0.845799958705902,51.386,51.556,3.177999973297119,2.490999937057495,51.65,51.793,2.171999931335449,1.6629999876022339,644.0,1038.0,663.0,0.010121784172952175,0.030671320855617523,1.6340015902795062,False,nan,nan,5.24740683005076,6.5292516596216,0.11200247820170266,0.24662139878017375,0.04284346725193465,0.1629210169770093,0.10990168133232657,0.3189871153973304,0.07067022451864628,0.24537200938143214,False,False,NO_MOTION/VERIFIED,nan,False,False,False,188.0,0.03641237239998944,46.0,0.32623079039358366,804.0,0.4366842456521524,174.0,0.03367232283177496,NO_MOTION,VERIFIED,no motion; geometry verified by background
207,return,False,0.9057999908924103,-0.8080999910831451,51.65,51.793,2.171999931335449,1.6629999876022339,51.861,52.073,1.4709999561309814,0.8429999947547913,685.0,1055.0,700.0,0.010451100766658783,0.029255136847496033,1.6361107164906656,False,nan,nan,5.03715703252448,6.303084079328141,0.10167511922397204,0.5294902270412861,0.042765603827021215,0.5272512823821045,0.11798504041818114,0.3478239337348215,0.07219242238665241,0.26341932255628875,False,False,NO_MOTION/VERIFIED,nan,False,False,False,185.0,0.04575123350300406,32.0,0.617765005119684,838.0,0.4570826622244202,168.0,0.03953435935922989,NO_MOTION,VERIFIED,no motion; geometry verified by background
208,return,False,0.3588000059127808,-0.5469999849796294,51.861,52.073,1.4709999561309814,0.8429999947547913,52.163,52.294,0.6359999775886536,0.328000009059906,671.0,1119.0,678.0,0.008670429699122906,0.026631269603967667,1.143091322749316,False,nan,nan,3.490304246231696,4.473664306614164,0.054596133320455056,0.4771912088560968,0.0420403693353314,0.34904135227940225,0.08837616112547034,0.23757827255532415,0.07000089179238222,0.19731305266569577,False,False,NO_MOTION/VERIFIED,nan,False,False,False,204.0,0.037307366483989954,29.0,0.3193034754691372,886.0,0.3323570439808352,185.0,0.03265267620205556,NO_MOTION,VERIFIED,no motion; geometry verified by background
209,return,False,-0.1109000012278557,-0.4697000071406365,52.163,52.294,0.6359999775886536,0.328000009059906,52.384,52.558,0.1509999930858612,-0.14000000059604645,660.0,1240.0,663.0,0.008105587214231491,0.021280454471707344,0.9884115664254733,False,nan,nan,1.7675727403204584,2.3635690909468234,0.04004683216293324,0.3922464782565959,0.030107343471834552,0.3560392951011394,0.07854055557382467,0.23803357126661776,0.07215120084859764,0.17535358609126953,False,False,NO_MOTION/VERIFIED,nan,False,False,False,194.0,0.029968469485508534,18.0,0.11738494396432558,1028.0,0.31569021555170207,175.0,0.02827271451907653,NO_MOTION,VERIFIED,no motion; geometry verified by background
210,return,False,-0.4028000071644783,-0.2919000059366226,52.384,52.558,0.1509999930858612,-0.14000000059604645,52.623,52.802,-0.22100000083446503,-0.4230000078678131,680.0,1200.0,684.0,0.006752525456249714,0.018575936555862427,0.6246657610771492,False,nan,nan,1.312283723636548,1.666087422037265,0.022756070903178584,0.2677503704852492,0.019441827482584245,0.25982028988816264,0.05228913072731055,0.14699186616113954,0.07145334667652228,0.11674333749791926,False,False,NO_MOTION/VERIFIED,nan,False,False,False,212.0,0.03287764208086258,15.0,0.293092852658435,973.0,0.18647620272871945,189.0,0.02897159337363832,NO_MOTION,VERIFIED,no motion; geometry verified by background
211,return,False,-0.5812999844551087,-0.17849997729063038,52.623,52.802,-0.22100000083446503,-0.4230000078678131,52.862,53.064,-0.46700000762939453,-0.593999981880188,673.0,1314.0,676.0,0.007285460829734802,0.02021149918437004,0.4265997789295144,False,nan,nan,1.0391984293089802,1.1974872273757842,0.019917426093925224,0.17085826582417526,0.01943544437890886,0.16054074186523232,0.05820260005496672,0.15196273609943933,0.06908277586632851,0.1299460458983017,False,False,NO_MOTION/VERIFIED,nan,False,False,False,192.0,0.025203736458337612,12.0,0.250198867382163,1110.0,0.17909661870075905,164.0,0.02070900698127212,NO_MOTION,VERIFIED,no motion; geometry verified by background
212,return,False,-0.6506999850273132,-0.06940000057220452,52.862,53.064,-0.46700000762939453,-0.593999981880188,53.153,53.292,-0.6209999918937683,-0.6539999842643738,674.0,1300.0,674.0,0.006746593397110701,0.017216870561242104,0.18283526176504322,False,nan,nan,0.5642738488705632,0.6261718213946424,0.2025066674504547,0.31289090981993106,0.013933910282385772,0.050040775777373134,0.031171879547632238,0.08147198516836181,0.07044574547046122,0.06959590270206988,False,False,NO_MOTION/VERIFIED,nan,False,False,False,213.0,0.019877743680208736,0.0,nan,1087.0,0.09835308449406563,187.0,0.017312730231742023,NO_MOTION,VERIFIED,no motion; geometry verified by background
213,return,False,-0.3515000134706497,0.2991999715566635,53.153,53.292,-0.6209999918937683,-0.6539999842643738,53.383,53.56,-0.6710000038146973,-0.3160000145435333,685.0,1378.0,685.0,0.004803684074431658,0.012774989008903503,0.09138394606676081,False,nan,nan,0.32233939096692626,0.3674053204417833,0.15026072338895993,0.2231944285003426,0.028950662600490958,0.09906374079667472,0.09013945577276278,0.3638655651385565,0.07292366609524384,0.20124987278976064,False,False,NO_MOTION/VERIFIED,nan,False,False,False,207.0,0.04125730165424694,0.0,nan,1171.0,0.45646517847560253,180.0,0.03346634748623711,NO_MOTION,VERIFIED,no motion; geometry verified by background
214,return,False,-0.3187000066041946,0.03280000686645507,53.383,53.56,-0.6710000038146973,-0.3160000145435333,53.627,53.793,-0.3160000145435333,-0.3190000057220459,690.0,1311.0,690.0,0.003324515651911497,0.009146621450781822,0.02797384140102501,False,nan,nan,0.08281589120656041,0.1149296076093137,0.016039342409335064,0.05501520453878196,0.009802697682833907,0.03173428070342186,0.016219855115604406,0.05483719583252235,0.06696793755274867,0.03621326255743918,False,False,NO_MOTION/VERIFIED,nan,False,False,False,207.0,0.0142818306325823,0.0,nan,1104.0,0.06492289364770164,182.0,0.01214382686719205,NO_MOTION,VERIFIED,no motion; geometry verified by background
215,return,False,-0.3190000057220459,-0.00029999911785127953,53.627,53.793,-0.3160000145435333,-0.3190000057220459,53.881,54.068,-0.3190000057220459,-0.3190000057220459,684.0,1354.0,684.0,0.0033330582082271576,0.00921428669244051,0.019752793584602794,True,0.013715426706825969,0.03363481563316996,nan,nan,nan,nan,nan,nan,nan,nan,nan,0.0750947774140864,False,False,NO_MOTION/NOT_CHECKED,nan,False,False,False,nan,nan,nan,nan,nan,nan,nan,nan,NO_MOTION,NOT_CHECKED,no motion; geometry not checked
216,return,False,-0.3190000057220459,0.0,53.881,54.068,-0.3190000057220459,-0.3190000057220459,54.161,54.295,-0.3190000057220459,-0.3190000057220459,689.0,1375.0,689.0,0.003414697479456663,0.009693672880530357,0.018681584946064093,True,0.007259861739531224,0.023428268140170874,nan,nan,nan,nan,nan,nan,nan,nan,nan,0.052307127244920544,False,False,NO_MOTION/NOT_CHECKED,nan,False,False,False,nan,nan,nan,nan,nan,nan,nan,nan,NO_MOTION,NOT_CHECKED,no motion; geometry not checked
217,return,False,-0.3216999977827072,-0.0026999920606612937,54.161,54.295,-0.3190000057220459,-0.3190000057220459,54.353,54.565,-0.3190000057220459,-0.32199999690055847,685.0,1336.0,685.0,0.00320565328001976,0.009791601449251175,0.018031639073980067,True,0.009850561429030107,0.03318580227550179,nan,nan,nan,nan,nan,nan,nan,nan,nan,0.07409228765711,False,False,NO_MOTION/NOT_CHECKED,nan,False,False,False,nan,nan,nan,nan,nan,nan,nan,nan,NO_MOTION,NOT_CHECKED,no motion; geometry not checked
218,return,False,-0.32199999690055847,-0.00029999911785127953,54.353,54.565,-0.3190000057220459,-0.32199999690055847,54.66,54.795,-0.32199999690055847,-0.32199999690055847,674.0,1343.0,674.0,0.0033638551831245422,0.008558246307075024,0.017257389626956676,True,0.005747999848214543,0.02457055511627494,nan,nan,nan,nan,nan,nan,nan,nan,nan,0.0548574544757602,False,False,NO_MOTION/NOT_CHECKED,nan,False,False,False,nan,nan,nan,nan,nan,nan,nan,nan,NO_MOTION,NOT_CHECKED,no motion; geometry not checked
219,return,False,-0.32199999690055847,0.0,54.66,54.795,-0.32199999690055847,-0.32199999690055847,54.89,55.056,-0.32199999690055847,-0.32199999690055847,699.0,1368.0,699.0,0.0034163675736635923,0.00926601979881525,0.01860270614956022,True,0.007741947616051642,0.02689139605814928,nan,nan,nan,nan,nan,nan,nan,nan,nan,0.06003908043870075,False,False,NO_MOTION/NOT_CHECKED,nan,False,False,False,nan,nan,nan,nan,nan,nan,nan,nan,NO_MOTION,NOT_CHECKED,no motion; geometry not checked
220,return,False,-0.32199999690055847,0.0,54.89,55.056,-0.32199999690055847,-0.32199999690055847,55.171,55.29,-0.32199999690055847,-0.32199999690055847,684.0,1354.0,684.0,0.0032246445771306753,0.008928360417485237,0.019552979953541813,True,0.006970897945065616,0.031161968309756174,nan,nan,nan,nan,nan,nan,nan,nan,nan,0.0695737743749722,False,False,NO_MOTION/NOT_CHECKED,nan,False,False,False,nan,nan,nan,nan,nan,nan,nan,nan,NO_MOTION,NOT_CHECKED,no motion; geometry not checked
221,return,False,-0.32199999690055847,0.0,55.171,55.29,-0.32199999690055847,-0.32199999690055847,55.392,55.56,-0.32199999690055847,-0.32199999690055847,689.0,1395.0,689.0,0.0030669786501675844,0.009099887683987617,0.01811498260044599,True,0.006225058772389175,0.019276574183183768,nan,nan,nan,nan,nan,nan,nan,nan,nan,0.04303784695536567,False,False,NO_MOTION/NOT_CHECKED,nan,False,False,False,nan,nan,nan,nan,nan,nan,nan,nan,NO_MOTION,NOT_CHECKED,no motion; geometry not checked
222,return,False,-0.32199999690055847,0.0,55.392,55.56,-0.32199999690055847,-0.32199999690055847,55.652,55.788,-0.32199999690055847,-0.32199999690055847,694.0,1381.0,694.0,0.0034457168076187372,0.009706653654575348,0.018254110720843885,True,0.006343575027772184,0.023668195527694006,nan,nan,nan,nan,nan,nan,nan,nan,nan,0.05284280117154747,False,False,NO_MOTION/NOT_CHECKED,nan,False,False,False,nan,nan,nan,nan,nan,nan,nan,nan,NO_MOTION,NOT_CHECKED,no motion; geometry not checked
223,return,False,-0.32199999690055847,0.0,55.652,55.788,-0.32199999690055847,-0.32199999690055847,55.884,56.057,-0.32199999690055847,-0.32199999690055847,687.0,1334.0,687.0,0.003412651363760233,0.009853937663137913,0.031475217541491796,True,0.020083892954224608,0.05414967391815664,nan,nan,nan,nan,nan,nan,nan,nan,nan,0.12089727960093753,False,False,NO_MOTION/NOT_CHECKED,nan,False,False,False,nan,nan,nan,nan,nan,nan,nan,nan,NO_MOTION,NOT_CHECKED,no motion; geometry not checked
224,return,False,-0.32199999690055847,0.0,55.884,56.057,-0.32199999690055847,-0.32199999690055847,56.126,56.297,-0.32199999690055847,-0.32199999690055847,675.0,1321.0,675.0,0.0035648136399686337,0.008096389472484589,0.02819980417656618,True,0.014931478858909516,0.04232963490025721,nan,nan,nan,nan,nan,nan,nan,nan,nan,0.09450726727693302,False,False,NO_MOTION/NOT_CHECKED,nan,False,False,False,nan,nan,nan,nan,nan,nan,nan,nan,NO_MOTION,NOT_CHECKED,no motion; geometry not checked
225,return,False,-0.32199999690055847,0.0,56.126,56.297,-0.32199999690055847,-0.32199999690055847,56.386,56.56,-0.32199999690055847,-0.32199999690055847,684.0,1333.0,684.0,0.0030624945648014545,0.008303816430270672,0.017820412306209482,True,0.0058462597951367615,0.026251791137004654,nan,nan,nan,nan,nan,nan,nan,nan,nan,0.05861106639188247,False,False,NO_MOTION/NOT_CHECKED,nan,False,False,False,nan,nan,nan,nan,nan,nan,nan,nan,NO_MOTION,NOT_CHECKED,no motion; geometry not checked
226,return,False,-0.32199999690055847,0.0,56.386,56.56,-0.32199999690055847,-0.32199999690055847,56.651,56.796,-0.32199999690055847,-0.32199999690055847,691.0,1368.0,691.0,0.00322505971416831,0.008998546749353409,0.017770708073939448,True,0.005124654297580789,0.022647585265214088,nan,nan,nan,nan,nan,nan,nan,nan,nan,0.05056413547813786,False,False,NO_MOTION/NOT_CHECKED,nan,False,False,False,nan,nan,nan,nan,nan,nan,nan,nan,NO_MOTION,NOT_CHECKED,no motion; geometry not checked
227,return,False,-0.32199999690055847,0.0,56.651,56.796,-0.32199999690055847,-0.32199999690055847,56.883,57.066,-0.32199999690055847,-0.32199999690055847,677.0,1342.0,678.0,0.006949704140424728,0.02303270623087883,0.15965837242111808,True,0.1351570540640592,0.28762326156914,nan,nan,nan,nan,nan,nan,nan,nan,nan,0.6421621287362619,True,False,SUSPECT/NOT_CHECKED,nan,False,False,False,nan,nan,nan,nan,nan,nan,nan,nan,SUSPECT,NOT_CHECKED,motion suspected; geometry not checked
228,return,False,-0.32199999690055847,0.0,56.883,57.066,-0.32199999690055847,-0.32199999690055847,57.162,57.294,-0.32199999690055847,-0.32199999690055847,680.0,1370.0,681.0,0.004784000106155872,0.012696209363639355,0.08374010950696964,True,0.0746344668566951,0.14878231169673037,nan,nan,nan,nan,nan,nan,nan,nan,nan,0.3321788560363278,False,False,NO_MOTION/NOT_CHECKED,nan,False,False,False,nan,nan,nan,nan,nan,nan,nan,nan,NO_MOTION,NOT_CHECKED,no motion; geometry not checked
