frame,cx,cy,n_body,body_abs,body_signed,bed_abs,bed_signed,n_bed
74,-138.1533295955099,-81.93422884928295,12,0.03252958767113462,-0.03252958767113462,0.02956795256477751,-0.029209526313612438,57
74,-133.13837022509904,-70.09919000340328,11,0.06043634642093844,-0.04738044563115835,0.024084256457134044,-0.019604612140302846,69
74,-131.53364010338473,43.13844798076419,9,0.01523507478975233,-0.01523507478975233,0.014367886567780222,-0.007222289167913988,58
74,-135.17619983665324,66.74015327957225,36,0.03485884740495601,0.03216434619887473,0.01371702799485499,-0.004289197721910033,29
74,-98.8646816533746,-82.04589069882215,14,0.056712215017073644,-0.056712215017073644,0.030839081977833437,-0.029209526313612438,15
74,-100.04827587755591,-60.480573829394494,30,0.04396614935978647,-0.04039147645389751,0.024220468486185552,-0.02228188718405868,41
74,-98.26274502041429,35.35571265611279,26,0.049413403991293944,0.049413403991293944,0.01371702799485499,-0.011849896392796525,37
74,-70.12224404834139,-61.22642790655906,31,0.010970076887288216,-0.0043783073148282985,0.014491916140711457,-0.006467782458978605,14
74,-67.26465841296849,32.988663224255525,37,0.016464840589796578,-0.00030427480189600776,0.01713393588862639,-0.004392999299507467,15
74,-38.95102340445003,-80.66171352227829,17,0.009753589736951082,0.0008893144781987444,0.009973104827267917,0.0002008252220858989,11
74,-37.66243257448654,-59.815834231044356,35,0.007615094322313417,0.0017477062640518933,0.011373849719295104,0.0011845752157527444,16
74,-37.192053476568226,33.88825364941431,38,0.013070401872731664,-0.0034496832322726723,0.012774594611322293,0.00023954835741343442,15
74,-6.939637438071803,-80.15432129028632,21,0.01861516733604329,0.017164266369346638,0.009878838998045309,0.002491945774869485,14
74,-6.297443429649649,-59.48050068524217,33,0.013192561913728218,0.013076282951391524,0.0097845731688227,0.002181187966165194,15
74,-6.203547064952016,34.35029368642569,37,0.014127902228218116,0.008983700865908256,0.0097845731688227,0.002181187966165194,15
74,14.56920077382374,-57.59253034853049,17,0.022954883821066162,0.022954883821066162,0.0097845731688227,0.002181187966165194,15
74,14.951268034958218,33.25384467866687,18,0.011610129673152572,-0.0029680525233542828,0.009878838998045309,0.0021553950201286245,12
75,-142.9108117802717,-26.871125991016132,15,0.015208626575831339,0.006714468423371479,0.022698573747593383,-0.005334334809953781,19
75,-131.06858349157957,34.11736563007161,24,0.036468477974032354,-0.036468477974032354,0.0419669550396124,-0.03123439814266276,10
75,-70.65465426159523,-59.64921277780356,40,0.0158606647190529,-0.012842213498742813,0.01486129335559696,-0.0007364047641147122,10
75,-37.50341947986227,-80.94502436667159,15,0.020021754504427176,-0.020021754504427176,0.00869003811394104,0.00277312370819939,11
75,-37.32495121755114,-60.913449083451546,39,0.02615089384336646,-0.021331797987853122,0.01008315610067874,0.0014506588326619356,16
75,-37.8688386662078,34.26005080262488,41,0.025977870048292464,0.024414902194640813,0.011476274087416442,0.00277312370819939,15
75,-8.101687459095968,-80.36610214357714,20,0.028502399159179084,-0.028502399159179084,0.008473050123971327,0.00012819395712448118,13
75,-6.532693600794159,-59.57413137695088,36,0.028177503696590587,-0.028177503696590587,0.00869003811394104,0.00012819395712448118,15
75,-6.487381280277091,34.14267070275348,37,0.02095832195312219,0.02095832195312219,0.00869003811394104,0.00012819395712448118,15
75,14.483565427739197,-59.905933560839735,16,0.038632665604195524,-0.03693000012237284,0.00869003811394104,0.00012819395712448118,15
75,14.685359595763583,33.2262556746228,16,0.03258468282472097,0.03258468282472097,0.011476274087416442,0.00012819395712448118,13
76,-138.91755396398474,-66.09970653558206,14,0.030896127757583977,0.01578132259881167,0.01547246192791908,-0.005758587138761765,23
76,-128.86906533602075,44.59579943889935,8,0.06393399865137131,-0.06393399865137131,0.017910084338798024,-0.012425110382198805,21
76,-133.17004868459895,66.71573413170569,26,0.0671731603047684,-0.00211728162082774,0.017441831976334747,-0.009039088345842708,17
76,-97.22723313685874,34.56009254290041,25,0.07513894313930408,0.07513894313930408,0.006536500937901109,-0.0007465561556198953,13
76,-68.2380982109881,-61.682031796779924,35,0.01193606048208861,-0.0022725971153806073,0.011186349298201925,-0.0030351479855788882,14
76,-66.66527189135297,33.08567279229741,39,0.027709935554151913,0.024991724903801475,0.009901155270380319,-0.006676036090384424,14
76,-38.52255131726808,-80.77320944062744,19,0.027015650048495498,-0.027015650048495498,0.010002366868620749,-0.0033236088771677963,15
76,-37.27032709091202,-60.13929147311913,35,0.013239916631804051,-0.011686783021273255,0.009901155270380319,-0.002597342307450382,20
76,-36.368655584342235,33.57467582643109,39,0.02774508818073203,0.02774508818073203,0.009901155270380319,-0.002597342307450382,20
76,-7.641353739073986,-79.71595583184605,22,0.049340638097583475,-0.049340638097583475,0.010002366868620749,-0.0033236088771677963,17
76,-6.503974282855875,-58.9748722755198,36,0.023596579698444392,-0.021179312585043998,0.009799943672139889,-0.0033236088771677963,19
76,-7.147367280836485,34.01346081579744,35,0.050886984619968045,0.050886984619968045,0.009799943672139889,-0.0033236088771677963,19
76,14.877649114692357,-59.22859149354114,17,0.045058880663813305,-0.044779841281908775,0.009799943672139889,-0.0033236088771677963,19
76,14.920446150686049,33.76418160678542,14,0.05931732292877491,0.05931732292877491,0.006204890277052848,-0.0033236088771677963,15
77,-131.69820503310336,68.24065672753963,25,0.04776811209703285,-0.005633672569357855,0.020967467873628923,-0.007669059230411479,22
77,-98.94061428694151,-81.96844514035158,12,0.10063835482306724,-0.10063835482306724,0.016200522348178557,-0.003240707995592405,16
77,-96.4264230695257,-60.851276571310194,24,0.049990739440409854,-0.02072505365098068,0.01656353317307271,0.00339198032996577,46
77,-96.56862809517119,34.01592921219967,23,0.05823092714238733,0.05823092714238733,0.014605671086795132,0.003664177222361335,33
77,-69.18860732758118,-62.28183565898505,31,0.00620036019371084,0.0004472810561992918,0.014831674777867697,-0.010070774903066649,19
77,-67.07548946254768,34.181047394735444,41,0.03099362516483242,0.02967009889961707,0.01527050359444916,-0.00262463102173191,16
77,-36.5352799729179,-80.54153036467514,19,0.027048349318342085,-0.027048349318342085,0.014831674777867697,-0.004280897654723925,17
77,-38.210062488178146,-61.404345782191164,37,0.024073475987972395,-0.024073475987972395,0.013143736486205194,-0.004252333318822977,24
77,-37.59888602309401,34.294141444967444,39,0.03781297848846213,0.03781297848846213,0.014831674777867697,-0.004280897654723925,23
77,-6.37163796059495,-79.77968064244911,17,0.03901711884604243,-0.03901711884604243,0.014041084908601918,-0.004252333318822977,22
77,-6.9823567503707284,-59.97457767259001,32,0.0354037943002254,-0.03300418453479154,0.014059106646075202,-0.0042237689829220295,25
77,-8.305098253759619,34.68419571178327,34,0.05260834285676873,0.052174821221588216,0.01444539071197145,-0.0025960666858309625,26
77,15.03774685953681,-80.95381786563614,9,0.019228303694875454,-0.019228303694875454,0.011018136120584018,-0.0042237689829220295,17
77,14.141640857233961,-61.66919025607432,15,0.041379538059076106,-0.041379538059076106,0.014831674777867697,-0.0042237689829220295,27
77,14.348242436147068,35.78031866989902,16,0.054811275169193444,0.054811275169193444,0.014023063171128633,-0.0042237689829220295,23
78,-127.10505082273191,70.5529735340009,17,0.03646659784995906,0.009341238271776775,0.035890117829211296,-0.02620401008666827,23
78,-100.31352791891518,-81.7434355618075,10,0.11480128026374184,-0.11480128026374184,0.03373777668401702,0.021218541433605277,26
78,-98.27540025506352,-62.05815850416083,26,0.060038175667722446,-0.02148881700889789,0.022576023518555838,0.006924164584580798,51
78,-96.68266214515431,36.33883038748193,28,0.08359725094963735,0.06668321037331962,0.020847082643900998,-0.010651399823118936,32
78,-68.69049230074641,-62.403321028687074,34,0.008179386173460344,0.006434475623494286,0.018858372086877635,0.0030922410737951795,20
78,-67.83827448047111,33.56257250939291,39,0.01744487110423651,0.014313221368439079,0.016214879188161276,-0.005188043327610443,19
78,-38.875179003912045,-80.24953731909265,17,0.025279272989113484,-0.016069746527050913,0.015536120137330833,-0.009484851297031655,16
78,-37.886917808926434,-60.65413073611156,34,0.017776759234080418,-0.008905985001957446,0.015998403233186822,-0.008359899055207686,22
78,-36.58574514962578,33.403061824179154,38,0.04322313497242743,0.04322313497242743,0.015536120137330833,-0.004841414596970309,20
78,-8.388701103512297,-80.32038835581409,17,0.022929461718424353,-0.022929461718424353,0.015998403233186822,-0.008359899055207686,18
78,-6.861252134815024,-61.29842628284617,36,0.025977006958919326,-0.025977006958919326,0.01491126550128879,-0.004841414596970309,20
78,-7.189233500920652,34.669530486926064,39,0.049337873790330826,0.049337873790330826,0.015781927278212367,-0.004753730324242521,21
78,14.583456120480747,-80.83559545363768,9,0.008346959120932822,-0.008346959120932822,0.015998403233186822,-0.012915651482541243,14
78,14.677727678208841,-61.0261092320967,12,0.0292794094671825,-0.0292794094671825,0.015998403233186822,-0.004841414596970309,20
78,14.326098074684243,33.70825024085552,15,0.06991591104209033,0.06991591104209033,0.015781927278212367,-0.000877803531626648,17
79,-131.45496115246064,-66.43649602927066,14,0.03748312660552421,0.02630121936898608,0.0163080241942487,0.00606113827445985,61
79,-127.38814090102808,35.366897657319825,15,0.06012499394188142,-0.06012499394188142,0.02014358849375842,-0.00342377095891458,66
79,-128.87438246454073,68.9416451977226,24,0.03852870132108952,0.022713564039078933,0.03411917260050602,-0.022175868125540926,20
79,-99.34468479602586,-82.84538983770871,10,0.08299495998755405,-0.08299495998755405,0.013754692056352439,0.006971637369289606,16
79,-99.46832737743513,-61.85129341776559,32,0.056415024495615015,-0.021342443949762833,0.014746776871050587,0.0026062292874927543,39
79,-96.91201801608393,36.62820157191984,25,0.027740460073094848,0.027178216230479103,0.012818758447528913,-0.000729315174311818,29
79,-68.55301497884257,-61.70265454342901,36,0.017158864007929972,-0.015790053218542086,0.018878582016355984,0.006971637369289606,24
79,-67.87618761351752,34.36733522451281,41,0.016914903197864414,0.012735676644639605,0.019459328549560128,0.0038466962651172608,19
79,-37.06812611114712,-79.6508685650792,17,0.047034393811561,-0.047034393811561,0.018878582016355984,0.011608432673385941,18
79,-36.40081187170982,-60.83943582376708,32,0.038558647791057124,-0.038558647791057124,0.018619846836508372,0.00798274410154457,23
79,-37.158387677714735,34.27707706521556,41,0.036706364167473735,0.033711789708996444,0.018619846836508372,0.01159328839779107,21
79,-8.391017072365136,-80.57212963575054,17,0.067391726295741,-0.067391726295741,0.016909072565788944,0.0038466962651172608,21
79,-5.2833143256699575,-61.895506890841745,36,0.048802001911932374,-0.048802001911932374,0.017764459701148656,0.004270331692056106,24
79,-7.630998507933605,34.93477609005706,36,0.05283840482149738,0.05283840482149738,0.016909072565788944,0.0038466962651172608,23
79,16.15497622004232,-61.010616243123714,11,0.054626320797899565,-0.054626320797899565,0.014939465067011319,0.00333058149320324,22
79,14.247857537857556,33.349677243493524,16,0.060271445250783096,0.060271445250783096,0.014306388714058552,0.0038466962651172608,21
80,-127.35874498600356,-68.05529738415392,12,0.09344333351513515,-0.021676027406710777,0.023967028441454995,-0.0016536831079252004,77
80,-129.07629630870989,36.86759240974514,10,0.07790048448849321,-0.05807517569004423,0.030440040489203773,-0.013216271562451722,73
80,-130.45421716446694,70.30519022328072,21,0.04630805873721443,-0.01959495669423824,0.03567859127473713,-0.0008894711518672828,24
80,-99.53248014267159,-81.40580827530705,14,0.029419911919146946,-0.029419911919146946,0.03446452744681246,-0.023967028441454995,21
80,-98.87260057576069,-62.02741059905664,26,0.0881841821886084,-0.06720105316435347,0.030516614212947688,-0.017076364573002472,49
80,-98.130513821502,31.47161974901699,27,0.0733917102615916,0.0733917102615916,0.02255997938632112,-0.015789961759592644,42
80,-69.81418920626015,-61.43290655204497,35,0.011109475732912946,-0.0020058962306877615,0.02538331073051316,-0.017076364573002472,25
80,-68.14454251887406,33.3381951286523,42,0.02391054364505836,0.023133288619142385,0.027911675609858466,-0.012983568387115639,18
80,-37.32313150178261,-80.07192746433043,20,0.018091571396032874,-0.018091571396032874,0.018624284308367392,0.0010623327221527675,17
80,-37.66946370949885,-61.197578664434225,35,0.021524812016852052,-0.021524812016852052,0.018624284308367392,0.0021134610292817004,23
80,-37.37370398039437,34.32792299604063,39,0.030233070659847868,0.028556655807750048,0.018624284308367392,0.0010623327221527675,21
80,-6.58549757432557,-80.06381588081663,17,0.04352977449172168,-0.04352977449172168,0.017031500945710265,0.004226446005069658,20
80,-6.479834221232887,-61.747193656985246,31,0.046959885687386266,-0.046959885687386266,0.015885328133407362,0.003078343209623942,24
80,-5.92552798723887,33.55955294368501,35,0.06112463075273469,0.06112463075273469,0.015512943472864776,0.004226446005069658,24
80,15.443788143349602,-61.735438861890444,14,0.04833426417376026,-0.04833426417376026,0.015512943472864776,0.004226446005069658,24
80,14.723424332479965,35.4966481378791,13,0.06273248166414773,0.06273248166414773,0.011715569333227139,0.004043225389966184,23
81,-130.59400226092043,70.41099382264052,21,0.049286362434902226,-0.02940458137833105,0.032401504885490186,-0.022059954236587163,11
81,-103.42746829992774,-82.73359705806087,12,0.21003606853686613,-0.21003606853686613,0.01876981350093716,-0.014864393826347277,11
81,-98.66415666059439,-62.96575259255223,25,0.0812091274943381,-0.030240508952041608,0.013983109058614185,-0.005225849010817114,29
81,-99.16946714573416,34.81502730357867,28,0.11975902643285491,0.11975902643285491,0.013010421196459752,-0.005429368808014291,24
81,-69.40148917324697,-81.5589579244489,18,0.020054801490393064,-0.019318999033315964,0.021158334828465325,-0.008322408141978889,11
81,-68.46607755862193,-62.40682845270045,38,0.018298907511801434,-0.017096093126678938,0.016082751446353856,-0.006318463898231336,24
81,-68.1073344288823,32.732520749510435,40,0.02652677442005107,0.025681670122070843,0.013307980538712334,-0.003929326445022548,24
81,-36.87547591505993,-80.96232254529534,15,0.043200075063504914,-0.043200075063504914,0.01339568939177055,-0.006727860205334767,19
81,-37.699371830948756,-61.42249895861715,36,0.040581739540575756,-0.040581739540575756,0.01339568939177055,-0.006727860205334767,23
81,-37.818498988877735,34.710254158917486,38,0.050984426985421466,0.04850676950991971,0.013307980538712334,-0.006688262675926474,22
81,-7.906178840266132,-79.62510558067936,19,0.04410878512131957,-0.04410878512131957,0.00912839316302868,-0.006688262675926474,20
81,-7.115122231482035,-61.10374437377388,29,0.053869843803926475,-0.053869843803926475,0.012777721463831758,-0.005988262649944493,25
81,-6.867506421331282,33.69432446315426,37,0.0536202648632128,0.0536202648632128,0.011765006721092205,-0.006318463898231336,24
81,14.31036574098414,-61.76716017812718,15,0.062081134118976214,-0.062081134118976214,0.011765006721092205,-0.0006061377031676768,24
81,14.63347885946259,36.821361583445366,16,0.09188536748369677,0.09188536748369677,0.012777721463831758,0.00020010621483575918,23
82,-125.03270955700425,35.41675296522596,8,0.0760962043324295,-0.039604949953793274,0.02392956522736142,-0.0020605864629781897,68
82,-130.87150319591763,69.60687287884355,26,0.04718673962015045,-0.005301436349236035,0.036628715172654355,0.005035100378485052,22
82,-99.55837732061795,-81.53253075752144,13,0.04968668042836846,-0.04968668042836846,0.027106488340381495,-0.002781721916677019,17
82,-96.88865512058526,-62.977227016372,29,0.042648563726062606,-0.004037485702437637,0.01907842582058014,-0.0008029093233277798,34
82,-99.86811419696316,33.06242887109087,25,0.07755832037081298,0.07755832037081298,0.027708880564931773,-0.0013394510092793604,39
82,-68.75909437444653,-61.6123185937242,34,0.011224772177324045,-0.007774144220891845,0.029599673767245496,-0.018388998710775702,24
82,-67.00277323964939,33.623661394260445,41,0.009597581053458048,9.716716639059083e-05,0.0302684780851748,-0.01728997186998897,23
82,-38.386337164744454,-80.06870327008302,20,0.03598894332481476,-0.03598894332481476,0.0318814296168778,-0.010045321757575732,14
82,-37.3327705368518,-60.34569195272773,32,0.03205326188213513,-0.03205326188213513,0.028930869449316197,-0.001991898807571687,19
82,-36.49906769039814,34.4554206847984,35,0.02856366601689648,0.027454907783417578,0.0302684780851748,-0.009717579828502338,17
82,-7.426726723671235,-80.26155881123091,19,0.05453973073931772,-0.05453973073931772,0.018388998710775702,-0.010103426230284672,18
82,-7.17976340431672,-60.96815519646217,36,0.04456858538048835,-0.04456858538048835,0.01809874470757978,-0.009717579828502338,21
82,-5.305150810965079,33.45827255402565,37,0.05248892139596193,0.05248892139596193,0.015070576852837768,-0.00012249201635890228,20
82,14.746479436114978,-79.89020692037482,9,0.051539961493405666,-0.051539961493405666,0.012189767102294658,-0.010103426230284672,16
82,14.51973852673322,-60.36671389938229,13,0.05029824760940946,-0.05029824760940946,0.01364367606375273,-0.010103426230284672,20
82,14.88558064828633,34.661656477869165,14,0.05945762458555727,0.05945762458555727,0.01364367606375273,-0.010103426230284672,20
83,-130.5266482081873,70.17751771541016,18,0.04387201477778009,-0.03703427608068528,0.035715881122894755,0.001083110397972267,22
83,-96.61197626237835,-82.18255211979492,13,0.034462341248350556,0.0045705691371227845,0.023171495913721113,-0.011937886121595746,12
83,-98.57409668326518,-62.445545703627396,27,0.08466251206143735,-0.015460899700715826,0.01768108034416602,-0.0037495271738929798,39
83,-97.01666653398158,35.79610081519757,30,0.03981272702783114,0.037914514318572116,0.026528163785866123,-0.00901383399035802,40
83,-101.64700437710817,66.48455435904916,35,0.02830243953018029,0.02040638201119944,0.0319649189811105,-0.007658562952050318,13
83,-68.8498347263992,-61.626537662193755,35,0.012783452080968488,0.00685585314770679,0.018266352296604022,0.0033531941580141424,25
83,-67.32091012738606,33.35057556005143,41,0.018410760435246767,0.017432000895202,0.01640878233705309,-0.005375537758135337,29
83,-36.31584739481595,-79.70220549355373,17,0.018260421794202893,-0.018260421794202893,0.012747771010497096,0.0033531941580141424,15
83,-37.68218135104573,-61.209019218679835,32,0.016773161391737068,-0.016773161391737068,0.011746146582045385,-0.0024826706274599904,19
83,-37.745185860655106,35.00829008488025,35,0.022680622645094285,0.022680622645094285,0.011348948896687163,-0.0014313602722859481,19
83,-6.786900280219278,-79.85810847225738,18,0.05673462531020007,-0.05673462531020007,0.01141920253957484,-0.005844192825941554,20
83,-7.377877229508094,-62.335483309673165,33,0.029129275134759734,-0.029129275134759734,0.011283734661891129,-0.005844192825941554,24
83,-5.641565224657957,33.777398031856194,38,0.03978632586359496,0.03593161185114874,0.011348948896687163,-0.004056656233098329,23
83,14.394189740899675,-61.61946108813165,14,0.03317326072539499,-0.03317326072539499,0.011484416774370874,-0.00326966343027916,24
83,14.75086251645379,34.358939819667,16,0.055681036527023345,0.055681036527023345,0.011746146582045385,-0.007631729418784778,23
84,-127.04487879828025,34.25901231338339,11,0.07926509124521097,-0.052431827563865725,0.018274070423306803,-0.007523559972287363,56
84,-132.6231899377498,69.71846155232008,28,0.04819727058650562,-0.025286055717791307,0.015508160739393113,0.003682777307769113,10
84,-98.10857098701587,-82.45493335881716,11,0.03166690735243875,-0.03166690735243875,0.0261264451299144,-0.026042033686894346,15
84,-99.81419247503223,-62.11645964611879,36,0.06769946434478688,-0.0033925692173006577,0.018150138453097216,-0.005216626048871779,41
84,-100.2777659023622,34.09218960400359,36,0.036819507540521,0.036819507540521,0.01963195794675047,-0.014125045218154554,33
84,-69.32550739656617,-81.6015094603066,17,0.012406123388688873,0.009708753151722866,0.022589484373841437,-0.015859166866312804,12
84,-68.9622593186825,-61.53221240867645,35,0.01144529033409984,0.006827043203965976,0.0187266742650705,-0.006426176180693373,30
84,-68.69983494332905,33.224401952919536,39,0.008390029064496811,7.960905269217239e-05,0.0187266742650705,-0.006261012523322654,30
84,-37.944938604479866,-80.39859707354438,19,0.015467468215258814,-0.013099986484279732,0.012665810114857129,0.008550208949709665,15
84,-37.99052612264298,-61.18173883693579,32,0.015936128063263985,-0.013315197825169793,0.012665810114857129,0.0035238247765309663,21
84,-36.54939979821091,34.04020254764605,36,0.023933774032987153,0.0185585765524653,0.012665810114857129,0.0014270309747939172,21
84,-6.676017550058171,-79.79315769121781,19,0.03367721875655402,-0.03285504602615371,0.010060832056275434,-0.0005720617148157082,22
84,-6.8698641298996,-60.458240202369794,31,0.02404381739450978,-0.02404381739450978,0.008874144169845678,0.0017806591111370616,27
84,-5.89642902098918,34.304067380860694,42,0.025400044653751577,0.025400044653751577,0.009906347996791276,0.0014270309747939172,25
84,15.631362366713025,-79.60337285254073,8,0.036206839417702995,-0.036206839417702995,0.007384382721394334,0.0016038450429654892,20
84,15.16073399020282,-62.45176784719486,16,0.026417310646980108,-0.026417310646980108,0.008702075729200098,0.0031481132875062715,25
84,14.031448056253955,36.396515094922215,14,0.04197153580789462,0.04197153580789462,0.008702075729200098,0.0031481132875062715,25
85,-135.08642956235437,36.441961137338744,11,0.1458511988699524,-0.1458511988699524,0.014199463964312858,0.00461726385095854,42
85,-102.23449855493553,-82.16633678902333,13,0.04983978863745939,-0.04983978863745939,0.021386734300646616,0.01699671315653091,14
85,-99.01442176335304,-61.82445961891677,35,0.04758973702592286,-0.011350185075356442,0.018178944095189723,0.012130926328176224,29
85,-99.78345307239603,33.9606776782502,32,0.06411728554025184,0.05461936104980912,0.01990437418454414,0.007007138733307343,20
85,-69.39215015057468,-61.67052102842169,36,0.010451685456121499,0.008953722794234335,0.011902938726016877,0.005736988124307322,20
85,-69.22742326508408,33.20463706475235,43,0.01660317365452374,0.00358619325883426,0.014588487431257902,0.007007138733307343,22
85,-36.86823480203434,-79.84070864529788,18,0.01750331822533751,-0.014869145325047062,0.013265719069815524,0.001365231104559769,12
85,-37.59202967015759,-59.81944116116628,32,0.015079238031378141,-0.0053143181176089835,0.009821021377007032,0.001365231104559769,18
85,-37.47437563346068,34.96855443640522,37,0.02374284377343808,0.02370615652166174,0.012322661301120696,-0.00023709379857149624,17
85,-6.620216232024365,-79.9304989877042,19,0.03865740919981991,-0.03865740919981991,0.0081487236002122,-0.000501364355552969,16
85,-6.93252133998184,-60.373670864723486,30,0.02193753377008659,-0.02193753377008659,0.012322661301120696,-0.0007656349125344418,23
85,-6.502182391042018,34.49811405702098,36,0.03101183408570571,0.03101183408570571,0.012322661301120696,-0.00023709379857149624,21
85,14.709744836140187,-60.805577132052846,16,0.0246989195858201,-0.0246989195858201,0.0081487236002122,-0.0015045854252909022,22
85,14.201573829275663,32.28372493498797,17,0.06732870827710458,0.06732870827710458,0.0081487236002122,-0.000501364355552969,22
86,-135.57373078131556,71.01737472972987,28,0.03720101733836555,-0.018929104078670246,0.014187864234827062,-0.008007693182830802,19
86,-100.64124641845436,-82.25127031041748,13,0.07137391262470105,-0.07137391262470105,0.017892652739666157,0.0002774418774116249,22
86,-99.03515012576155,-62.31438286907808,30,0.06554636798632452,-0.014776860829234573,0.015863131325944347,-0.0013292151943557207,42
86,-100.47756165137181,34.37144919828216,34,0.06793324691650804,0.06322454250479392,0.01664439963042023,-0.0037055409582039643,45
86,-100.86058386695619,64.91724317493238,33,0.022606126502827954,0.0003458352363118615,0.013303143088286075,-0.0011550393000557889,12
86,-68.91601890908002,-81.66920204089297,16,0.010874143016571726,-0.004943444677547797,0.012066162130379091,0.0036158422548475005,13
86,-68.97253762094898,-61.639552636894805,36,0.0077470267005010154,-0.004704090986027899,0.01644425951844214,-0.004522323497915981,32
86,-68.63189857914406,32.541866187674785,42,0.012020975478618148,0.007680087371121448,0.01664439963042023,-0.0014267216815451956,37
86,-38.316705184567525,-80.37286587879703,18,0.010822880915264552,-0.010822880915264552,0.01479789944072541,-0.004522323497915981,14
86,-36.669765421467005,-60.56497391789555,33,0.012403208844987964,-0.01057889950646131,0.015221810300349112,-0.0014267216815451956,27
86,-37.166452333341695,35.53761178710016,35,0.026706307539870376,0.026448551888244347,0.015259674543831996,-0.01374842811455853,21
86,-5.113362590526394,-80.08745245352101,16,0.017373352580558495,-0.017373352580558495,0.01523559808126541,-0.004469682593324095,20
86,-5.815513572990253,-61.18818043567209,34,0.02726958337547005,-0.022527042069598616,0.015006921472095695,-0.0012166919554043403,26
86,-6.149399495292938,33.568087431215176,32,0.044293296805371384,0.044293296805371384,0.014564078490730551,-0.004469682593324095,24
86,15.266199706801409,-80.89624246806898,9,0.0265753723611352,-0.0265753723611352,0.01479203264384228,-0.0014267216815451956,19
86,14.9075202580975,-59.974219069060105,13,0.029686680538320104,-0.029686680538320104,0.014077979894652938,-0.0012166919554043403,26
86,14.474927592992698,34.45883890873844,17,0.04250812441486527,0.04250812441486527,0.01479203264384228,-0.0014267216815451956,25
87,-133.5478303779219,68.67894780593787,31,0.048651231443468036,-0.04582605127467822,0.02287096897436771,-0.02287096897436771,14
87,-98.58521859379725,-82.25081425288785,12,0.010025548284978925,-0.003941631352130447,0.02602083318537881,0.01095749631591411,13
87,-98.02209250172352,-63.28738689200203,32,0.057457876671271,0.0032219713255838747,0.02843994040540706,0.02738291242347093,25
87,-97.04548578816322,33.78296241091576,28,0.05429286439238422,0.04761736857324632,0.02520197679912279,-0.018819047173747924,27
87,-67.32145231779592,-82.64634733497113,13,0.012675126494712677,0.003339499552780947,0.01095749631591411,0.005409396936412147,11
87,-68.05839689590812,-61.62055052227131,37,0.016738684010226157,0.012437751992526065,0.017720402279478537,0.005047491766032081,20
87,-67.57601441189804,32.339989951887986,41,0.018573259053411825,0.003792595352754107,0.017291286643314023,0.004685586595652014,21
87,-36.561002415177526,-79.70893705239395,20,0.02075507567052271,-0.017730021991664468,0.01814951791564305,0.0007079289909560677,15
87,-36.466299598043534,-60.35956430154315,34,0.017314113584014676,-0.01353405575309306,0.013066741466423542,0.003189408567408221,23
87,-37.741307425646724,34.65677606459095,39,0.041766663807493956,0.040708554578549064,0.015179014054868782,-0.001086421769708304,18
87,-6.19938575673916,-79.49763860749538,16,0.02837203880038581,-0.02837203880038581,0.011746939931654512,0.0001600619458911932,22
87,-8.399975321570048,-60.90350716976763,30,0.030444929866557315,-0.030444929866557315,0.011746939931654512,0.0015531760780759546,26
87,-6.966290143716975,34.79254136112206,38,0.044892851672293205,0.044892851672293205,0.011746939931654512,0.0015531760780759546,26
87,13.899014083815109,-80.47449383155313,9,0.03486011462032183,-0.03486011462032183,0.009010644593520205,-0.0016342888147731784,20
87,14.9055042941073,-62.13887859389448,14,0.04082960153035284,-0.04082960153035284,0.011746939931654512,0.0015531760780759546,26
87,13.807072003123748,34.008293123038094,16,0.06706472878918296,0.06706472878918296,0.011746939931654512,0.0015531760780759546,26
88,-132.73413968565632,42.63693479168589,9,0.1697810542602957,-0.1697810542602957,0.01917012308312001,-0.0034391828463250632,43
88,-135.05112062887343,67.79877379248494,32,0.040536076461240717,-0.034185879362597454,0.02311769818749747,0.005192555213225252,15
88,-99.4064808402861,-82.40626037038616,13,0.03977008697331479,-0.03977008697331479,0.013747731324957612,0.0026163041879198874,20
88,-99.50340579430133,-62.56343072501901,32,0.04263554498861746,-0.013785008107648588,0.019030552497252513,0.002552237576393485,35
88,-99.65419849964285,34.965763606875875,30,0.06302574055758524,0.06302574055758524,0.022942327001976303,0.0019342348978093004,31
88,-67.7061531914266,-81.16402119260486,17,0.0057540534145484705,-0.0016168239988268976,0.015915652478411875,-0.00506959074719366,16
88,-69.1368423584493,-61.80146017386765,32,0.00978257737138746,-0.004352197251523305,0.021932131839128188,0.0019342348978093004,29
88,-68.31837694806596,33.477608506346584,44,0.01507967063566994,-0.013006841959485718,0.023409920509503968,0.002307302848627795,30
88,-39.101465894362775,-79.99731862072058,19,0.03243667212884797,-0.03243667212884797,0.02550772409093758,-0.004582837982657175,16
88,-36.88694039439889,-60.39323957216363,34,0.020493216108563972,-0.020493216108563972,0.01944517562073174,-0.004582837982657175,28
88,-37.62711105363562,34.891425368941505,35,0.02239300537548664,0.02239300537548664,0.02488770917987975,-0.004603796446773633,25
88,-7.372993214386294,-80.24051239660416,19,0.0348711578465291,-0.0348711578465291,0.02073115570381499,-0.004561879518540716,19
88,-6.197451421175037,-60.985457486567846,37,0.034634642411216596,-0.034634642411216596,0.020084876936102763,-0.004240802758641565,30
88,-6.267769082851755,35.117585560196005,40,0.035594254073820664,0.035594254073820664,0.019438598168390536,-0.003919725998742414,27
88,15.317868354526427,-80.48748583035483,9,0.04349160086944881,-0.04349160086944881,0.011803478972086662,-0.004603796446773633,19
88,14.94705203187333,-61.10646781698034,17,0.03627447626889851,-0.03627447626889851,0.013843319553672467,-0.004561879518540716,27
88,14.68994999459894,32.36462572492204,15,0.042730921299845605,0.042730921299845605,0.013843319553672467,-0.003919725998742414,27
89,-136.94886713721928,-82.30498090109394,10,0.036474968889643675,-0.024853116149052442,0.01958964741771995,0.012928935182224367,45
89,-128.93132028537462,-69.05373693869386,8,0.04466225576048455,-0.04466225576048455,0.016757431206631684,0.007746665968975618,54
89,-134.7409189908025,33.567882670811684,25,0.06039859597620423,0.010875178956757485,0.01520562060108626,-0.004120808907660214,44
89,-98.81434248052712,-82.39456453749185,11,0.02115073100808758,-0.011765483176422332,0.007985059157279675,0.007746665968975618,10
89,-99.30974133417111,-61.69912557219686,29,0.03738948057662822,-0.0005838656101014753,0.01157586009608553,0.007556668295013814,27
89,-99.17801281870844,34.5508088618389,33,0.045449631612227516,0.0327252453475203,0.014328187700869853,-0.00742979128189648,20
89,-68.50966606662413,-81.5110703471914,17,0.008590815571273945,-0.008590815571273945,0.01316420101575129,-0.00742979128189648,12
89,-68.84772078124878,-61.25246458080266,34,0.008355356970945655,-0.0034413298799921897,0.01339946684927821,-0.007904043916538296,21
89,-67.21781636922168,33.200392966992545,40,0.020151362401809585,0.010030886692853095,0.01339946684927821,-0.008558752518767162,23
89,-37.16080289824627,-80.20123038847225,18,0.01851527670684185,-0.01851527670684185,0.021040515648356305,-0.01157586009608553,15
89,-37.40016472287912,-60.31274982106874,32,0.01429874107029866,-0.013045447159094867,0.01339946684927821,-0.007904043916538296,25
89,-36.21817518325516,34.83321817410732,37,0.02722383875002848,0.023113868552368712,0.014139508423218367,-0.009940865675027223,24
89,-7.526630752674344,-80.3079928063472,18,0.055579929859769756,-0.055579929859769756,0.01302210829397524,-0.008558752518767162,17
89,-7.187619958881901,-61.28483628153183,35,0.032225578927172545,-0.03041906102857524,0.012298984195030385,-0.006030786175887414,26
89,-5.716208985323877,33.68232024280309,39,0.036092467136602226,0.036092467136602226,0.011449419463686408,-0.006030786175887414,26
89,14.8726989765634,-80.79266714906963,8,0.018944599725577695,-0.0172321704400363,0.011322978831287285,3.7751907319259816e-05,17
89,14.51801931378848,-60.543314099229164,16,0.043956435733639915,-0.043956435733639915,0.009940865675027223,0.00012922686142925906,26
89,15.44361453715248,34.517787108204764,16,0.05366942174590805,0.05366942174590805,0.011322978831287285,0.00022070181553925832,25
90,-137.6734206214398,-82.51894788197612,10,0.12570384091043818,-0.0778301772879543,0.019016546854957864,0.01372598017099659,46
90,-129.37447061547405,-70.43952926350734,9,0.09959091860687758,-0.03969405528270436,0.016074806239802564,0.003221848584560002,55
90,-133.07624460830945,38.36299688499404,18,0.08018822060506131,0.06077340684663246,0.015356470256609299,-0.0028337920494113725,39
90,-100.23835662870361,-82.37693049917866,14,0.028291542457522342,-0.004636512658647236,0.011985253114569015,0.005086380284513374,12
90,-99.66349618780878,-61.755582478990846,33,0.03352367881697934,0.011566911927751135,0.014560130965524533,0.0015750190774570351,30
90,-99.11694036455579,34.31072275705494,33,0.04643635002940569,0.021276771821560535,0.011985253114569015,-0.0012470400511345892,22
90,-69.4393052994255,-81.25885346248648,18,0.01371777722569519,0.01371777722569519,0.011985253114569015,0.002063566013736062,14
90,-68.08627281293961,-61.772952828204446,38,0.016495885658033206,0.014253051470897601,0.01247575149325796,0.003221848584560002,21
90,-67.37181954971311,33.1771214000751,44,0.011213284627942811,-0.0006271243474665863,0.013119771583848864,0.002063566013736062,22
90,-38.288168847333985,-81.08686513061078,17,0.01635909624540215,-0.007554848338051055,0.013772896345303081,0.0011769916514124236,16
90,-37.212452171711114,-60.028942994674345,33,0.013267261409263159,-0.0020440703651292166,0.013782001016166393,0.0009052834429121214,27
90,-38.42139525155093,34.86776755590171,37,0.029180723450407297,0.027539963909267346,0.013772896345303081,0.0009315987544713256,26
90,-8.52658741395685,-80.07546212818762,19,0.005371153838539238,-0.0029896556972954904,0.015663563778108836,-0.00047122183193137553,17
90,-5.996235343574751,-62.06168738523053,33,0.019422958689488817,-0.019261760765961995,0.015663563778108836,0.0023802959858146952,27
90,-6.739772771918979,34.84211604875394,41,0.03950202938281007,0.03950202938281007,0.014722782397137615,0.0023573576633443612,28
90,13.854077281732849,-81.37888994650748,8,0.02490233511679365,-0.02490233511679365,0.013782001016166393,0.0023802959858146952,17
90,15.157039196070992,-62.32620339116653,14,0.02244701177062732,-0.021689087973350382,0.014722782397137615,0.0023573576633443612,26
90,14.465917209941408,33.72404538131909,16,0.051551617900045046,0.051551617900045046,0.015663563778108836,0.0023802959858146952,25
91,-127.90779368174115,38.544688645738596,11,0.1621818114920507,0.1262568677016938,0.017346340823770755,-0.002161494796656233,42
91,-133.7819934516281,66.55774629633218,31,0.03733108270786462,-0.021041404820483427,0.033695476303531896,0.0011197656284267898,10
91,-99.18607059620791,-81.8009798177275,13,0.010737914756090771,-0.004675340713403096,0.019242770428996962,0.014483551982774956,14
91,-100.02562249221717,-61.608261049180605,31,0.023545434740448,-0.006212476309151913,0.015216095868018418,0.011903399640911017,37
91,-96.91076143046679,33.326100934647435,29,0.030330324763495023,0.01411366223116608,0.015281975462736052,0.007991371159639216,26
91,-68.35132217796738,-81.43105585272957,18,0.014619849968344978,-0.007342436244196733,0.020908614157023244,-0.0023573111441497516,14
91,-70.49479577428478,-61.54923719786825,36,0.014649701245929967,-0.003122339445583287,0.019121360383196104,0.00020516611097262115,19
91,-69.24497383462821,33.65604752639457,40,0.012813404146581412,0.008314057030717022,0.02027055070315911,-0.0049197883992721245,23
91,-37.80001369406791,-80.54036894447685,18,0.033659421544457196,-0.033659421544457196,0.019121360383196104,-0.016401443550346714,13
91,-38.195369083455866,-61.135551507879796,32,0.02516950923117206,-0.02516950923117206,0.01833560024250257,-0.011887246556521411,26
91,-37.640770885413964,34.75939104367254,35,0.042552991214932286,0.042552991214932286,0.01841878006987195,-0.01580740898406534,27
91,-6.517610925311261,-81.0591397227712,16,0.03729011600040637,-0.03729011600040637,0.01841878006987195,-0.016401443550346714,15
91,-6.698837358188305,-62.179648749191465,34,0.03292700142830041,-0.03292700142830041,0.017410111810109333,-0.015888753760042826,22
91,-6.445292992337808,34.21299409202075,41,0.042723340432531016,0.042723340432531016,0.01841878006987195,-0.01580740898406534,23
91,14.883019418147322,-81.72100400770833,8,0.06066499141415792,-0.06066499141415792,0.014172728266464426,-0.014172728266464426,16
91,15.04073751692501,-62.84156248061823,13,0.03633790623836311,-0.03633790623836311,0.01841878006987195,-0.01580740898406534,23
91,14.481804748182832,35.526551856314725,18,0.07213393529326721,0.07213393529326721,0.01776140196677141,-0.014172728266464426,22
92,-133.33073668284598,68.64974185477008,34,0.031504013810172926,-0.01124454100135402,0.02920659984851975,-0.018501260125556772,10
92,-101.25866607712985,-82.4480630814382,15,0.03580097476258825,-0.017504491379414247,0.014491100264757084,-0.011521042931790133,14
92,-99.99750032532287,-61.197759301127185,36,0.02618234016746221,0.0026620495298104443,0.016548323615930605,0.0017326663914383345,32
92,-99.24169412757088,34.237626546077685,31,0.061143012680151855,0.061143012680151855,0.01852581078758412,-0.015479102425568509,27
92,-68.84231878376747,-80.93503082689018,15,0.01631093804163509,-0.01005281686290163,0.015531724521157447,-0.007711099142258808,16
92,-67.83732304513191,-61.81077384183423,34,0.011448326011330914,0.009019741502163284,0.016272942122483508,-0.011683500420825733,20
92,-67.76815203442382,33.9247173299417,44,0.01984311586882461,0.017888868302339177,0.017236502368243905,-0.007864475500852,20
92,-39.092795029989944,-80.50655383431115,19,0.02196674687467939,-0.02196674687467939,0.013005963977404087,-0.011683500420825733,14
92,-38.70291282651725,-60.68795159798779,29,0.010133564098136297,-0.006868883506027125,0.01350309810394566,-0.004070458174757936,25
92,-37.44124659083804,35.351022057610194,35,0.029464251534432783,0.027060266680806928,0.012015260731891787,-0.006467386055004772,25
92,-6.955758052115677,-79.47906023334073,18,0.02323079335854176,-0.022659546660600688,0.0085582004534017,-0.004223834533351128,14
92,-7.246071938570109,-61.06462701756965,31,0.03652492361034854,-0.03652492361034854,0.010630950174858756,-9.386857112111163e-05,24
92,-6.631180240732789,33.76639529126695,40,0.04529673808099778,0.04529673808099778,0.010630950174858756,-1.7254451861182282e-05,24
92,14.695904543164737,-80.95265859810907,9,0.019163615342881506,-0.019163615342881506,0.005986224557431313,-0.0021487823638790204,14
92,14.682103451314834,-61.62017492160103,14,0.03409232561613716,-0.03409232561613716,0.010630950174858756,-9.386857112111163e-05,26
92,15.173841892690794,34.91278599323386,19,0.050022635383423414,0.050022635383423414,0.009282936867920992,0.0001946843059413575,24
92,15.295354180487866,63.68268024836126,18,0.052421317473666136,0.052421317473666136,0.018494700228476817,0.009636552602987337,12
93,-99.80982212652442,-82.67409796659939,13,0.022209837645276436,-0.022209837645276436,0.017064780982752815,0.009576397514858453,17
93,-100.56000987736553,-62.30381076442296,31,0.020145411400193564,-0.008659189803149149,0.020276843210256468,0.012536282757936841,36
93,-98.64484051237838,33.49956014123352,34,0.03467430816579728,0.014090795391401196,0.014364263433561595,0.0012442597205500157,23
93,-68.31615757543574,-80.77531634054765,16,0.017945044706537825,-0.015618052378015019,0.014280825435331393,0.0012442597205500157,17
93,-68.24172547763241,-61.29185411939911,38,0.013480254288863864,-0.009687427669274735,0.0153073501276364,0.004061644980511927,24
93,-67.85636656088415,33.35128058653804,41,0.011206385292721235,0.00783896981597488,0.014280825435331393,0.0012442597205500157,23
93,-38.339403359105575,-80.46459704859284,20,0.06770455118337763,-0.06770455118337763,0.014280825435331393,-0.0015359822820331989,17
93,-37.15525882067627,-61.276677065792256,31,0.04336657190938582,-0.04336657190938582,0.011303924585251902,7.817522744534256e-05,29
93,-36.95963161957561,33.64889972487004,36,0.03266648090472382,0.03266648090472382,0.011303924585251902,-0.00038611064545208214,29
93,-7.400271303665448,-79.99883575263097,21,0.07164321793610286,-0.07164321793610286,0.011303924585251902,-1.5264576137794968e-05,17
93,-7.870900122815377,-62.1787459381205,29,0.06252084567833739,-0.06252084567833739,0.010848570962046878,-1.5264576137794968e-05,23
93,-6.665771804160811,34.10274405862759,37,0.045532857272621366,0.045532857272621366,0.01107624777364939,0.0022383937772805567,24
93,14.494508636285326,-81.45212408429033,8,0.056906252262961116,-0.056906252262961116,0.010848570962046878,-0.00038611064545208214,17
93,14.773050688805078,-60.73745953557084,16,0.060707979731665404,-0.060707979731665404,0.01107624777364939,0.0022383937772805567,26
93,15.427671709763876,34.81634693486942,14,0.06651626632000632,0.06651626632000632,0.010100203550226094,0.004492052130698908,23
94,-130.52881178914387,41.73720519692285,10,0.17734387821548234,0.04406053102964174,0.015793264587869213,-0.003721624440793967,35
94,-132.77980127834957,67.86309732940306,27,0.03993822332061842,-0.01587553164698254,0.025106479875247844,-0.02232724169571092,11
94,-102.0970051585755,-82.29921339187874,15,0.008895808964482447,-0.0007578208201486447,0.012463686075352042,0.007171692380700383,16
94,-100.21915452001349,-62.08652202888492,33,0.030163248252861968,0.010913098734045478,0.013584700700696627,0.007938923380047402,36
94,-100.16780655628904,35.55215017523212,32,0.0178192752754747,0.014221244408156926,0.014635681950303802,0.009185927697032534,24
94,-68.38465552453857,-81.49074275930057,18,0.0075901223676597684,-0.004369112558151327,0.01399675975082051,0.0029759354199186444,13
94,-68.77352923260449,-61.77545304672058,33,0.007330076187216628,0.006104577731799934,0.012183425375802838,-0.0003728445104376613,20
94,-68.6081405747207,33.66839286836062,42,0.011329856682122282,0.007345245242956764,0.015928083029029774,0.004543746578603311,21
94,-38.488381455783504,-80.63932744885088,15,0.016846781325497294,-0.016846781325497294,0.009802463906214514,0.004543746578603311,13
94,-36.92444496698056,-61.49564891818527,35,0.01725662674862758,-0.009295847876713934,0.011277971024283677,0.0025776292332771807,24
94,-37.52413130992178,35.233938887589076,35,0.039543197845229826,0.035450231130057,0.01008627745349984,0.0021530169774138497,24
94,-7.27099594092986,-80.45404785683694,18,0.029066376005120097,-0.029066376005120097,0.010994157476998351,0.004688726003080559,14
94,-7.214519322204319,-60.8999601135227,30,0.02556048713231525,-0.02556048713231525,0.015588254671981966,0.004543746578603311,23
94,-6.816870641815198,32.94220204001799,40,0.038854045938157084,0.038854045938157084,0.015928083029029774,0.004543746578603311,23
94,15.444497888673295,-79.87023171943059,8,0.03773945440913296,-0.03773945440913296,0.009802463906214514,0.0021267109081919825,19
94,15.188859823470436,-61.49408315344029,13,0.042068851023607454,-0.042068851023607454,0.013887052859882076,0.0033615348126195136,24
94,14.131846852627914,33.11901772682672,13,0.053363925559200165,0.053363925559200165,0.010994157476998351,0.0021530169774138497,22
95,-125.98791888468709,41.20155217063663,11,0.13818554544496087,0.03513924639176522,0.016516247073540286,-0.005520860614929696,31
95,-100.61963409987023,-81.35518096231385,15,0.01708924675739455,-0.01708924675739455,0.031005820474162872,0.028532459368744552,16
95,-99.86439997433122,-61.610987369121204,31,0.01963656237079645,-0.004681805070729737,0.02511017529123791,0.016960889342119926,29
95,-99.15231244855131,34.155465035687506,33,0.026371259815343877,0.012064910120503971,0.018110014586295506,0.0022265585940523876,22
95,-68.11196820143721,-81.00010151600165,14,0.02034759628833362,-0.02034759628833362,0.018110014586295506,-0.004148497249275322,12
95,-69.36877923223432,-61.95517943855625,33,0.017028930760066466,-0.012430103125588222,0.02061808197193392,0.010934279951878087,17
95,-69.19401630589056,34.328305846672194,38,0.023269371042903136,0.009549085958083993,0.019375663486644983,0.0035796300266351787,16
95,-36.86579969937659,-81.02773308759784,18,0.042343029946532475,-0.042343029946532475,0.019259139830471082,-0.007329320665010786,13
95,-37.854764431441204,-61.6687478953437,32,0.035026030601099406,-0.035026030601099406,0.01653846283017065,0.0009690758112163584,20
95,-37.440713049827046,33.86474678720579,36,0.03429681544867691,0.030301262278360414,0.016516247073540286,-0.0003803940085539973,21
95,-6.135203497763972,-80.32394500097027,21,0.06777484117493902,-0.06777484117493902,0.008126933886810215,-0.0009676738335398573,11
95,-5.959304672559312,-61.397213000996324,31,0.0519361087090402,-0.0519361087090402,0.011416755456816658,0.0009301952748799929,21
95,-6.825709964285728,34.13252143207075,34,0.04814600015264454,0.04814600015264454,0.008148606552126653,-0.0006740339210469273,18
95,15.429292516043201,-79.72194079586998,9,0.060875052540366556,-0.060875052540366556,0.009793517337129874,-0.0006740339210469273,14
95,15.488220382357579,-60.43418346760733,15,0.0462208891757886,-0.0462208891757886,0.009793517337129874,0.0002749006331629978,20
95,14.278525348260597,34.29015426997478,16,0.06033742908390266,0.06033742908390266,0.008170279217443089,0.0023185456309867142,19
96,-129.07914362639707,-66.3028955251703,9,0.14090430208845928,-0.1175004682124506,0.018803270244143917,0.012126370176659212,57
96,-131.16031277082033,34.2245212733468,21,0.15582868237723313,-0.11780775773226895,0.02045112800885894,0.0014803769634454097,39
96,-101.9509949594102,-81.53722257418819,16,0.011997591201785306,-0.0007530301364348003,0.015586807498972495,0.011000630839738578,12
96,-99.93665180395435,-60.34718566906343,35,0.01732972742852961,0.002978510552490956,0.01705360426700706,0.005768911084893284,29
96,-100.12364159146438,33.682417563770066,36,0.02255075290987229,0.0053094935485182015,0.016734424786734522,-0.005315582399075541,20
96,-68.57792685222218,-81.45954058096342,16,0.010665888274147984,-0.007115791073339933,0.012099797609690389,0.005768911084893284,15
96,-70.15183979229307,-62.17827496954487,33,0.011039294835673844,0.00534058711891949,0.013022087941382333,0.0017514657202975647,18
96,-68.18078110577156,32.946553711356444,40,0.011438874876682752,0.00941037686262398,0.012487788445025804,0.005445723567729287,18
96,-37.62476202993702,-81.0636670644667,20,0.014213562932178826,-0.008446959015959831,0.01412001073093793,0.005768911084893284,17
96,-37.627038270392426,-61.62334259421,34,0.027468250704319037,-0.027468250704319037,0.01412001073093793,0.005122536050565289,21
96,-37.13954422390905,35.24369789451334,36,0.034201048064204445,0.032808262093851084,0.01412001073093793,-0.0022659796442981548,23
96,-5.994199636270205,-80.77191877254651,18,0.01814371990230665,-0.015376379270468539,0.016522470898581755,0.005768911084893284,13
96,-7.31473369724323,-61.26431578584283,35,0.036056364557668676,-0.036056364557668676,0.014354638722921085,0.005122536050565289,27
96,-6.765442525828206,33.65185477285212,40,0.04110347518342972,0.04110347518342972,0.015438554810751421,0.0013911656640741648,22
96,14.253402455185372,-59.898537263527935,17,0.038121174377410846,-0.038121174377410846,0.016785251228954516,0.005445723567729287,22
96,14.893628935895748,32.8814501143556,12,0.05680917116555463,0.05680917116555463,0.016785251228954516,0.005322294161704688,22
97,-126.28920409258326,42.193352859210265,11,0.14435462989201306,0.1369804755941905,0.022593198312460188,-0.017364173045166756,35
97,-132.22488810122155,68.8210053190215,30,0.03533339956537641,-0.03193093368281715,0.03424352472619472,-0.029550301916370626,10
97,-101.42134969295485,-81.76319748728002,15,0.013767026318207316,0.008229700822612962,0.018620613402487336,-0.001042486411508893,20
97,-101.42252889799485,-61.499150566939385,34,0.036421330753870204,0.005728744737724105,0.0201037305470725,0.009269738453654216,37
97,-98.94559380104226,33.37109167005658,35,0.026575398942569307,-0.005029119919509082,0.01760847133330596,-0.014799155601824784,25
97,-67.65662132811279,-81.69348293718815,17,0.010402761179643973,0.008876602251273928,0.014939872579169667,-0.012887848078340865,12
97,-68.81913715635,-61.696068451522024,36,0.014756088947392528,0.012481681315280928,0.015856476247568314,-0.008143025825566991,15
97,-68.13571810075096,33.16782554425188,39,0.009377851007406063,-0.0020110609441009635,0.01402326891077102,-0.008143025825566991,15
97,-37.43919506402409,-80.77861806925331,21,0.02125868635943076,-0.02125868635943076,0.013278417591815759,-0.008143025825566991,13
97,-37.31065278501386,-60.566778000162515,34,0.015718115564768008,-0.012918958317737126,0.013278417591815759,0.004756339054113582,19
97,-37.251599809331275,34.63974096458076,33,0.023641292915115502,0.02129163721644204,0.013278417591815759,0.005501719581673692,17
97,-8.530002025039694,-80.23713538936109,16,0.028457521066660343,-0.028457521066660343,0.012196354683865103,0.007566164901524371,12
97,-6.638152838691572,-60.88929344953738,33,0.02289880842354726,-0.02289880842354726,0.01013131572722819,-0.0012522079008680715,22
97,-6.411814092810653,33.87853712283644,35,0.03679446948904585,0.03679446948904585,0.010206533788262922,0.004756339054113582,19
97,15.037827498575659,-80.66228125961015,9,0.04516620541161666,-0.04516620541161666,0.010056097666193456,0.005501719581673692,13
97,14.887986926616358,-58.57747068377614,16,0.03634433862527124,-0.03634433862527124,0.009515953615074945,0.005501719581673692,19
97,14.091021414122599,34.19829212502067,16,0.06783784145621446,0.06783784145621446,0.0097860256406342,0.00578059435618784,20
98,-126.52581051013681,41.3469458456088,10,0.12841940315922837,0.12841940315922837,0.01214433514187881,-0.0036953426182146335,32
98,-100.81079628163924,-81.39309859426908,14,0.026518639329053784,0.010428263769664424,0.02189556635994162,0.020975536545243752,14
98,-100.34636343329097,-61.45035661304919,34,0.020454966765188147,0.01447589874997188,0.019892341638465406,0.012324865147750497,32
98,-99.56455283021425,35.00393293400402,36,0.017882315950743258,0.005120958564228832,0.028690223615002612,0.02003955221750936,20
98,-69.94185056770543,-81.52238339629695,17,0.014429399419255641,0.008905781969054458,0.036072294443019084,0.029658402276164605,13
98,-68.22456494122113,-61.07209793337503,38,0.01197104577125925,-0.0064181376128030375,0.035954848791903214,0.028690223615002612,18
98,-68.08418117408856,33.874439172624236,43,0.013172361533525561,0.001953754033897402,0.036072294443019084,0.027722044953840622,17
98,-37.874553323054364,-80.45409704661836,21,0.017711020027180304,-0.0006691225264429138,0.032710064912434986,0.005155947569330093,17
98,-36.65995773502103,-61.32124503191037,29,0.022992538518212067,-0.011140749877178491,0.027722044953840622,0.004274985099254553,23
98,-36.9797619367821,34.50302004928518,39,0.02796176764146587,0.027596812283113743,0.027722044953840622,0.004274985099254553,23
98,-5.735972482533849,-79.79768408049434,18,0.039993453524092754,-0.039993453524092754,0.027478993131298535,-0.01912359484249594,15
98,-7.528499639315452,-61.21819544748109,33,0.032074252138748996,-0.03117392966619185,0.026249915681491723,0.0012076419620067529,28
98,-6.526757278371186,33.447838184118766,37,0.03661896382189501,0.03661896382189501,0.026249915681491723,-0.004255290933409356,24
98,14.467189103878066,-60.531216274809275,17,0.030868465372258586,-0.030868465372258586,0.01670400518386726,-0.00736866585900862,22
98,13.253219053708202,33.6758027372902,15,0.027963091088987535,0.027963091088987535,0.011325073655068055,-0.006351798258636359,21
99,-125.32038313925977,-67.57772370705743,10,0.2844123444218982,-0.2844123444218982,0.018759176262807622,0.01538626028299322,55
99,-127.33893103378992,41.66131930332291,14,0.07040743067164866,0.05381962809960142,0.018724207189176004,-0.015574308748823755,36
99,-100.33631701341304,-81.8333607666046,14,0.02490334516800703,0.011446547325539971,0.029087838091271773,0.015510145304562045,14
99,-101.14940337366858,-62.29406924898116,35,0.017077074792538168,-0.0003486674782013781,0.02180002296465811,-0.00368447950198515,31
99,-99.45057550628485,32.68246745298279,33,0.023742760885843088,0.005596001945792901,0.024211669840917792,-0.02180002296465811,23
99,-68.80967019538346,-81.14394910714648,18,0.01765324770986304,-0.015405450052001342,0.025829644414394753,-0.02180002296465811,11
99,-69.49623194247219,-61.53575723662939,29,0.013143071466218112,0.01301616171668108,0.025728300900611335,-0.02180002296465811,13
99,-68.19650070921256,33.88705233524366,44,0.015977087532042668,-0.01187155182858289,0.028003005935111437,-0.012742251233321629,12
99,-38.06413540836803,-61.05032380632676,31,0.018212683699945376,-0.017153188566134903,0.025778972657503042,-0.008334825580708438,16
99,-37.84780054719612,34.824607245588666,37,0.01906559883490888,0.017859840354959793,0.028003005935111437,-0.015102449901452507,14
99,-7.316307382066194,-61.34874142473852,30,0.02758535729535349,-0.02758535729535349,0.02381483368952643,-0.007772314245062766,20
99,-6.3279547697188505,33.59360923175861,42,0.03620691443731335,0.03620691443731335,0.010740154917044636,-0.00439769382842523,16
99,14.738476207506888,-61.209251345662125,18,0.035271982966219736,-0.035271982966219736,0.009563205443621475,0.007122604310476921,15
99,14.47156096820641,35.24392581912553,16,0.047593080816001845,0.047593080816001845,0.0119171043904678,0.007122604310476921,15
100,-123.21871405009641,-65.73363784936426,11,0.20559536815613336,-0.20559536815613336,0.018861810354273482,0.01429483781411222,54
100,-123.7304047678671,37.4551465540858,10,0.11552844818069444,0.11552844818069444,0.021330412324183493,-0.012657620856313492,33
100,-134.91259176797317,68.12620286576733,30,0.03860758277176597,-0.03347581051007344,0.033912966026264715,-0.0239774799911286,13
100,-100.12344839288312,-82.98282706236128,16,0.015968601814815738,0.006962791935753601,0.01927693698962449,0.006649970124353536,13
100,-99.33185069743308,-62.40774375487371,35,0.014362303349394433,0.007953851258513958,0.018736004529815962,0.007680909841195988,34
100,-98.71963421135858,34.45329853696146,39,0.015261074977037757,-0.0006635518187312375,0.013915448088612569,-0.005388634899464735,25
100,-69.53577840656389,-81.85485349317393,18,0.004355194034452999,-0.0011014955295338225,0.01179843324025883,-0.0024822770567072923,14
100,-68.42760121214823,-61.58048720577391,31,0.009932919325159549,0.006436156418296515,0.014523966813821801,-0.0038971557075102997,20
100,-68.4698817389112,33.404285211984934,41,0.010324034152138345,-0.0021273470111426566,0.014523966813821801,-0.0038971557075102997,20
100,-38.7982007726832,-80.91918582223859,19,0.012185471832424568,-0.012185471832424568,0.015132485539031034,-0.004178433959942674,17
100,-37.31930896404821,-62.15572745727392,34,0.013435391705129893,-0.011074364920198511,0.015316854496065868,-0.004783534429703704,24
100,-38.1877539469691,34.851896955494595,32,0.025955945076425263,0.02329119626157277,0.015501223453100703,-0.005388634899464735,21
100,-7.53082387011395,-80.39393672103971,22,0.03702834061787855,-0.03702834061787855,0.030688663542315427,-0.015501223453100703,13
100,-6.345057689042453,-61.884101953747475,30,0.021250205968414947,-0.021250205968414947,0.012688601210113892,-0.005995330004062497,26
100,-8.195294704353659,34.40223874243952,35,0.025704258094498573,0.023200128245159445,0.014523966813821801,-0.005966884265039881,22
100,16.469599095404867,-80.54299305705835,8,0.01219846585712268,-0.007144072524664853,0.015620960420494065,-0.006602025108660258,11
100,15.217958253130762,-61.22580700125302,16,0.01580145934077792,-0.015725923777236497,0.015501223453100703,-0.010057953558707483,17
100,14.033788634336984,35.409595626193834,17,0.05796225493768612,0.05796225493768612,0.012688601210113892,-0.006884930655680181,18
101,-126.13204626389229,-67.50772494103077,10,0.30753968005765153,-0.30753968005765153,0.019978650128758723,0.011034180904423164,55
101,-126.70142986965668,39.178241875127064,12,0.12436249246650832,0.09833626083152353,0.015702594790534593,-0.004042198906345506,41
101,-133.5008785129012,68.10388108444039,32,0.045874558449706254,-0.03489777516545632,0.019538868077579513,0.0002766294407172371,12
101,-101.328426584314,-82.04996839354581,16,0.019938720025420832,-0.0016014421224015748,0.021346253819528677,0.012375844317236566,17
101,-100.69554463266189,-62.38210251139438,36,0.018070991924437528,0.011467340937320328,0.019367348989210536,0.008739950836684532,43
101,-99.50325885693695,33.8174149500033,35,0.0245057054807447,-0.004666136035528182,0.01827332009397563,-0.008505260622167717,30
101,-69.0493931136499,-81.15558601747891,18,0.009283284821337327,-0.0006911265657142634,0.01180382154541678,0.001299647829839047,21
101,-69.2113229532344,-60.69819565030809,32,0.011214428806790846,0.0008012413878519273,0.013837584023976562,-0.0013371099638010682,25
101,-69.01877709949291,33.60303756509574,40,0.01629383323012456,-0.0008503508003058279,0.012820702784696672,0.00027894294667664854,24
101,-37.76213775195513,-80.61126843266229,21,0.01878769369779143,-0.017107429284789963,0.011413309003487481,-0.0009613949050483785,22
101,-37.528821213926264,-62.16067281786559,29,0.01981031584607625,-0.013000699266813576,0.01180382154541678,0.0009590751004519973,29
101,-37.72873294209403,34.69696608807105,38,0.021605347040255973,0.02074313101307023,0.011783919431778677,0.00010865658198312369,26
101,-5.993329286393919,-79.82821964549782,18,0.040606197237940185,-0.040606197237940185,0.0103080701822662,-0.0011810278736110072,17
101,-6.238174754302299,-62.04569530151496,31,0.03181442281028357,-0.03181442281028357,0.012607169351316012,0.001299647829839047,31
101,-6.051205661694275,33.70590425654494,39,0.035084090226049525,0.034222405649453336,0.01475111760156798,0.001129361465145522,28
101,15.505641818223065,-79.93494554194979,8,0.03575148722967953,-0.03575148722967953,0.0103080701822662,-0.0011810278736110072,11
101,14.642464806818229,-61.728227638600096,13,0.04120129035601445,-0.04120129035601445,0.012205495448366396,0.001129361465145522,24
101,15.205214370567857,36.069005007912104,15,0.0534733043618377,0.0534733043618377,0.01544864006252892,0.007728601681607675,18
102,-126.8070744881534,40.14158472786328,14,0.08597169794650919,0.08597169794650919,0.019341304140999077,-0.011274019761577818,42
102,-102.01404354875532,-82.23037212617348,14,0.0068638387185464885,-0.0020229686217740324,0.02909686600585957,0.024889107145404786,19
102,-100.68154576038526,-61.18152740446081,38,0.023922351216360938,-0.0031778339397997325,0.02301316374720052,-0.0009144775479086801,41
102,-98.27380777604282,33.686477331475665,36,0.019411439666403484,0.007992633135515329,0.01286020937402519,-0.008811318748006648,26
102,-68.61690131008177,-80.89564872972566,18,0.02214279994317553,-0.020842475864940882,0.013862312528644683,0.002092777436667396,21
102,-68.00397948980792,-61.76945129096492,32,0.012062614391443786,-0.0055953553146199046,0.014297295714613665,-0.006362883126371551,28
102,-67.18622449884518,34.02859508394055,40,0.020353061216589207,0.019115536216158968,0.013923009700057925,-0.007812798817441867,27
102,-38.26435073952906,-80.85106667233855,22,0.034995617284316036,-0.034995617284316036,0.0284553427311001,-0.007812798817441867,21
102,-37.403762151368966,-61.57889019119069,30,0.013863126595378639,-0.011220087916285697,0.014671581729169403,-0.007812798817441867,31
102,-37.01706363646939,34.57304468018321,38,0.02318008282401275,0.02318008282401275,0.02254656256310088,-0.009255830769758262,27
102,-7.6307585795168995,-79.31668615816902,15,0.0226388934799156,-0.0226388934799156,0.014671581729169403,-0.0009144775479086801,21
102,-7.056858437890645,-60.976312824232025,34,0.04434186428572902,-0.04434186428572902,0.0223513216342698,-0.008295477160490283,32
102,-7.361593330899992,34.192597690312894,38,0.03694206016174449,0.03694206016174449,0.02215608070543872,-0.004912967435301235,29
102,14.493370241784735,-81.12185555424774,8,0.03394268710759221,-0.03394268710759221,0.0284553427311001,0.0006943609548652787,11
102,15.418782482614612,-60.12948631721265,15,0.028660111615242102,-0.028660111615242102,0.02215608070543872,0.0006943609548652787,25
102,14.49801672598844,35.42691798667523,15,0.051244932215933625,0.051244932215933625,0.016681716225227596,0.000510793522739864,22
103,-125.40282550000006,-65.89991404323634,10,0.2368613153080296,-0.15034065487356457,0.01428387323858899,0.0063441647310077415,53
103,-127.41622823838578,39.60215410741723,12,0.13337787229262602,0.13337787229262602,0.009755112456269047,-0.0035549369998466415,38
103,-133.44856662339552,66.76826568772482,32,0.0379733213595468,-0.020406070698447402,0.015828719293297506,-0.0063055800050956096,11
103,-102.29636494009192,-82.549652388398,16,0.01602124024771396,-0.010533487334327858,0.020235298929270545,0.015291846321072,13
103,-102.0482885422091,-61.961824707547564,35,0.016781149059100987,0.012242800823943674,0.013417339981111632,0.0037660486232669555,33
103,-99.67007566331536,33.260484648312676,35,0.025944217618457565,0.02484616218029783,0.015828719293297506,-0.0018359722736595611,19
103,-70.32673531726377,-80.65181702225716,17,0.013379767569717276,0.013379767569717276,0.010531717489598125,0.007675421325845265,17
103,-69.6368613409652,-61.72726679681677,33,0.013837158761000378,0.011841193121123184,0.015291846321072,0.002039962630867181,23
103,-67.15150443094966,33.994059306835304,40,0.024971581521680046,0.02218760314747734,0.012911781905335063,0.004318443197995869,22
103,-38.64634928274681,-80.41659283003557,20,0.022920697740653282,-0.021016343453795622,0.010531717489598125,-0.006751136309188713,21
103,-37.89122747052033,-61.204485873554205,30,0.018197331004416693,-0.016685437177665782,0.018242710515952932,-0.005963365402021654,29
103,-37.43962116973368,34.870051046618634,33,0.04726196589384444,0.04726196589384444,0.017922336997876365,-0.006751136309188713,25
103,-7.7444509751580615,-80.96826689823202,14,0.018903153053066786,-0.018903153053066786,0.017893884257255417,-0.007380387124927728,22
103,-7.0446843584764585,-61.99504149291044,35,0.027101977618406478,-0.025551594874749287,0.017474411934509236,-0.005963365402021654,31
103,-5.8977416703896095,34.712327933121024,42,0.05599617646379901,0.05599617646379901,0.017893884257255417,-0.003974507504306696,30
103,14.786793992959844,-61.678611805806696,15,0.039742323017299866,-0.039742323017299866,0.015033222645719425,-0.006357250855605184,30
103,15.374189581302492,34.249099463854435,13,0.0699020858694642,0.0699020858694642,0.017893884257255417,-0.005406221388074294,26
104,-129.61187074851716,-64.58169824849605,15,0.12349851033953256,-0.05218154047322997,0.010535086546129857,0.005348379409013591,62
104,-125.1297038719622,37.41103184246926,13,0.11093659627768575,0.07950875914145687,0.010535086546129857,-0.0008294339237261451,44
104,-135.05942498881936,67.99722860355746,33,0.026588882147970436,-0.01343960860824683,0.02182318523429603,-0.016783763358965354,14
104,-102.56742924893501,-81.42972391739173,16,0.01484030496984209,0.0030821807234068265,0.00882247502509204,0.0006846230258522781,10
104,-100.98182270294362,-60.56425452153657,36,0.019331245580849026,0.011446319342677333,0.00994700657935318,0.005261628824956675,34
104,-98.98557423301729,15.666628674462066,8,0.01818354995855334,-0.01818354995855334,0.014109858751529638,0.0019404013012991577,39
104,-98.97023907701208,35.307361768244334,38,0.019818407155661806,-0.012395872041356962,0.006917915462251878,-0.0008294339237261451,22
104,-70.43711165112555,-81.50670864138955,18,0.0056369055906692195,-0.0021427106463111243,0.014495272494155808,0.0008958024718632612,17
104,-70.06083766343767,-61.527074095897326,41,0.011904284260168865,0.0004224689221080434,0.014973584957308472,-5.8496885955398024e-05,24
104,-67.94739983216508,33.15116030505164,41,0.01563988275492119,-0.010486241960542415,0.015451897420461136,0.0008958024718632612,23
104,-38.46515006310015,-80.93679819241193,19,0.026488605015832306,-0.026488605015832306,0.020164183226513276,0.007609419166341453,20
104,-37.443849024646106,-61.06186440879687,30,0.030142458438337107,-0.030142458438337107,0.019635124876289746,-0.001552218246419183,26
104,-36.956047182497485,33.472842359182145,35,0.009017493465660841,0.0058931817699577746,0.020763612917001722,-0.0020916402490643088,23
104,-7.555030359503347,-80.36838033284874,18,0.03570830681027351,-0.03570830681027351,0.02023455456677819,-0.0005979188886005238,20
104,-7.368266751767365,-61.48291297898071,34,0.025014459972097204,-0.019065349464861745,0.01970549621655466,0.0008958024718632612,27
104,-7.300147927032669,33.85559460388492,41,0.025460981507939462,0.025460981507939462,0.019635124876289746,0.0014229594115257168,26
104,15.446677952840675,-80.26734401439754,8,0.02159451478368256,-0.01870005693826589,0.01920792617271124,-0.01069142423803754,14
104,14.957912272875273,-59.552508565224045,16,0.036820682612752724,-0.036820682612752724,0.01970549621655466,0.0019501163511881727,23
104,14.632583850833447,34.8880435268688,15,0.04233668140443861,0.04233668140443861,0.01923848861659478,-0.0009768390426887,18
105,-133.3457413533008,-83.99054236251864,8,0.18477542436196376,-0.18477542436196376,0.016131795123531748,0.011606776582074603,42
105,-126.12836383771473,-66.21663378629877,12,0.13536063345442173,-0.13536063345442173,0.013338376881165397,0.004965331968432753,60
105,-127.991059557441,37.80705062836291,13,0.0782481573272984,0.061697261174820876,0.014861446308254915,-0.012141091775765061,49
105,-102.01320639656483,-81.45484488743246,14,0.021222712456725194,0.0023403553475149124,0.013338376881165397,0.004652338607806324,16
105,-100.52754123744629,-62.43255336826907,34,0.019256982488981354,0.010210536195913736,0.013300495674295327,0.00039695673914239156,32
105,-99.3247120932675,34.14871342730704,36,0.02241064999281355,-0.0002337059480875172,0.012017161686496969,-0.008303469037404448,23
105,-67.84877997085853,-81.95876175100469,21,0.011815695441896033,-0.006302891956833534,0.006993558104463003,0.00039695673914239156,14
105,-68.6875990619879,-61.657934015965616,35,0.01420683867501398,0.002444540560754411,0.00936059392284267,-0.006747393546942316,22
105,-68.72068062137069,34.49938677819871,41,0.011748661923642077,0.0025152302146114244,0.00936059392284267,-0.008132352023734019,20
105,-37.61861883451813,-80.58625704120769,19,0.03544716696991541,-0.03544716696991541,0.00936059392284267,-0.008132352023734019,16
105,-37.80793477101316,-61.74699698407565,34,0.01726152198424688,-0.016709336403533108,0.00887997333166872,-0.002734024971921206,22
105,-36.83240887686479,34.01250575114446,36,0.03361725494996974,0.03210355188596446,0.00936059392284267,-0.005925934134391739,20
105,-7.322261609290359,-80.36519822950206,16,0.04285586952119974,-0.04285586952119974,0.009285627904711092,-0.006147466463740535,17
105,-7.821646163127072,-62.60197282493252,33,0.030297068377814283,-0.030297068377814283,0.00943555994097425,-0.006147466463740535,23
105,-6.599594169826957,34.30660456154779,37,0.04880884563776883,0.04880884563776883,0.009262162407599485,-0.0042472365371158645,24
105,14.814383423831345,-81.4549739987922,8,0.03693132990480168,-0.03693132990480168,0.009810397054927054,0.0008643489418896603,13
105,14.638286957403906,-59.068506756124506,17,0.03622863590736739,-0.03622863590736739,0.009285627904711092,-0.0057044018050429425,25
105,13.791698392682395,35.68677720186803,13,0.061396574892766904,0.061396574892766904,0.009622978497950652,-0.0042472365371158645,22
106,-132.14171541099236,-83.53033806139867,9,0.09794408698752703,-0.09794408698752703,0.026879567683845924,0.026576002654535948,38
106,-127.49680913048316,-64.16880043094265,13,0.16569631371670024,-0.16569631371670024,0.017086142329337542,0.011460768873567733,56
106,-127.61877183868773,38.19232278550037,13,0.08068424063627705,0.08068424063627705,0.010753650666142485,0.000667929701638856,47
106,-134.37511911141993,66.83786589995363,34,0.037830650923827605,-0.004345969480397064,0.019648683616278584,-0.012197080060701339,11
106,-100.16836529770771,-61.413465016552536,33,0.01856906567390387,0.013226838286407519,0.021993039461100428,0.013102152922168627,29
106,-98.36963032429166,34.60077774014997,38,0.0162004127660837,-0.009766171715868433,0.011177532540553089,0.0011524048155715546,20
106,-69.29869506024245,-81.64021779779148,18,0.019411390502215436,0.019411390502215436,0.006725214686252111,0.0023579901286690896,12
106,-68.84556827238437,-61.13093692398538,34,0.0175572269139955,0.0175572269139955,0.006188065873011612,0.0010976465364894584,18
106,-67.59390332005106,34.82303891155124,38,0.01352384110530661,0.001176421937399756,0.006084950652593517,0.0018601957650743368,17
106,-38.315226558109494,-80.88745220267366,19,0.02250854434571964,0.012773071428639144,0.00529841293333942,-3.837863820047716e-05,14
106,-38.3344724235818,-61.03956014979324,33,0.011125635988715106,-0.006403842455314013,0.006291181093429708,0.0018601957650743368,19
106,-37.04981186598143,34.92887415408425,36,0.012659499823680887,0.01074015605295153,0.006084950652593517,0.00033509730790458,17
106,-7.341773079496169,-81.09583794676355,17,0.028757318186408937,-0.028757318186408937,0.006044433812925353,-3.837863820047716e-05,14
106,-6.897489282692028,-61.59087339200387,35,0.02967089542466769,-0.029307243491372818,0.006291181093429708,-0.0004118545843055343,19
106,-6.994245523452425,34.26805328965578,39,0.024109184106203142,0.02090557392683637,0.005468991025035126,0.00033509730790458,19
106,15.147253671040952,-79.8945303671034,9,0.016529767891391597,0.002011554357106505,0.005468991025035126,-0.0026333602881643543,11
106,15.723937628641444,-60.231588545464135,15,0.03466893615253695,-0.03466893615253695,0.005468991025035126,-0.0004118545843055343,21
106,14.933383399937517,35.09110810238632,15,0.05461363041698887,0.05461363041698887,0.004181033024600104,0.0018392839556130498,16
107,-129.6996242695849,-65.03141320612114,14,0.12447893658265717,-0.0676364874155263,0.017662357310886726,-0.005566657939200232,57
107,-131.48236581437752,41.58904278896974,11,0.08572698890781756,0.0824794456618677,0.020143710802346053,-0.01687199249048753,43
107,-133.59387909821078,66.74112002100932,33,0.024607125894713183,-0.012936937566050492,0.015892071819519224,-0.013781205743225597,10
107,-100.82561938161126,-62.07703822710343,36,0.025820526665448908,0.02226720170130844,0.014848032434930143,-0.0005632039852122784,27
107,-98.34399003374065,34.18189943181372,45,0.017759303347400477,-0.003996110066323363,0.015056899643741753,-0.011607169207194963,22
107,-66.76692250935538,-81.19419502975151,17,0.02578436049081815,-0.012155858752484953,0.009330148327582362,-0.009184597008846346,12
107,-69.11681665778637,-60.989071981554744,31,0.012347978387696643,0.004579188558459631,0.007742602874672629,-0.006753709759250357,21
107,-66.91786358701125,34.71729914197709,39,0.014222195890021608,0.010129847508106232,0.007451500237200596,-0.006753709759250357,19
107,-37.52679107305177,-80.68016162258081,16,0.034420945208519446,-0.034420945208519446,0.0060181227858817025,-0.0034102269300399987,14
107,-38.749614227772284,-61.61122067583023,31,0.02195580855964309,-0.02167277365406524,0.007597051555936612,-0.0034102269300399987,20
107,-36.18639217778898,34.85377073023406,36,0.03312171708382705,0.03312171708382705,0.007742602874672629,-0.0022513631244942237,17
107,-7.362929955105834,-80.50153211997923,20,0.031124118082106828,-0.031124118082106828,0.012868889670871013,-0.0005809869020559152,16
107,-6.451336580021509,-61.63002993945776,28,0.03160757059325976,-0.03160757059325976,0.007742602874672629,-0.0022513631244942237,21
107,-6.883165751553634,34.27922067234315,34,0.0444039765318461,0.0444039765318461,0.009704783733474467,-0.0010234459720058187,20
107,14.010048256709414,-60.27842307397253,16,0.04163158510767819,-0.04163158510767819,0.009704783733474467,-0.0010234459720058187,22
107,15.0371450133685,35.93284903998135,14,0.0676746475402342,0.0676746475402342,0.009704783733474467,0.0006469302504324897,18
108,-131.04214164755717,-82.94142368593658,8,0.09736398753626013,-0.09736398753626013,0.015210728929186852,0.00987794438007571,38
108,-126.8464489834762,-63.80473905531712,10,0.06847108772418362,-0.06847108772418362,0.016224630109674676,0.005781275887778448,56
108,-127.57710467734188,37.590915564943366,13,0.10433781398793825,0.10433781398793825,0.014640096166587756,-0.0065824727984113264,44
108,-133.2271800834632,66.34726103189101,36,0.03240481115466885,-0.0069426532713878384,0.023603004626776034,-0.02083005147202122,10
108,-102.17396658258578,-81.82049077621289,16,0.01063463802001945,-0.009676916934276913,0.015853960325398868,0.009222000428254228,16
108,-101.82040395507124,-61.975640653107234,33,0.010102509534903334,-0.0013917682548122308,0.01664673236192622,0.004962701479204618,31
108,-99.41680705877747,34.21598745222623,36,0.011958974683484178,0.0013614030931530796,0.01583486483296396,-0.0062978569784592625,24
108,-68.0116810872236,-81.96275437367437,17,0.010472554283030492,0.00010489008933348799,0.016684923346796034,0.01158560505403596,11
108,-69.26652109532083,-62.12301577114314,35,0.014930899804556117,-0.011210152325078503,0.014297954180391011,0.005920691355210264,23
108,-68.59164073167254,34.166158066675045,43,0.0187508240586185,0.015714057338319883,0.015491438763593521,0.007449348493349576,22
108,-39.26190850866655,-80.73363844360478,17,0.013862887970725763,-0.005643832274090762,0.014297954180391011,-0.0009366357734366386,15
108,-37.55434366241367,-62.324645701410276,32,0.029847586493138293,-0.029847586493138293,0.013234101510937185,0.004067285005659021,22
108,-36.214359095908904,34.5678330946988,32,0.03656227345553384,0.03656227345553384,0.014297954180391011,0.00017208190400824164,19
108,-6.392508944093986,-79.86528665326624,16,0.030365410889591216,-0.030365410889591216,0.015543149537519292,-0.005401477885340673,14
108,-7.477022783710557,-62.31248731759117,30,0.032927533127758306,-0.032927533127758306,0.013234101510937185,0.001671975218060833,22
108,-6.98080634335029,34.723096491916515,40,0.05542202185163415,0.05542202185163415,0.013234101510937185,0.001671975218060833,20
108,14.288946499601268,-62.024394634063874,14,0.05298095424630385,-0.05298095424630385,0.014297954180391011,-0.0006960971529635433,21
108,14.936785083552055,35.934315154062354,15,0.04921068008902848,0.04921068008902848,0.012170248841483359,-0.0009366357734366386,19
109,-132.6457535135368,-83.87538132982918,9,0.04845351869589496,-0.04845351869589496,0.019969941807440935,0.007005100301121855,38
109,-128.34425461473973,-61.78827880566383,15,0.0807386500691876,-0.07611883075826051,0.01704199913421172,0.0014873047003202571,64
109,-129.7389334723778,40.18086087685597,14,0.10200873878819751,0.10200873878819751,0.01704199913421172,-0.01070747627618105,46
109,-133.77411416437144,66.91098833285817,33,0.03816090925943072,-0.017806134641758675,0.028266847187016532,-0.016350063826782738,12
109,-100.8746752376115,-82.44681916312884,14,0.02514334451483201,0.021653861039307443,0.016410854728996713,0.002089784263053357,12
109,-102.17015613951581,-62.48754341745429,35,0.01817022165293546,0.010483265603645054,0.015886471492961168,0.0012669196623749822,31
109,-99.7188501237709,33.84517240968794,42,0.016237119438174387,-0.003942478857912117,0.016199255910260467,-0.01117759657521626,28
109,-67.3809929762522,-81.8150472138325,15,0.02832446947396829,-0.02832446947396829,0.008916826081970836,0.002089784263053357,10
109,-69.27510060795788,-61.40752556569987,37,0.011747461195404747,0.0018995078443375295,0.011157116324248676,0.001320703144008533,23
109,-68.20452252898534,32.984756265991365,38,0.014172342252732052,0.00037548800285726997,0.011157116324248676,0.0013991850245284772,21
109,-37.19073730081369,-80.17531907164434,18,0.030652578731647243,-0.030652578731647243,0.009031372924143133,0.007257139289967293,13
109,-37.362610217436284,-61.727912387451894,28,0.03275991284351531,-0.032295837625875505,0.009031372924143133,0.0028588653820981807,19
109,-36.65655880488269,34.04334762849993,38,0.03699555300998146,0.03699555300998146,0.011021283627914161,0.004328162157247885,16
109,-8.02731867072231,-80.06882948223834,17,0.0385471514983401,-0.0385471514983401,0.009843865085689091,0.0074349148139251885,12
109,-6.355893269243921,-62.70836162958482,29,0.04557761757990276,-0.04557761757990276,0.011083371933895553,-0.0013883338353111961,19
109,-6.9897897945768275,33.20474978766137,37,0.052568110097608936,0.052568110097608936,0.010984411432737599,5.42559460864052e-06,16
109,14.391950089546626,-61.3966437332435,14,0.05585085985618659,-0.05585085985618659,0.011083371933895553,0.0013991850245284772,17
109,14.354120135552035,36.46714913287425,14,0.07993775428576669,0.07993775428576669,0.011083371933895553,-0.0013883338353111961,17
110,-134.82046830672712,-83.68137525438799,10,0.09293784768585288,-0.09293784768585288,0.022827139523479388,0.021191463843796228,34
110,-129.60312211626643,-65.1250730251483,18,0.06359153424082528,-0.053044708942972224,0.019093582153581187,0.009241372965946699,50
110,-130.87728862529107,38.491212420957666,14,0.05924359893081042,0.014722145427707401,0.014642186847650146,-0.006103022180276803,43
110,-100.09732440015534,-61.69478094619211,34,0.011777869351010772,0.01027889442735765,0.019601475963892494,-0.005159240903893342,26
110,-99.7525474373306,34.9892233105332,41,0.018057066169262233,-0.005561564951077637,0.018822720914302298,-0.01876550013839253,19
110,-68.45973986158003,-81.39485901488818,19,0.014988058473765064,0.007083556097177713,0.016807904126076238,-0.01018535640450735,12
110,-69.32191715627783,-61.40041439465074,36,0.0072811304391012435,-0.004843860896481171,0.016045628220003834,-0.01018535640450735,22
110,-67.37855508234179,34.48021411983817,38,0.016070473847397647,-0.002195774185195775,0.016807904126076238,-0.012798253275653822,20
110,-37.46163498143947,-80.57215739963466,17,0.044803430535437117,-0.044803430535437117,0.016884981221185803,-0.010236077142266655,17
110,-37.99296751428002,-62.71591707039424,34,0.036450683346040194,-0.036450683346040194,0.016045628220003834,-0.008786136897194784,22
110,-36.41135917813111,35.14786414487771,39,0.025902215883847113,0.025902215883847113,0.016730827030966677,-0.010236077142266655,19
110,-7.223357778196969,-80.23891706474042,15,0.04951155221847035,-0.04951155221847035,0.01536042940904099,-0.010134635666748045,15
110,-7.389343754442748,-63.51372216812263,32,0.048754422563482044,-0.048754422563482044,0.016807904126076238,-0.008786136897194784,22
110,-6.447383345243515,34.72902772191335,37,0.03621601054236979,0.03621601054236979,0.016807904126076238,-0.005826548877575702,20
110,15.427210561094537,-62.12737818863258,13,0.05427739300846468,-0.05427739300846468,0.015754190588862745,-0.0038118790773958742,21
110,14.900258185265923,34.88666786378016,15,0.07204846685112029,0.07204846685112029,0.02062196991709709,0.006361978022364124,18
111,-136.26687742524643,-82.99059437835625,9,0.10169979851569916,-0.10169979851569916,0.019878232930496093,0.014083707362879679,44
111,-127.60897744668097,-64.60111714231896,15,0.034869802577571996,-0.034869802577571996,0.019823261099742067,0.007678767059007163,57
111,-130.60540110388663,39.35137568522974,17,0.03185790797137482,0.03106688185310789,0.014011543799149182,-0.007616720946023046,47
111,-134.05378431705168,66.8800290831092,34,0.036132394628345964,-0.015971904958835426,0.023556541553918037,-0.02089727357035461,14
111,-103.24313437111454,-81.96929518713253,18,0.013264909458188059,0.011722083477117716,0.007647744002515104,0.00509356636953251,14
111,-100.68479248707575,-61.123111759540805,37,0.01882910585618356,0.018173125186157938,0.008062458871376459,0.00340533886757305,32
111,-99.1888747448641,33.49387831181552,40,0.015796549242591433,-0.0026890025299120233,0.007647744002515104,0.0012845259195691518,24
111,-69.0286462298629,-81.20064711356332,16,0.02559111323319279,-0.02559111323319279,0.007616720946023046,0.005114526095286544,15
111,-68.43135276783084,-61.381455887558516,37,0.009293760756605547,0.0025656366655173314,0.01096569831568865,0.002772759447845225,26
111,-67.27843693098988,33.47368350460321,39,0.016267323682148,0.006640664227676647,0.010962976128957939,0.0035557528195372997,25
111,-37.631783988284184,-80.84356886221008,19,0.039756071238339054,-0.039756071238339054,0.012649734381088105,0.003123880204770645,16
111,-37.659078660147024,-62.70020105066147,32,0.04046231980530832,-0.0350357025409221,0.014331048259756847,0.0019897660761531506,23
111,-36.682554893074425,34.418778151982025,33,0.03110436457996193,0.03110436457996193,0.014331048259756847,0.0011751537657628131,19
111,-8.446865349526783,-80.28965556353457,17,0.04897327931179503,-0.04897327931179503,0.014331048259756847,-0.005318433239734885,15
111,-6.949706037178989,-63.191027560147084,29,0.049736843261890325,-0.049736843261890325,0.013484195704419749,-0.0008393014935630306,22
111,-5.7750354948206075,34.34428927137665,36,0.049079954828207886,0.049079954828207886,0.01263734314908265,-0.00423716308936796,19
111,14.102798093427129,-80.25777887043174,8,0.04739302458764833,-0.04739302458764833,0.011769109522430451,-0.009639016412871912,10
111,14.789627449719495,-61.544418048939896,14,0.057701744750724746,-0.057701744750724746,0.01263734314908265,-0.005318433239734885,21
111,15.035010006476876,34.70505504786642,16,0.054293640422394644,0.054293640422394644,0.013484195704419749,-0.004777798164551423,16
112,-134.1526582226925,-83.78242003607959,12,0.11415168897212308,-0.11415168897212308,0.014450284045466532,0.008263058032963582,32
112,-128.69872874268964,-63.58210582125893,19,0.08560010248159254,-0.07870222667717161,0.010880907116772238,0.0022873465219793755,52
112,-129.45115882691584,37.56416584313086,16,0.11504586834351388,0.11504586834351388,0.013337968392498244,-0.008613467348800407,45
112,-134.1212017585821,66.4690190275721,37,0.02789923193806146,-0.0031273840042545208,0.03512037757393737,-0.03512037757393737,11
112,-103.08005522285004,-82.45857613462353,15,0.011347647321125384,0.002236614841883033,0.011591271277306981,-0.0012783879392246045,10
112,-100.66374810847327,-62.019214144275715,39,0.008767362973100646,-0.0022495839738814775,0.013337968392498244,-0.003252190236008704,27
112,-99.47461037524458,34.30429174082164,40,0.017063157817006017,-0.012351665776327781,0.01048004598242745,-0.0025649846404707344,21
112,-68.74335314101918,-81.62221762579674,18,0.013076984790651579,0.007972956149552566,0.012293640232547628,0.004650157889666523,14
112,-67.98207809474884,-61.54319423565335,37,0.013802183801498292,-0.013198983655131403,0.012293640232547628,-0.0026521236798847676,26
112,-68.4496154010694,34.21088354365678,39,0.01753830195170247,0.0002506219835445083,0.01325420800514558,-0.0010837048533092171,24
112,-37.89711280426634,-81.05149576467848,17,0.03317762074778808,-0.03317762074778808,0.009120563431538092,-0.0035635136436276272,21
112,-37.37769584644054,-62.29265607580864,32,0.04121179681827784,-0.040075339832005535,0.01108833513029154,-0.003749749468306425,28
112,-37.24644507882717,34.595026458908286,36,0.02117047041226027,0.019851039135347512,0.009120563431538092,-0.0035635136436276272,25
112,-7.0981198036636295,-80.4411172439739,17,0.07461961191883607,-0.07461961191883607,0.01075983741328074,-0.0035635136436276272,21
112,-7.176946443210353,-62.639843687825454,29,0.04514777083719992,-0.04514777083719992,0.008347968556525425,-0.0032602994744918862,28
112,-7.031410469558043,34.72478848133471,34,0.026834060413860467,0.026834060413860467,0.009120563431538092,-0.0029570853053561457,25
112,14.714828533852236,-61.210328410407364,14,0.04608784097138871,-0.04608784097138871,0.008952109365631164,-0.0032602994744918862,26
112,14.28212471707597,35.11512022392299,16,0.03264225404469179,0.03264225404469179,0.007896745333768294,-0.004978685690106241,22
113,-131.17288934277315,-84.05213690585398,8,0.03811845839242977,-0.03811845839242977,0.01480152858423822,0.007095469633375629,28
113,-131.49185929863245,-65.3644421513175,18,0.03763920050625018,-0.013956433403419717,0.015671826538768696,-0.002866477063918184,50
113,-130.4041795696512,40.49198294584585,14,0.1244864030403263,0.1244864030403263,0.02102885448246839,-0.01307889007355836,44
113,-133.98994482439232,65.33312438017866,34,0.029655707583564065,-0.024414913122501717,0.03607222362506916,-0.03607222362506916,13
113,-100.1954019418385,-82.19998857447366,16,0.03252832961602399,0.03252832961602399,0.023630246129065738,0.013406548276971672,12
113,-101.73725472456272,-61.37412576712544,40,0.0214860430329224,0.013676546526192383,0.01687541929148888,0.002172990486883434,30
113,-99.42320722078236,34.38755069885269,42,0.025585731457725896,-0.019029980231304533,0.023548050054422343,-0.01307889007355836,24
113,-67.88740558378684,-81.29316676388422,16,0.00936352848069659,0.0036313417382303924,0.02384693875674454,0.019326325487833272,12
113,-69.00173463764284,-60.67851831744534,35,0.01602799206836305,0.010991159031693867,0.023340781583591208,0.012674088831357719,24
113,-67.43019342249268,33.9316720811856,42,0.012980962821260815,-0.009655065756214446,0.023487105238669877,0.012972592540251866,21
113,-38.05692247530725,-80.73447135304876,19,0.022998678641348535,-0.02028940261371714,0.016295192674959415,0.0037698043939679454,20
113,-37.83482302881022,-63.01970543570432,33,0.01857886831002658,-0.011223721040615793,0.016295192674959415,0.004778488683715453,26
113,-37.758725050188644,34.34763256161775,38,0.015506200409505577,0.013146401778398976,0.016295192674959415,0.0037698043939679454,22
113,-6.403723537148178,-80.31315253292121,17,0.012900383158301032,-0.007739183441342502,0.01451108803595057,0.0037698043939679454,18
113,-6.9056831250932955,-62.588626879869075,26,0.03168150095338891,-0.03168150095338891,0.019346297370043876,0.0025379073815010485,26
113,-7.925148164410947,33.884069538420675,37,0.03963469372219252,0.039574813758151424,0.016540801818269557,0.0029407196335137584,23
113,13.784075031448516,-59.46666148132431,12,0.033819198368588314,-0.033819198368588314,0.016540801818269557,0.004598889154422132,23
113,13.621209883558647,33.53673982587904,15,0.04310463255281657,0.04310463255281657,0.016295192674959415,0.004778488683715453,22
114,-128.61492784605568,-64.29485601495193,18,0.049628767231510384,-0.033377893192122865,0.01330475084026748,-0.0015415596980881843,48
114,-129.83405665531643,37.303660166165294,18,0.09802635438532567,0.09802635438532567,0.012019402508535653,-0.010300203993177916,42
114,-101.7500891739932,-61.267341532903345,40,0.021979383457845475,0.014385878730000766,0.014757873743544559,-0.003743309112521502,29
114,-98.76259327728192,34.99752179835799,41,0.016848364015676087,-0.01091306436365253,0.010480471135218189,-0.005593545498231576,25
114,-68.53980840050463,-81.65308259042553,16,0.024610080255030642,0.012301239867643553,0.019825116502260026,-0.005593545498231576,11
114,-68.60890555994604,-60.848257160048824,35,0.00974494680975369,0.0028764444128572546,0.015081048496349541,-0.0014159393196284775,20
114,-68.49364346560778,34.95501382935942,37,0.013547931333195845,0.0010322897647983046,0.016271449982088237,-0.0032443553730322973,18
114,-37.539802567587046,-80.92471299449065,20,0.0305110681922455,-0.030025198355524578,0.015123211202950298,-0.006428372109338688,15
114,-37.72243839588881,-61.99517236419446,35,0.02851882995169489,-0.02443244729665093,0.014902626978813196,-0.0005073050216441678,24
114,-37.13677705624855,34.82289305543941,36,0.016935403332936222,0.016041587148520785,0.015123211202950298,0.0009221033481356009,21
114,-8.475216229467287,-80.21652377947252,19,0.0339165772498934,-0.0339165772498934,0.01440620470859687,-0.009644881537778364,12
114,-5.207844177547147,-62.01039499644961,31,0.03072272331870838,-0.03041786028180758,0.014185620484459767,-0.002026908876254168,22
114,-8.062794235995849,33.36114416318036,35,0.03079698911528201,0.03079698911528201,0.01440620470859687,-0.002026908876254168,20
114,15.768019389301271,-61.26242844897206,14,0.04298514972295356,-0.04298514972295356,0.011143864654178801,-0.007144052699760815,18
114,15.033239581774284,35.349760346627264,14,0.0631958221154778,0.0631958221154778,0.009244056203640641,-0.006428372109338688,15
115,-131.94896783320576,-82.78030268724133,8,0.05018011176193204,-0.05018011176193204,0.016864817879447592,0.012186165681128498,38
115,-129.544904529311,-65.62587169358721,19,0.03848014783158583,-0.03234300689032436,0.014728165802091716,0.005482067150852345,49
115,-130.50203699796236,39.25085221658352,15,0.0342952532756842,-0.000583979740140054,0.016548443407613092,-0.011984714131600512,44
115,-102.58474182366477,-82.32232156555915,16,0.013199503344072891,-0.009173245240633697,0.018915439774488826,0.007874246774397905,12
115,-100.1955731371516,-60.01318476557248,37,0.01755368489888697,0.006989548064771141,0.015093756530807157,0.003873772964817942,30
115,-99.49991216907685,33.0548112022712,41,0.017153084177163828,-0.007054859132672635,0.016846155703154883,-0.008590033997054297,25
115,-68.91456535636522,-80.67220295735376,18,0.011195665558106478,-0.010223068256419214,0.01805123818731861,0.0047103970914583754,11
115,-68.62510324174885,-60.72945012116305,34,0.014833168876544189,-0.012303000898734404,0.014531559004388003,0.0055381030995689876,19
115,-68.49728418747836,33.9996685880282,45,0.021311894689383173,0.001055561077258771,0.014531559004388003,0.0055381030995689876,15
115,-37.762442163385586,-80.98311109684887,14,0.057218922308941135,-0.05207815088839118,0.014531559004388003,-0.0018567385232250572,15
115,-38.324676402569686,-62.49639086969776,29,0.030251566412625566,-0.030251566412625566,0.01743705715589968,0.0029294128100390117,24
115,-36.71451598773684,34.59302080884555,37,0.02751047162469144,0.02751047162469144,0.016822876124480756,-0.0018567385232250572,21
115,-6.776670022654974,-79.86295411659151,20,0.0432268477432644,-0.0432268477432644,0.013192965346919546,-0.0003541549973027046,16
115,-6.33440368804412,-62.38160633306664,29,0.07228742544425007,-0.07228742544425007,0.016822876124480756,-0.005106695356461833,23
115,-7.547607111104725,34.96546328712333,38,0.039115815827926816,0.039115815827926816,0.014137325176542172,-0.0018567385232250572,19
115,14.752619619659592,-60.81426041747843,14,0.06674906965701424,-0.06674906965701424,0.015480100650511464,-0.0003541549973027046,20
115,14.834027966393974,35.29307827704529,15,0.04200093829334872,0.04200093829334872,0.019310869707726677,0.001148428528619648,17
116,-134.9987968079456,-83.39786369562597,9,0.09238071666019548,-0.09238071666019548,0.016942578402972717,0.0080522945253633,33
116,-128.54649397684975,-64.45272312460659,21,0.07721655122759886,-0.011083422253039803,0.012293256579486971,0.0029414732861310095,44
116,-130.3870124826794,37.98109536869795,18,0.0419622708346302,0.014982895776683394,0.011358048820954807,-0.006058486682986246,43
116,-103.78088186377946,-82.38394731198947,16,0.010897703841091275,0.006667391715604395,0.0065277859928148255,0.0018559099498166485,11
116,-101.42750915949519,-61.51594086866455,37,0.016295583156383162,0.011191504137067907,0.006489349510243082,0.0019082915346632463,26
116,-100.47873085867195,34.08271228013383,39,0.0181410469431929,-0.012522830512242844,0.006093652716223765,-0.0035726825212200283,25
116,-69.282326497438,-80.71828749416865,19,0.013575513834517041,0.01246659041778228,0.01901831265534418,0.001960673119509844,11
116,-69.36579643957995,-60.410340543627115,34,0.011112132177264051,0.003777607624088212,0.0169590497671017,-0.00014644538514864576,16
116,-68.78314629724167,34.30962208075038,44,0.017242934231918493,-0.012857065148613019,0.01901831265534418,0.0018559099498166485,13
116,-36.46068883616598,-80.82286592356158,19,0.0164795438791954,-0.0164795438791954,0.010084631078811381,0.002591625545549374,12
116,-38.16579817347426,-61.8774555541849,36,0.020641431386055953,-0.020641431386055953,0.015289941252746155,0.001960673119509844,19
116,-37.2743602478191,33.86252333422841,38,0.01133155586890873,0.009462917825270884,0.015882936225170945,0.005840173120452339,16
116,-8.47198502412075,-80.18562838909467,19,0.041588638988323434,-0.041588638988323434,0.01176374419801619,0.010084631078811381,10
116,-6.625113326649368,-61.57150511775426,30,0.04138207067574938,-0.04138207067574938,0.01181599450772539,0.005167000504670526,17
116,-7.282249644331933,33.86163849012581,38,0.024019769742799388,0.024019769742799388,0.01176374419801619,0.005840173120452339,14
116,14.010648267576606,-60.28832750020214,16,0.031882042588308256,-0.031882042588308256,0.01176374419801619,0.00681238438699315,14
116,14.818340146179986,35.641681913856964,14,0.044186177415833305,0.044186177415833305,0.008457768269315774,0.003222577971588904,11
117,-132.14169069197212,-83.97536115368663,8,0.025490825617690588,-0.017960779917201634,0.022824973520184817,0.006514212826048971,37
117,-129.66252758727973,-64.63690391207759,21,0.04801097715408127,-0.02628641661026334,0.023916651446397007,-0.0033857181538494547,52
117,-130.3547222131763,37.04544599212122,16,0.06306201456011593,0.04899791993270973,0.02429523915721605,-0.020601471498814555,44
117,-100.22462436740416,-82.06728947906868,16,0.023312578145009998,0.023312578145009998,0.008623774242328618,-0.0024345804658661672,15
117,-101.60578531121162,-62.34645447682342,39,0.01598505697213232,0.011424698605146947,0.017966029638042672,-0.00448872432071631,34
117,-98.48973419681242,35.63364255615923,44,0.02210504756293964,-0.020714336324316966,0.01625467342805977,-0.009283929348459995,27
117,-68.85682276105857,-81.90004259234736,17,0.022365863397418174,0.00765690142712332,0.011195275234462478,-0.007168471066336097,14
117,-69.27327534621496,-60.879986942071625,35,0.01219115959019415,-0.00028023280314337906,0.010713318064646924,-0.004336855841832742,21
117,-67.66592777437515,34.512790760284744,40,0.015723410117167387,-0.013602369734026466,0.011195275234462478,-0.0033857181538494547,20
117,-37.50237508400533,-81.1006710506231,18,0.030460249653368326,-0.030460249653368326,0.01892830192272154,-0.011677232404278032,13
117,-38.66496392084256,-62.33663172343987,35,0.017818128429547032,-0.015873084592859753,0.02108902733899226,-0.006680176570517714,24
117,-36.14734495226121,34.70464215530248,41,0.020925478533005117,0.013835738595596532,0.021568736514327225,-0.006680176570517714,22
117,-8.116871711044833,-80.53101082062652,16,0.05109241270785914,-0.05109241270785914,0.021568736514327225,-0.020228998442450553,12
117,-8.086848359176726,-62.235724262647,31,0.04490007769841141,-0.04490007769841141,0.021003867784338277,-0.009696349333072316,21
117,-6.355389099051281,33.6356335037268,35,0.04795644490761251,0.04795644490761251,0.02228146728648523,-0.011236386178291844,17
117,14.67856358638617,-60.94653017674595,15,0.051964096362571856,-0.04573425773040211,0.02228146728648523,-0.016074792469418,15
117,15.066943925792172,34.56077151959118,14,0.06958062351472746,0.06958062351472746,0.02117418689364625,-0.009023497299202687,13
118,-131.4547474661704,-82.11926513587599,11,0.03403941555953012,-0.03403941555953012,0.010100766647955589,0.001311983174070772,37
118,-130.17975948906533,-64.75918908107562,20,0.019503571485937152,-0.014982359366983835,0.010797653737850521,0.0012664333814718226,52
118,-130.87763654225233,39.00084079439705,18,0.056864383306645644,0.0449566899869013,0.011911218309223167,-0.003476409289397624,45
118,-99.41407301279501,-82.31544560922269,17,0.016033929407980006,0.016033929407980006,0.008994929976458491,0.001678396002973672,13
118,-102.28159103363919,-60.86071342495588,39,0.015593195997223487,0.011365353405186235,0.010506409919300793,-0.0014762495682135674,34
118,-99.58648016088951,34.665632966181406,42,0.020860153553065024,-0.011790029670987348,0.01023799977795266,-0.0005948055863114316,24
118,-68.76587335829272,-81.4348819029267,19,0.020162413216388043,-0.015331252871505573,0.011913751630502553,-0.0012284222491450072,14
118,-67.76574756592356,-60.87982583984475,40,0.01372255672011629,0.013340563160326651,0.010808437202029245,0.0004825024534139503,20
118,-69.06041075027592,33.996346828194476,41,0.023990459356159698,0.01714785038838587,0.010979287473406632,0.001311983174070772,19
118,-38.31168416787409,-80.80481096305199,17,0.01971825223995408,-0.011323149300436493,0.015275181346374303,-0.009595115752256737,14
118,-37.0868992065091,-61.892457936321826,34,0.012751084482580291,-0.007828411246328318,0.010602275890211062,0.0004825024534139503,26
118,-37.25261407701243,35.08310058874265,41,0.018125021355623005,0.018125021355623005,0.012517232002847623,-0.0019308613171437933,22
118,-7.047429212545034,-80.15215022425538,19,0.018040367706180907,-0.018040367706180907,0.009595115752256737,-0.009595115752256737,16
118,-6.2317959323607415,-60.362362871312584,31,0.02217952331378773,-0.02217952331378773,0.010566964849770268,0.001678396002973672,23
118,-7.430627415952708,34.27893419463855,34,0.03242822729176248,0.028713493271711465,0.014418415769336276,-0.004932777510980691,20
118,15.03345074890052,-80.36679935052437,9,0.022482277559221546,-0.019568252786837576,0.006913853920182459,0.001990838980419682,11
118,14.403021984130781,-59.7719902847797,15,0.03248019410398733,-0.03248019410398733,0.010566964849770268,-0.008623266654743209,19
118,14.56565855391342,35.19637930547673,17,0.05135702398357075,0.05135702398357075,0.00973480307060342,0.001990838980419682,15
119,-129.60167628276633,-64.19557965068573,22,0.03631401599520892,0.015090819706684466,0.01670409302426268,-0.005906394658709081,50
119,-128.80095070425804,36.34662763944296,15,0.07992291348729795,0.07992291348729795,0.02021324895816917,-0.01971020185928532,46
119,-134.53977300797172,66.14892337523919,34,0.018946688800234063,0.0016333628070833912,0.03830938097162838,-0.03830938097162838,12
119,-100.3608194159531,-82.65405006891416,16,0.01953067253428305,0.016740852771885743,0.015025852921483946,-0.007400450703381725,13
119,-101.60147824427507,-61.640313191498805,39,0.018434985374213137,0.018260165283975945,0.012759379481922158,-0.006577023753673606,33
119,-100.04071913866927,34.56504529140519,43,0.015363620532840024,-0.00586066846225682,0.014072710392192773,-0.010252008413256119,26
119,-70.12295171017533,-81.76268094337603,19,0.02245260162687533,0.02245260162687533,0.01852118560051995,-0.007087657678250392,14
119,-69.12828528838286,-61.719665476671125,35,0.008472904545400154,-0.0021397667538414432,0.01852118560051995,-0.010178835542374668,20
119,-68.68402357747868,34.057057018070275,40,0.013788415184770465,-0.00925002597852519,0.01852118560051995,-0.010178835542374668,18
119,-36.132053245157756,-79.950474431172,18,0.03246181319414035,-0.03246181319414035,0.01900183394819001,-0.011480406036804551,12
119,-37.89684357102621,-62.19555616950115,33,0.015132328427789181,-0.014831299419164327,0.01812634306758288,-0.016766583057270287,21
119,-36.540767966966804,33.374640105806606,37,0.022484176161111605,0.022484176161111605,0.01900183394819001,-0.01532641502529726,18
119,-6.7669848003259325,-79.97587345139529,17,0.05358569001478565,-0.05358569001478565,0.01900183394819001,-0.01204383979250559,14
119,-6.2058360755845,-60.43480921302642,30,0.030726891215053266,-0.030726891215053266,0.019877324828797133,-0.016766583057270287,19
119,-7.761707761073639,33.805176098603525,40,0.026603206739158346,0.024871440451001252,0.022098073465209454,-0.013484007824478617,16
119,14.6500219944082,-61.64288976017314,16,0.04093583407711091,-0.04093583407711091,0.024318822101621774,-0.010201432591686946,15
119,14.853481665540459,35.31388028116228,14,0.02898849019380835,0.02898849019380835,0.024318822101621774,-0.01714189089935275,13
120,-134.14451560297732,-81.99033014068304,9,0.05278204457096602,-0.05278204457096602,0.01123120566519968,-8.381054728145216e-05,35
120,-127.85927106681729,-62.40742201511674,23,0.037038256418561795,-0.011654071586731308,0.011332504070807619,0.0009233537225421557,43
120,-128.88393249871896,38.71494823754131,20,0.04896304198295387,-0.0019597524223928953,0.015535318521557689,-0.009680880895135649,38
120,-103.18589743219547,-81.89673844231838,17,0.011845982935601013,0.001491711241649035,0.01090938431338882,0.004956552193219932,16
120,-101.8783803101195,-60.26685298376631,32,0.01986250350638319,0.017282599057966072,0.012947013993556689,-0.0020034862242816337,32
120,-100.0237604534204,34.14983437884242,44,0.02807080926295949,-0.01494584290022093,0.013764862672461728,-0.00046862060053568845,24
120,-69.99350075085145,-81.84829887712358,19,0.014160378299046938,-0.007089594596834263,0.016392274446763427,0.003564577870142087,14
120,-69.39290617488845,-61.18709896893801,41,0.012028952069863066,0.01074086648691972,0.015376354183603582,0.0009253127555905174,20
120,-68.19588747295886,33.31062672762212,42,0.007733091279080421,0.0029578004453858636,0.015376354183603582,0.0063504855493461375,18
120,-36.76980043679298,-80.63922737494592,18,0.01859942756117132,-0.016552453969213853,0.01607940596579564,-0.010095847923726559,12
120,-38.07905477976916,-61.89911461024014,32,0.012510538727025225,-0.011006018011241762,0.012391367493812918,0.0037112204347945674,23
120,-36.94075865462023,34.30021152887327,38,0.01436058761582253,0.014062634363869078,0.012391367493812918,-0.0041729073823582,19
120,-5.540722047108862,-80.24376238475547,18,0.013662464461982288,-0.010335847034211112,0.012070721932996818,-0.010095847923726559,14
120,-7.401170207163998,-60.67336691367357,35,0.023915529719591055,-0.01939114507180463,0.012349458996892422,-0.005544501931517415,20
120,-6.530062564843168,34.809701873717344,39,0.030962699370686228,0.030962699370686228,0.011750076372180717,-0.0041729073823582,17
120,15.496718676175714,-61.60666703101146,15,0.04112074433694881,-0.04112074433694881,0.012391367493812918,-0.010987883191596971,15
120,14.996932113711742,35.351328428422484,14,0.06496842546953041,0.06496842546953041,0.01139201517263657,-0.0002308434737818162,14
121,-134.66029399944443,-82.36463401620598,11,0.05633651637711569,-0.05633651637711569,0.017874680917423464,0.015987423032049995,35
121,-129.85179909563075,-63.18451904862019,19,0.02736786613234065,-0.023617570062873895,0.017586349453606785,0.010058449088723602,44
121,-128.70335519170766,39.22350338589741,17,0.041390724907630426,0.00723242294478845,0.017852297277082874,-0.00475881221825106,37
121,-102.12297437694849,-82.00103772772967,14,0.0063481321223186424,-0.0024984796504422466,0.015987423032049995,-0.0009249684879706116,13
121,-101.63675541113827,-61.03442600451496,41,0.017018722231532012,0.005270859515410301,0.012536436674968277,0.005586214640059441,29
121,-100.27710504214909,34.895708798242865,43,0.01525352714197622,-0.011086934443621322,0.012536436674968277,0.004781108913421045,23
121,-70.30225793433372,-81.92199327823215,15,0.01477805051950442,0.003362405948624917,0.009374242129065347,0.005586214640059441,11
121,-68.80219301253622,-60.98810297660589,38,0.007646732506124191,0.0020384342833396026,0.009374242129065347,0.0004449675107927348,17
121,-68.94112286999602,32.895042811166604,41,0.02087716100555196,0.0037676617249854344,0.009374242129065347,0.0004449675107927348,17
121,-37.60514214661954,-80.90001833151413,19,0.03565106968222173,-0.03565106968222173,0.01087501205015361,-0.008523164146663084,12
121,-36.67235578577075,-61.90003379309248,30,0.022017365951596625,-0.020298207279662514,0.012375781971241876,-0.006460717835912329,21
121,-36.97028029574878,34.224305796304435,42,0.02638799053602698,0.026365335153734883,0.011342057797441886,-0.007066402000086574,18
121,-6.888130410848941,-80.57048462642793,19,0.02885830041339648,-0.02885830041339648,0.016072826462914344,-0.013972091292340769,14
121,-7.027050827987654,-61.19288926222727,34,0.050803973350429854,-0.050803973350429854,0.012375781971241876,-0.00767208616426082,19
121,-7.147647997256235,34.29230687954328,39,0.04991326084407531,0.04991326084407531,0.010308333623641894,-0.00767208616426082,17
121,15.101124202955416,-59.14629011835776,14,0.06289778855418496,-0.06289778855418496,0.010308333623641894,-0.009374242129065347,15
121,14.775930967910265,36.29862324455752,17,0.0760845575740485,0.0760845575740485,0.014509803964789049,-0.010308333623641894,13
122,-133.88877525402106,-83.08696308907871,11,0.03223706539685439,-0.02699315163182579,0.009628691909672846,-0.009415742514676199,27
122,-131.3093817572676,-66.68962907638598,14,0.05917014901128147,-0.04853203721379761,0.009630277849389284,-0.008219497189526106,43
122,-128.70553701754778,36.24056803031751,22,0.03122557703573422,0.02184649381429995,0.013213146015135015,-0.013213146015135015,35
122,-100.88875803153898,-82.78166121623129,16,0.010986119104974578,0.0035037028695075554,0.008764836288676336,-0.005291508642486926,17
122,-101.05740081921762,-61.84909098451811,33,0.017580335989054358,-0.0015672964194158425,0.009091732484641827,-0.008537913379981605,32
122,-99.83866020530903,34.10154277749886,40,0.021360637737406783,0.00211140300142523,0.009415742514676199,-0.006295887096720129,23
122,-68.84700341162426,-82.07280688288886,18,0.030262472215802708,-0.030262472215802708,0.008764836288676336,-0.005291508642486926,15
122,-68.45971962517086,-60.53021657245535,41,0.018008494758431144,-0.01639525258395769,0.010094559707040488,-0.0035209766096331086,22
122,-68.3181787745236,33.20578751146818,40,0.02208092879335729,0.017879803427960955,0.010094559707040488,-0.0035209766096331086,22
122,-36.96527926912936,-80.20258425304284,16,0.04733036173186796,-0.04733036173186796,0.01095679654755302,-0.0018125807660580252,17
122,-37.632716766332734,-61.330651615529064,28,0.037383960814901813,-0.037383960814901813,0.015499871678291584,-0.004859688582268075,27
122,-37.41639783631941,35.348612309628216,40,0.034544058160034946,0.034544058160034946,0.015499871678291584,-0.0018125807660580252,23
122,-8.185691599299682,-80.38314449567838,19,0.0559503403912279,-0.0559503403912279,0.015570150787861461,-0.0009765866574510554,18
122,-6.624250016752824,-61.20348779189393,34,0.055279028126539745,-0.055279028126539745,0.015499871678291584,-0.0007010724119182102,25
122,-8.008937901423986,34.79026342341921,38,0.053936781342476814,0.053936781342476814,0.015499871678291584,-0.0007010724119182102,21
122,14.976403441473039,-61.21187201436194,12,0.03166176398626515,-0.03166176398626515,0.01564042989743134,-0.0007010724119182102,19
122,14.002156080892684,35.8726748504926,16,0.05234764080475913,0.05234764080475913,0.01564042989743134,0.003463764160014023,17
123,-134.64935086263947,-83.8895415086025,11,0.048395904349346014,-0.048395904349346014,0.01593402281688977,0.0158917407748296,26
123,-130.1652852040573,-63.38421011119353,22,0.03049019045208163,-0.015845448256265778,0.017124362220004033,0.008115831469124847,39
123,-129.52330145437708,34.97305627178494,22,0.02133964889090981,0.02006940961783702,0.015282818473250859,0.0005167560963023915,33
123,-102.13378343989245,-83.0272161081338,17,0.021538201630107213,0.01997387724062724,0.01749641418512321,0.015028202219964638,15
123,-101.70842946298181,-62.218656580722744,40,0.01993407422197869,0.010069415948936058,0.01459462408853082,0.008348874414778443,28
123,-102.61814596880563,14.922733077929237,8,0.025597391016609218,0.025597391016609218,0.015198254389130517,0.005587481505910629,35
123,-99.73734409346122,34.15873367560885,43,0.014599596242835624,-0.010724832739723222,0.01731038820256362,0.008348874414778443,24
123,-70.40562820768862,-81.34724545160469,17,0.023262210002255642,-0.023262210002255642,0.015028202219964638,0.005713960688212406,15
123,-69.96665720162903,-61.850122670125394,37,0.014517975464070016,-0.011241073543103957,0.015854441620677194,0.009468522547284447,22
123,-68.24525986928458,33.79328455113665,38,0.015616793595861964,0.005693475082553645,0.015854441620677194,0.009468522547284447,22
123,-36.56126773950789,-80.42505545955821,18,0.03766351067765187,-0.03766351067765187,0.011969044567812495,0.003931184321921368,13
123,-38.434404627316304,-62.601950361620915,31,0.028739360278382555,-0.028739360278382555,0.017603694082893678,0.00048278922027120597,24
123,-36.440146649586474,33.95412524456796,35,0.03834552595642118,0.03834552595642118,0.012188094882341051,0.0010189423788135045,19
123,-6.864715175101931,-80.7373981643997,19,0.06148711306758928,-0.06148711306758928,0.014161045957097003,-0.0043784552835930655,15
123,-6.566592655004752,-61.53836752667854,34,0.06613748248496937,-0.06613748248496937,0.015335837404660437,0.00048278922027120597,18
123,-7.29030735391231,35.26603749952295,35,0.053192397324183335,0.053192397324183335,0.01651062885222387,-5.3363938271092566e-05,17
123,14.527918242420542,-61.849232411692356,13,0.049023106921667885,-0.049023106921667885,0.015335837404660437,-0.006011204253041793,14
123,14.149621707881,34.6581402197734,17,0.06289594616901986,0.06289594616901986,0.01919610385009329,-0.014239836710018182,12
124,-135.09414329353152,-82.91483681272597,11,0.030777775723181074,-0.025873930881023934,0.014122095354165882,-0.0037251253383301423,29
124,-130.9302334581327,-65.21843637361675,24,0.04774524512211907,-0.002289593511140607,0.013607614456434852,-0.0037251253383301423,41
124,-130.07071346882537,38.41437522642277,18,0.0451415753766775,-0.017638997493340802,0.013358052143361951,-0.010045104852653164,32
124,-101.3707780689104,-82.8874427521338,18,0.020219870822907243,0.020219870822907243,0.014122095354165882,-0.011292813591493854,15
124,-101.52682717828473,-60.49865728904031,37,0.012910896885519246,0.007683228847732698,0.013607614456434852,-0.008797396113812474,29
124,-101.03936901025934,15.301065127937076,9,0.013154958294004353,-0.00448087101785511,0.013541289799768808,-0.010045104852653164,32
124,-100.95475672451813,34.71800107730951,45,0.00973969929799077,0.001689841760362808,0.016219806849192393,-0.012868498998477713,22
124,-69.11120810999466,-81.92105646405227,20,0.01351412533025572,-0.006942722266041663,0.013241139143621137,-0.006298324771489206,13
124,-68.82696090158512,-60.385671636163174,36,0.013750564121752414,-0.007962006451364797,0.012129383540520573,-0.007156166263423189,23
124,-68.57789333572103,34.015094927176264,41,0.025029305857693678,0.01244004109806304,0.012159565632541497,-0.008679175833578327,21
124,-36.07186727065865,-80.2999559369527,18,0.055633824089168435,-0.055633824089168435,0.011561462921426173,-0.0066495315754321735,14
124,-37.99783696844456,-62.64405738889962,34,0.030931497595993087,-0.030931497595993087,0.012285956343417042,-0.0013994157658836033,22
124,-36.94734532063039,33.699178680347195,39,0.028473616315084785,0.02664181726165956,0.00982126802194459,-0.004417527227967998,18
124,-5.91149658399711,-79.99108833531201,16,0.05740277614996418,-0.05740277614996418,0.00982126802194459,0.004404562626256583,14
124,-6.105982122328543,-61.37418801520917,27,0.03860830397240747,-0.03860830397240747,0.01096336021031085,0.0010097089302279216,17
124,-7.534051375290325,34.25596209510648,35,0.05553700261210645,0.05553700261210645,0.01096336021031085,0.0010097089302279216,17
124,15.20099756527618,-79.60266475141148,9,0.06370331402554241,-0.06370331402554241,0.010105881688288914,0.010105881688288914,10
124,15.424080972673064,-58.33677081698936,14,0.05164226689820434,-0.05164226689820434,0.01096336021031085,0.007799416322285244,15
124,15.124258016151563,34.45551067203707,17,0.07815570722472931,0.07815570722472931,0.01096336021031085,0.007799416322285244,13
125,-132.63385563321108,-83.96406129497757,12,0.021723481529170197,0.005596770344518535,0.015858538400899746,0.005252474684938923,19
125,-130.6015339904412,-64.45022321552814,24,0.03566901386533959,-0.011721175313732981,0.012149341343786823,0.004739623615392291,32
125,-130.73330273539977,34.97903801657639,26,0.05542194779940053,0.02167340900428533,0.010217796038275308,0.0033216067361770698,25
125,-99.66359843844123,-82.20311516151818,17,0.009094665665941954,0.008322399682274583,0.0133935719194085,0.008909211258289751,12
125,-100.8502204085213,-61.20438187290553,36,0.021039054261423065,0.01501985104856464,0.01499693923648551,0.008884739413602922,28
125,-100.3663555341553,15.227146933396712,8,0.004779450708679347,0.004779450708679347,0.013074618074055067,0.007516063785590133,29
125,-100.35792896698632,34.71045932686794,44,0.012782621012361255,-0.0022607956519130707,0.012149341343786823,0.004739623615392291,18
125,-68.64223490354591,-82.09586406687586,20,0.014662897810947307,-0.014662897810947307,0.015408259792589533,0.010277886886302542,14
125,-67.88476448236398,-61.02215847544438,35,0.01492234620854056,0.005559331078493472,0.017261876736390857,0.010105545540246485,22
125,-69.60724251722696,33.95323347328774,40,0.011184720080715504,0.0007651117226990317,0.01710399382041713,0.010253415041615713,21
125,-36.90665846392123,-81.06689426479825,15,0.030911618077056183,-0.030911618077056183,0.019486747658125064,0.010253415041615713,13
125,-37.71055889717985,-62.21482082653373,36,0.01941993742917515,-0.017757094775402334,0.018295370739271097,0.007597856454755237,18
125,-37.234646421294734,34.416045061323324,41,0.03404672477131454,0.03404672477131454,0.015408259792589533,0.007767657452937603,18
125,-7.476739143535541,-80.49360441171603,16,0.042339723324324854,-0.042339723324324854,0.02020893017383825,-0.0015535041482697487,10
125,-6.297918194600719,-61.06964821918331,34,0.040112899194203425,-0.040112899194203425,0.015477886262888794,-0.0012874161885872487,17
125,-7.342299397005639,34.69318861620029,39,0.053184191548085055,0.053184191548085055,0.019486747658125064,0.0055776388669979485,17
125,14.601019794424058,-60.93641793634319,13,0.035958315570064514,-0.035958315570064514,0.01748231696050693,0.007767657452937603,14
125,13.767120170001672,33.50595624316099,14,0.06342946919036568,0.06342946919036568,0.014271285299152774,-0.0023218022958910465,12
126,-133.3561931749466,-83.08006808429694,12,0.01247069093571681,-0.008467580421728663,0.010543311467291476,0.006958936538482452,20
126,-131.61037721008188,-64.07175390067952,26,0.06189517573159774,-0.048686486706193605,0.011377414690689067,0.0013106949450273774,34
126,-130.027272377737,34.86867688154588,26,0.03219361189825598,0.012936495089790757,0.012938641791355817,-0.001448168031269581,29
126,-102.57169264714068,-82.66375323045443,16,0.015709552533048926,0.015709552533048926,0.011463346239952113,-0.003202570480305769,15
126,-100.1934337113724,-60.79101242686949,39,0.01432870702629594,0.012481399885395105,0.010252230794487316,0.00036485132876608697,28
126,-101.13640950404414,14.783919127970673,9,0.005336425919696153,-0.0005192898204777525,0.011088456413721758,-0.0012122508530856549,32
126,-100.64179066662128,34.48425186956985,43,0.014906374573837608,-0.0145574717006614,0.009790895001483228,-0.003202570480305769,23
126,-69.42446648532687,-81.79535270226555,18,0.017008043242589317,0.001725042719927776,0.009137701122218823,0.00036485132876608697,16
126,-68.4351422972787,-60.18215602439854,36,0.017505874143264735,-0.014054709968828273,0.015383743074137044,-0.005696047890238968,25
126,-69.11524714766772,34.741589684077745,42,0.010222403416903498,-0.007092962547166194,0.015383743074137044,-0.005696047890238968,23
126,-38.24916304861245,-81.09686499432321,16,0.03368622074642759,-0.03368622074642759,0.021009075037926043,-0.015383743074137044,15
126,-36.64800243322713,-62.325153044350124,35,0.031329615274333394,-0.027978060343124216,0.015383743074137044,-0.00848450724295442,19
126,-38.3455353286543,33.74868831201322,39,0.017233486234610622,0.012554497072417911,0.020847765968772657,-0.009137701122218823,20
126,-6.441384778534258,-60.88831359473311,33,0.044802439403835305,-0.044802439403835305,0.020847765968772657,-0.010688456550985537,20
126,-6.9422160009988145,34.88679605480575,39,0.02561198037513148,0.02561198037513148,0.020847765968772657,-0.012843679705177878,18
126,14.469204430829121,-59.2941665088558,15,0.038713780230800444,-0.038713780230800444,0.021009075037926043,-0.015383743074137044,15
126,14.875563165800608,35.224280571985034,13,0.050009514236192,0.050009514236192,0.021009075037926043,-0.0128866489115096,13
127,-132.73532046797806,-82.35312231503853,11,0.034536525491679834,0.005638071354908148,0.010271276427885757,0.0069628063214130734,19
127,-131.32500888056222,-64.42511048083328,25,0.03658486986488237,-0.001192520329642824,0.015435662090270318,0.007980278063652712,28
127,-129.47465792995305,36.355334165696185,23,0.031296875148952914,-0.008710584277513039,0.01605187976297142,-0.0008399960937156991,23
127,-101.44228360285103,-82.50174073135591,16,0.023306642512123867,0.019274573417545866,0.006613914207813824,0.0019951526006872803,13
127,-101.02839715823693,-60.787313044107485,39,0.018544390458653665,0.013158210166614222,0.007686289531105544,-0.0018116089574940653,25
127,-100.41792392290425,15.293492985587148,9,0.01071441242976394,-0.006096380107818081,0.009752392003644701,-0.0018116089574940653,29
127,-101.05139559038989,33.32419031491586,40,0.020264294248531663,-0.018386146455504293,0.007324547926259309,-0.0006849390391475623,20
127,-70.08845934626908,-81.56159132218352,19,0.013081164333736784,-0.005519146964337758,0.007324547926259309,-0.005574184718494425,18
127,-69.04199113024558,-60.3503690935505,37,0.013329904914415285,0.0030106711767329333,0.009752392003644701,-0.0064083668942232835,27
127,-68.3788697100667,33.573464799931635,41,0.015687407797739302,-0.0030672745231903552,0.009838608737361431,-0.007047328212664414,26
127,-38.24080059509728,-80.02096307259865,17,0.04041724579104228,-0.04041724579104228,0.012421255890750825,-0.00992482547107816,19
127,-36.65103217762548,-62.8258404463908,31,0.023784152563858386,-0.019425683788756955,0.011354120631695268,-0.009271925499502221,22
127,-38.48485578900225,34.603057073512915,40,0.02056718506421436,0.015101815713879132,0.0133524056805585,-0.009271925499502221,22
127,-5.517114003738666,-80.450000134544,18,0.05118071537767212,-0.05118071537767212,0.011354120631695268,-0.011086823947197764,10
127,-7.516554409492362,-61.189502940609486,33,0.03506764156601543,-0.032432039072207416,0.015093778141542846,-0.0133524056805585,22
127,-7.966146004641677,35.38262333254897,35,0.03827458407858444,0.03827458407858444,0.015093778141542846,-0.0133524056805585,20
127,14.508794248725978,-60.98050676890637,15,0.04721773063643617,-0.04721773063643617,0.014283555470366173,-0.012421255890750825,17
127,14.600229942676476,34.590263043523656,14,0.048051533684592876,0.048051533684592876,0.015093778141542846,-0.0133524056805585,14
128,-133.67205756791483,-83.3332138945178,13,0.02941602307915399,-0.007656495565635553,0.014817235674823032,0.0020807921004575313,21
128,-132.72162186495316,-63.33778779540624,26,0.047052655468728354,-0.0105570591147738,0.016535582193785665,-0.002604442468479067,31
128,-133.72399476851442,34.87006881109093,25,0.05083406607501833,-0.012120980963619134,0.01980076681161835,-0.006665184384552915,29
128,-100.35669636911379,-82.769259086681,18,0.006283470333559104,-0.0008283685269905776,0.0127330348788134,0.010573777531625137,15
128,-100.9700752409719,-60.19688613396782,37,0.014768297542330142,0.013669738153916748,0.01965294473294041,0.010446845297690266,28
128,-101.26089244242408,14.325133159388253,10,0.012140212990293976,-0.01017468143339707,0.023126402878844966,0.010319913063755395,31
128,-100.32684434345855,33.71223390046441,44,0.01711760059452285,-0.015561520653894115,0.01950512265426247,-0.004240504741450373,21
128,-69.95793115364812,-81.01731818043903,19,0.011444674927866131,0.007604720141084357,0.023315746970450683,0.013775135276818215,18
128,-68.58377297149637,-60.8868949836998,34,0.010422086525870245,-0.0006670114463351994,0.02121456889158479,-0.002604442468479067,25
128,-67.47470977213744,33.57083926171047,42,0.015243463144330524,-0.008791959576746253,0.0235050910620564,0.0127330348788134,23
128,-37.689769407758746,-80.94669661012557,16,0.009183573013899144,-0.007165529564006953,0.023315746970450683,-0.006619833809388817,16
128,-38.35110524947892,-62.005816034282,33,0.023169508993206366,-0.022885774324185756,0.023126402878844966,-0.006665184384552915,21
128,-36.34899241286355,33.76790187070012,37,0.010894087869248845,-0.00020143172045923404,0.022170485885214877,-0.006619833809388817,20
128,-7.427264580391725,-80.1938326637638,17,0.0183413688804065,-0.01588025002750079,0.02239856871533106,-0.01077169415211637,10
128,-6.834035982005318,-61.84903992763662,30,0.03370110846176715,-0.03370110846176715,0.02086320358756264,0.006665662159425871,21
128,-7.207247004762807,35.482948816021405,38,0.021789006234206577,0.021789006234206577,0.021038886239573715,0.007279598667470289,20
128,14.729660972865782,-78.93410883665983,8,0.05789540594724209,-0.05789540594724209,0.016601091229226685,-0.013421146129357622,10
128,14.536157533463694,-61.69537923278708,14,0.028258435835440673,-0.028258435835440673,0.021038886239573715,0.013090975288857274,18
128,15.235108849219026,34.944707301906746,12,0.02664161062370659,0.02664161062370659,0.01979531694183031,0.007279598667470289,16
129,-135.21128144582832,-83.8069350777462,15,0.022792061584902615,0.01953977147934501,0.009225016004291604,0.0034558232008193466,15
129,-133.00949742818847,-63.67000404261553,22,0.024494504528554416,-0.0071484512322222875,0.01424770232299762,-0.0022679358241156004,22
129,-132.8240793828644,35.3499302171603,31,0.03818089743001707,0.01284486550151471,0.015984182609331234,-0.00016211149152471643,25
129,-103.50832253222065,-81.78388993992694,17,0.02645388990411629,0.02645388990411629,0.0122647361669518,-0.0122647361669518,12
129,-101.82705377962661,-61.26931466460935,37,0.020748057158407343,0.012134106673217357,0.0106216331507656,-0.002982695501546481,22
129,-100.27250954728319,33.86273849230082,47,0.020145719335217034,-0.015678469756582235,0.012018250297239595,-0.007907546119133087,15
129,-69.43800080163352,-81.65909899944701,17,0.011655479265846154,-0.007586821095440628,0.012018250297239595,-0.0015916308463864777,13
129,-68.52209756694205,-61.80050257056322,37,0.015988050875562574,-0.009465145528096958,0.012168946775431386,-0.004881232533095254,22
129,-67.89207591160041,33.49277392411936,40,0.013418395170265343,-0.008618821012873444,0.012319643253623174,-0.0015916308463864777,21
129,-37.64961308853823,-80.31281864429491,19,0.040108809300181514,-0.040108809300181514,0.012319643253623174,0.0002198579433709395,15
129,-37.442135141056866,-62.08474376179681,32,0.032233731164677495,-0.03127306615150643,0.014313712222701142,0.0028438906601069595,18
129,-37.11805133682374,34.25381510433222,38,0.01757879568785881,0.009078606742754368,0.014313712222701142,0.0028438906601069595,18
129,-8.533117122824068,-80.66484647239652,16,0.05306306559122409,-0.05306306559122409,0.009338421175670542,0.0002198579433709395,11
129,-7.209473988611289,-61.671951165149615,28,0.04751265147278086,-0.04751265147278086,0.016307781191779107,0.005659238542636878,23
129,-7.003999327613612,34.617321784006016,35,0.02880528094909064,0.02667843547305857,0.016307781191779107,0.006672876182427624,21
129,14.758856629415924,-60.33930274714635,12,0.03888298620626872,-0.03888298620626872,0.016307781191779107,0.006672876182427624,19
129,14.31479142652878,35.90817590232564,12,0.04173729046277052,0.04173729046277052,0.01473924742788461,0.006070399779635301,16
130,-131.12296287042406,-83.59668779547643,12,0.031125351374804985,-0.031125351374804985,0.014397896792670398,-0.0018439290647020365,18
130,-131.58184976128786,-62.56407591905345,30,0.015426656919092507,-0.003269704492713284,0.014013332728451323,0.0019425357117946022,31
130,-130.57927032552104,35.212028491449885,25,0.03405482323096691,0.003568597517095805,0.017372503734095147,-0.0010618315169694723,27
130,-102.09856819085954,-82.39941522111911,16,0.00869126561693694,0.00869126561693694,0.017073096779250854,0.015896393952954047,13
130,-101.28116482172359,-60.581419143215584,37,0.014541285262616487,0.002256451026990894,0.01741958839234033,-0.0010618315169694723,27
130,-101.88527868188862,15.260516249755701,10,0.016634634607269598,-0.008290488945682125,0.017372503734095147,0.007786323709577661,33
130,-101.9338868068859,34.73579120812925,42,0.022651901927668923,-0.02098839559115098,0.017713850921732964,0.014397896792670398,20
130,-69.88557830421456,-81.87474668429626,15,0.009423499007315742,-0.006316212107438325,0.01910224585495336,0.01218227398082711,18
130,-68.35423564266789,-61.365408295905475,35,0.005929406858874721,0.0015299095367673418,0.018647485111932982,0.010351215233202895,25
130,-68.00774741109132,34.200617846873755,37,0.008350593715461938,-0.0033962819253878992,0.019959049568614023,0.01218227398082711,24
130,-38.54406594341593,-79.86463994588384,16,0.01979372835721964,-0.017087565515143437,0.01956259846514044,-0.003404355313094517,18
130,-38.421149978031295,-62.568659154989994,33,0.02508278360522356,-0.024590942178175992,0.018647485111932982,-0.006132290131129784,23
130,-37.038392991778885,35.215840796061116,37,0.02636938040648307,0.010167320764014913,0.018647485111932982,-0.013305381262939248,21
130,-6.886752819505275,-79.87808011177968,17,0.02920669112545256,-0.02920538494300608,0.020509232825908108,-0.009718835697034515,14
130,-7.153447388981749,-62.26614253264975,32,0.03817148312082747,-0.03817148312082747,0.018647485111932982,-0.007899858530903033,21
130,-5.673511925843579,34.98697985982043,33,0.029902671706731946,0.029902671706731946,0.017163806443899414,-0.007855351398676037,22
130,14.430855046717243,-61.99083283353015,14,0.030717995060947342,-0.030717995060947342,0.015477642136918858,-0.006971567198789413,20
130,13.787830927821826,34.78747505036784,13,0.044797562882458945,0.044797562882458945,0.013995347096563361,-0.002278268340857522,16
131,-134.4078688722276,-83.20448466115324,15,0.020969907875129715,0.015915333513079735,0.01947078686142846,0.010139138931653045,18
131,-130.64014876521358,-62.999340807029625,26,0.032036594254848234,0.002429966237498117,0.021348389930475265,0.00486733389099466,26
131,-130.07712455228065,35.992792077434444,27,0.059465412343273835,0.041781422836854036,0.014071369040280576,-0.00034088192133831436,21
131,-101.61118335008061,-82.2969045801529,17,0.02465890297440985,0.02255562219035004,0.01933413021110809,-0.0003057829482739447,10
131,-101.12868502160461,-59.866295451858136,34,0.0251444355362025,0.0251444355362025,0.01814881613073967,0.009152661068605636,22
131,-98.34991619202019,15.26656056017369,8,0.019301036225369238,-0.019301036225369238,0.018548941747417266,0.0009040333156866226,24
131,-101.44178334294003,34.52383582886923,39,0.018556494620004724,-0.01578265646936548,0.020911667668506398,-0.017756592753709784,15
131,-70.11388509151516,-81.30508424447066,18,0.012133846994560674,0.011002229331849682,0.019852201605900593,0.011691408343279199,14
131,-68.31523865919475,-60.69969187981481,37,0.011147043478898824,0.0024654817614294263,0.01914246454492917,-0.0025582837025048518,20
131,-69.5720577819458,34.27956354350361,39,0.007318643852127536,0.002228974349509962,0.020911667668506398,0.0021489485527115596,19
131,-36.880765241574885,-80.15603378586604,19,0.021191373061252818,-0.01597234756785063,0.01914246454492917,-0.0025582837025048518,14
131,-36.94245129559043,-61.70249102885318,32,0.013242356251460818,-0.0058448956574215696,0.020201930607534974,-0.012511054355715524,18
131,-38.06182012618582,34.90769353325743,41,0.03174294716665227,0.03174294716665227,0.019492193546563553,-0.007265515957721264,17
131,-7.17308794282422,-61.786891556939054,36,0.029078928403431,-0.029078928403431,0.018792735543294786,-0.01274609715493476,19
131,-7.746753113455653,35.190593967723146,33,0.052091805164352224,0.052091805164352224,0.01839260992661719,-0.008970379937999536,20
131,14.554110000970134,-60.81548674412962,12,0.03141098683518111,-0.03141098683518111,0.01698546620826919,-0.008970379937999536,18
131,14.166277732590206,35.897351219781676,15,0.053378350158955354,0.053378350158955354,0.016119145350749157,-0.011201814119202961,16
132,-134.42455807328741,-83.97862453147035,14,0.042632348791438755,0.020099617644065423,0.013693508841374998,0.012201992649734558,15
132,-129.91254861419324,-63.21379809198454,30,0.017987547485205143,-0.005260091879561139,0.013324315836552813,0.011744940298647383,22
132,-129.1365286095497,35.25967823067844,23,0.02900760214133349,0.006901222805380841,0.012469788927444457,0.010304280526384891,20
132,-100.95558905557385,-81.92201211483103,18,0.01374037340135207,0.01374037340135207,0.012919888816861675,0.010761332877472066,10
132,-100.73083677829062,-59.483752413297566,37,0.01430007163795762,0.01391815735953691,0.014845543065734223,0.003930855998442029,22
132,-102.20124998550361,14.983255296407329,8,0.014692265109437075,-0.0022690756838634613,0.015997577290093448,-8.812372560512032e-05,25
132,-100.10695139626173,35.380309540492576,41,0.013751481709593429,-0.003590650072301208,0.017167320726364746,0.008635254413849377,14
132,-69.05175506414298,-81.38903812056485,18,0.014501787212158787,-0.0016572682490834563,0.022431818514266885,-0.012955122831730627,13
132,-69.15595245818103,-61.487908870792204,34,0.010168852252059166,0.001813805164898354,0.015997577290093448,-0.009295941887396277,23
132,-68.12983960117964,34.51778871675917,44,0.014131376181227905,0.005670193116112116,0.018337064162636047,-0.005519373717645706,21
132,-37.60432648200359,-80.19884232100003,17,0.030463362059707063,-0.030463362059707063,0.014476350060912038,-0.012919888816861675,16
132,-37.94359343674552,-62.786885187991054,27,0.02814103318900005,-0.027950649933978923,0.020384441338451464,-0.012583567337207054,20
132,-37.83233876733029,34.75324875527155,38,0.029427027674937708,0.029427027674937708,0.018337064162636047,-0.012884654801992723,19
132,-6.295554435391432,-80.12267346541054,16,0.042175038943920634,-0.042175038943920634,0.018350036221591544,-0.018350036221591544,10
132,-6.608794311653801,-61.60107085519935,34,0.05342946627663236,-0.05342946627663236,0.015997577290093448,-0.012282479872421386,21
132,-7.887334259285002,35.4677097050519,36,0.03986041009763452,0.03986041009763452,0.015997577290093448,-0.013954703442022699,21
132,15.617722478308732,-61.37544659195554,13,0.061069365671642485,-0.061069365671642485,0.013954703442022699,-0.012282479872421386,17
132,14.133705476022573,36.706483443824006,15,0.0517939602386749,0.0517939602386749,0.012282479872421386,-0.011933279331249463,15
133,-135.0560400277524,-83.43254910232457,16,0.015188878399044963,0.012108632484956137,0.03131347157432011,0.019159114357667758,15
133,-131.59663544460352,-61.756954988269314,33,0.033910983999506386,-0.005520934986122349,0.019159114357667758,0.0014758126245648347,25
133,-130.23377011639164,35.75031722794051,30,0.03748543661225026,-0.013481513412535121,0.01899083310708374,0.006176017737083517,20
133,-101.03998672770786,-81.73498935022856,19,0.013336240275890612,0.011883790890732158,0.011156515892621401,0.0009240270040071679,10
133,-100.5624032770982,-60.16355542944444,34,0.017666781310307286,0.015675421162086246,0.013831424272388137,0.0009240270040071679,22
133,-104.1961056519219,14.616751907075194,8,0.01664201384541911,-0.012391152132307839,0.014122935282172911,0.0014758126245648347,27
133,-100.3474163419656,34.141635189910915,42,0.019541854700644956,-0.016140101643321622,0.00819009650306989,-0.002033660511677009,15
133,-68.676085122522,-81.77670284967076,19,0.013942370348104536,-0.00765295359332003,0.010716536468557233,-0.0028031949344375496,14
133,-68.8827029236587,-61.30601148482239,39,0.013755390100455721,0.009641591425624608,0.010981421347710933,-0.0024194760137338798,23
133,-68.595656043212,34.73382030610453,40,0.014351407017902128,0.0011348633982716995,0.013242976434044576,-0.002033660511677009,21
133,-37.55243988088454,-80.06110538044467,14,0.036257999126464074,-0.036257999126464074,0.012112198890877755,-0.004463428548525416,16
133,-36.89343588956444,-62.04719962766575,35,0.020206461996113558,-0.016061210772324603,0.013242976434044576,-0.003020452210049281,21
133,-36.64931806013832,34.00718492509766,33,0.0146576504075337,0.005558813454153061,0.013242976434044576,-0.003020452210049281,21
133,-7.328089377890483,-79.77840985616561,15,0.02190902936812658,-0.02190902936812658,0.013539913262603362,-0.003020452210049281,11
133,-6.766817428777767,-61.54931749287391,33,0.03512013597793702,-0.03512013597793702,0.013242976434044576,-0.0032457297856171574,19
133,-7.345254482082261,36.25519391177564,34,0.04368081540924218,0.04368081540924218,0.013242976434044576,-0.0032457297856171574,19
133,14.452841103975725,-62.12565212153776,13,0.04559079300434929,-0.04559079300434929,0.013539913262603362,-0.007802349825181238,19
133,14.095718564878437,35.52377496594719,15,0.04721122510431351,0.04721122510431351,0.014506082279981848,-0.007802349825181238,15
134,-134.34116954183577,-83.23828557594429,15,0.03137195264410416,-0.005964906606162477,0.01898253796240675,0.005767218964543445,17
134,-130.328844513305,-61.64120842615,28,0.033056903379582364,0.01633268631061882,0.01898253796240675,0.0013136977582328606,27
134,-130.06370276196236,35.58766230853207,31,0.03383625434150562,0.026364734348043012,0.02142893426144732,-0.012523934809267764,17
134,-101.26028555142042,-81.80418817588115,17,0.007645825991811744,0.0065410793095812166,0.010138382530452138,0.004401394025637384,10
134,-101.45660550703275,-60.619434260262615,35,0.013033705195620617,0.013033705195620617,0.017535232901757396,-0.009293367522652042,23
134,-104.82330951060914,15.137896298973839,8,0.01003336581389071,-0.01003336581389071,0.017535232901757396,-0.012523934809267764,27
134,-100.31951803722521,34.33675629364619,40,0.014376247124454879,-0.008010439912754831,0.010423002733994432,0.002195550691751631,12
134,-70.19503324178076,-81.853938278354,19,0.01679687307295138,0.005060312611685253,0.015322207060770641,-0.009862607929736627,15
134,-69.59246206475402,-60.67189155886296,37,0.012871865386782776,0.0004124281464796689,0.010983397538252235,-0.009293367522652042,23
134,-69.83791538052365,35.490328866808774,39,0.01913643427528406,0.015790947089510433,0.01453590162881636,-0.009293367522652042,21
134,-38.516585122737055,-80.07265186777458,15,0.010355164872176059,-0.00896575294058484,0.010983397538252235,-0.009862607929736627,19
134,-37.57189437302751,-62.32608400581712,32,0.01844835427555671,-0.015203996436428793,0.013826952278866744,-0.009293367522652042,21
134,-37.42653030557187,34.454584163491575,38,0.03727542930305862,0.035327801997497695,0.013826952278866744,-0.009293367522652042,21
134,-7.042253035507044,-80.77367623890137,18,0.022280838144844675,-0.022280838144844675,0.0149290543447935,-0.014181426953841551,12
134,-7.132210925810319,-61.78288382419317,34,0.029143106848428905,-0.029143106848428905,0.0149290543447935,-0.011844780104301685,22
134,-7.184257280985203,35.87981720844112,33,0.06251981584330314,0.06251981584330314,0.013826952278866744,-0.008802189419567482,21
134,14.994026388569473,-61.2126628887839,13,0.024272917111006747,-0.02348776609115929,0.0149290543447935,-0.008025138668382661,24
134,15.268188262061225,34.938239400757475,10,0.0726148284032882,0.0726148284032882,0.012003595584601411,-0.00592385319912867,18
135,-136.91015720631154,-82.97287227818484,13,0.030311559719524286,-0.026821479781714754,0.008214792196104059,0.002877018840921352,14
135,-131.77386390529895,-62.72764409559637,27,0.0238358240970133,0.008151960650942694,0.004949480645805253,0.003310358787064039,19
135,-129.18953384500642,36.17136312824883,24,0.028566800283174456,-0.012015377155836133,0.004949480645805253,0.003310358787064039,15
135,-102.20025667443407,-61.12590999899362,38,0.010338161293321711,-0.001747381590758772,0.013206631402876253,-0.003863885684122662,23
135,-99.97928514240844,16.18705612492704,8,0.012934030696827404,-0.009342586376815443,0.014031490742978988,-0.003863885684122662,25
135,-100.8002811086872,34.11403896215434,39,0.024237185491112017,-0.024237185491112017,0.006465016173252322,-0.002976515886688306,14
135,-69.74452446671164,-81.5361609362317,15,0.03294190929721266,-0.03294190929721266,0.013206631402876253,-0.01010453702303544,15
135,-68.7253580185004,-61.16083843555907,37,0.036282821578849676,-0.036282821578849676,0.014753782473988753,-0.01361906107292762,22
135,-69.37871152134568,36.487777960199566,35,0.012989872320184411,0.0024938970378516876,0.014031490742978988,-0.01010453702303544,19
135,-38.2463387386698,-81.25829836764763,16,0.07634566155114286,-0.07634566155114286,0.015630032718293677,-0.015476074204998518,15
135,-38.48102556143626,-62.306347391289464,33,0.049262928616767475,-0.049262928616767475,0.015553053461646097,-0.01361906107292762,20
135,-36.906076670723024,34.470406653091224,34,0.02373873184725924,0.018609506951411035,0.015553053461646097,-0.01361906107292762,20
135,-5.510191455427272,-79.88643661213557,18,0.09644516404132944,-0.09644516404132944,0.014031490742978988,-0.014031490742978988,11
135,-6.627105024609321,-60.73260944168451,32,0.07655388914089431,-0.07655388914089431,0.016073542980129057,-0.014753782473988753,16
135,-8.127696665239597,34.714747512926564,33,0.04671889046161558,0.04671889046161558,0.017131455737446573,-0.01599656372348148,16
135,14.635057595013487,-59.77637001041406,13,0.06530520951915711,-0.06530520951915711,0.017517239046980392,-0.01690283655149826,16
135,14.903370624449293,35.62677327825193,15,0.05468878871485226,0.05468878871485226,0.017517239046980392,-0.01690283655149826,10
136,-136.63489810647815,-83.19378820904704,12,0.03206186925304033,0.019160038295575936,0.020742029635503485,0.020724553644506365,13
136,-131.45428886103747,-63.357580887218504,30,0.020139331598767067,-0.006666606758220901,0.020742029635503485,0.008244633904249343,17
136,-131.84263505432637,34.69474501035803,33,0.051592273313698894,-0.0061979131506798004,0.020724553644506365,0.006501139380358649,17
136,-101.3085490534939,-81.72635578728654,18,0.01877408174671219,-0.011079210508470851,0.00974089088143993,0.007416233228446585,10
136,-101.20201663545772,-60.089791875289166,40,0.010777144815105704,0.006116873848226675,0.015028379874107446,0.00552202440501632,21
136,-101.8623730340754,14.849114559347019,8,0.0074712209421900315,-0.0030505180844561954,0.018369622578257253,-4.9721502916514904e-05,27
136,-100.47669469207214,33.257162783514836,43,0.02130919270264116,-0.013639572551964362,0.019178293321927907,0.007235356982638173,14
136,-70.34769989333522,-82.42345344097393,19,0.04867305242621503,-0.04867305242621503,0.011656196118221112,-0.0032628813699663466,14
136,-68.24701762224863,-62.34068790241401,34,0.03043230180008838,-0.03007884552801389,0.009125741815855468,0.004834050815603477,23
136,-69.2246879645943,35.42826140096735,35,0.015097402295262323,0.0041463531711229545,0.011237147858630519,0.004303302590558278,21
136,-38.00297027386194,-80.48607964947232,17,0.0535858477761047,-0.0535858477761047,0.00788288141263252,0.004303302590558278,17
136,-38.258069434097905,-61.883590670923255,32,0.05743787208536438,-0.05743787208536438,0.009125741815855468,0.004834050815603477,21
136,-36.84022361769755,34.996318593263396,39,0.02687171096229388,0.025907283142261227,0.009125741815855468,0.005345467137590463,21
136,-5.410022544609117,-80.7901930132552,19,0.10549856931474683,-0.10549856931474683,0.006923553604818304,0.005345467137590463,11
136,-5.778203737743388,-61.53650714851134,36,0.07972764594069526,-0.07972764594069526,0.009125741815855468,0.005345467137590463,19
136,-6.906609551533268,35.59240767465204,36,0.045496432479211556,0.045496432479211556,0.010600493096833587,0.005433745771303391,16
136,14.513784249649888,-61.2952306236781,12,0.08396425212420247,-0.08396425212420247,0.012075244377811706,0.004834050815603477,19
136,14.799489747823012,35.4510093254505,13,0.04078231851058244,0.04078231851058244,0.018723490038301656,0.005974613569387209,16
137,-132.71964994943545,-83.11754387193585,14,0.03689052047454085,0.03689052047454085,0.019588360171202378,0.019588360171202378,13
137,-130.44026565486263,-60.85355910982807,29,0.049214423035436404,0.03132470931222705,0.010767874292023347,0.009815004375249368,20
137,-131.03210221723398,35.156864908688206,30,0.04527208704739741,-0.03773547130979282,0.011002854014834702,0.010532894569211991,17
137,-101.87378049463439,-60.36032697774785,38,0.03860223092421058,0.03860223092421058,0.010222435601486394,-0.00309379446537123,20
137,-101.74673886631774,15.073234997195366,9,0.013628788844119362,-0.013628788844119362,0.009442017188138085,-0.0023793941962495123,25
137,-100.15433690141296,33.76155919078003,41,0.023514714182418336,-0.021466082028045244,0.011002854014834702,-0.005772962492367546,13
137,-70.14758255139637,-81.79048544475857,17,0.0302377715217886,0.0024990878365926533,0.010222435601486394,-0.008017938210577943,12
137,-69.18620328944655,-61.293590012471086,36,0.01041072507839821,-0.0009277919525059419,0.00908800872522177,-0.008054685725738572,18
137,-69.36992040866843,36.24829100744719,36,0.021795867189667282,-0.016249269931861772,0.011967202240847304,-0.008713605549205455,16
137,-38.09329084415243,-81.15627185373876,19,0.04542942650548437,-0.04542942650548437,0.00908800872522177,-0.00908800872522177,12
137,-36.76123409554699,-61.6366729716543,38,0.03205122136866022,-0.031700622985088134,0.008734000262305452,-0.008693210836105459,17
137,-37.23570642288935,34.76115283355463,37,0.024425601690369825,0.024425601690369825,0.008734000262305452,-0.008693210836105459,17
137,-7.426657768249658,-62.00638633749247,36,0.0651801769105404,-0.0651801769105404,0.008734000262305452,-0.008693210836105459,13
137,-7.182955306685375,35.77247699844454,33,0.03587852046825916,0.03587852046825916,0.01083277536458268,-0.008713605549205455,12
137,14.998474522967369,-61.39174305515448,16,0.07439492151036223,-0.07439492151036223,0.017242888049721596,-0.016166307317683183,15
137,14.68991686031133,35.06795049734621,12,0.04660897490094636,0.04660897490094636,0.017242888049721596,-0.016166307317683183,15
138,-135.00433757798785,-82.90372831662378,14,0.2197887124184877,-0.2197887124184877,0.06810513540238888,-0.06810513540238888,10
138,-131.8932581789653,-62.41424962282741,33,0.1528640088646473,-0.1528640088646473,0.058553291658368284,-0.058553291658368284,14
138,-133.1249929005898,34.20643472262426,34,0.0867774584721319,0.0867774584721319,0.05991084633916516,-0.05991084633916516,13
138,-101.41750409727042,-61.725180379441944,37,0.09256347007031325,-0.09256347007031325,0.02725325278594298,-0.02725325278594298,18
138,-99.71231394302616,34.1122773778333,44,0.04697213942050161,0.04697213942050161,0.023597408725139407,-0.023597408725139407,11
138,-70.42339341780026,-81.60614580737486,17,0.04934353585565363,-0.04934353585565363,0.016125680133440155,-0.016125680133440155,13
138,-68.21632481275964,-62.18373300359349,32,0.018824824684795544,-0.014149104008254122,0.018416942038426583,-0.008534586907264633,20
138,-67.8182632046965,35.308673464170106,35,0.010920657636762799,0.00866775709051902,0.016578004610119143,-0.008534586907264633,18
138,-39.02558680708242,-81.1566126777587,18,0.04343587501214212,0.04343587501214212,0.016578004610119143,-0.007067696457700633,18
138,-37.913252463671654,-62.456867481332516,34,0.03246504947449269,0.03246504947449269,0.016125680133440155,-0.0019913542981039776,21
138,-37.951010501501514,34.18055481229153,36,0.03381840109057563,-0.03381840109057563,0.015586623134878155,-0.00041857621458949107,20
138,-6.045827656969454,-80.28036645471708,17,0.13457799257463238,0.13457799257463238,0.016125680133440155,0.0052965453521098315,13
138,-7.341915095860147,-61.16127685439856,34,0.10196934529842398,0.10196934529842398,0.017030329086798128,0.004469557898067908,21
138,-7.608914925528836,35.91732548019735,35,0.06287930098371874,-0.06287930098371874,0.016125680133440155,0.0011542018689249954,21
138,14.546999756044116,-62.992818554772846,14,0.1633626449403757,0.1633626449403757,0.01980355499005504,0.008275215947838385,21
138,14.451789921892965,36.34976636729416,13,0.1068908493165025,-0.1068908493165025,0.01980475332832198,0.01980475332832198,20
139,-133.65250302924414,-61.47615633164537,36,0.020991015892538625,-0.020583747938982846,0.010949723458728102,-0.006139486688976802,10
139,-133.55654666143843,16.31004026386363,8,0.021006630889850754,-0.01394851660721421,0.01175776055201641,-0.00750844923420625,11
139,-132.8070265156588,35.17091581057816,37,0.012121818278033337,-0.0048396377909483085,0.010949723458728102,-0.006139486688976802,10
139,-101.91845057604834,-60.38311316486196,35,0.022479916751337647,-0.022479916751337647,0.00823725605962209,-0.004770524143747354,11
139,-100.28370603328217,14.466401352281451,10,0.006256024742198894,-0.0005258261604034746,0.01175776055201641,-0.003755701702875979,15
139,-69.28047040514775,-61.96862163461167,36,0.014517686654815364,-0.014517686654815364,0.008058162727117926,-0.0027331950613225025,14
139,-67.91908155740923,33.35777751054087,38,0.006810780453179762,0.0002506381778709446,0.00814857346456399,-0.0010812219571262908,12
139,-37.4121063281383,-80.80986067366966,19,0.02068800333430496,-0.02068800333430496,0.00805643458472996,-0.003755701702875979,11
139,-38.29687666873473,-61.44834754879121,32,0.015263547498409802,-0.015263547498409802,0.00814857346456399,-0.0027331950613225025,14
139,-37.83689701754096,34.12175614914311,36,0.0038789249752554924,-0.0012809151397126075,0.00814857346456399,-0.0027331950613225025,14
139,-5.476419230891494,-80.55872880083544,17,0.01130165586940386,0.0008486643647619383,0.0076014085059178,-0.0022720300358078415,11
139,-7.113551600002349,-60.85836140905194,35,0.005295572296450192,-0.002020988897059436,0.0076014085059178,-0.0017106884197690257,15
139,-7.550563226228434,35.7216408689855,36,0.0087464535848117,-0.006698271371357853,0.0076014085059178,-0.0002874362931823109,19
139,16.223868755159295,-79.72874356888177,9,0.006456010007633815,-0.00547143585655047,0.007053988405670656,-0.0014884028036918386,10
139,14.399183517663342,-59.85472341850326,13,0.005134392817900284,-0.001852761970773029,0.00805989086950589,0.0058104434382746095,19
139,15.849278169739238,36.89797579633564,13,0.010755301652978493,-0.009405905488238307,0.0076014085059178,0.0058104434382746095,17
