frame,phase,exposure,angle,dangle,t_req_a,t_sav_a,ab_a,aa_a,t_req_b,t_sav_b,ab_b,aa_b,n_body,n_bg,n_body_detected,fb_med_body,fb_p90_body,body_flow,same_angle,static_med,static_cl,affine_med,affine_cl,epi_img_med,epi_img_cl,epi_enc_med,epi_enc_cl,epi_enc_cl16,epi_enc_cl30,epi_enc_bg,epi_sens_px_per_deg,motion_mm,candidate_raw,accel_guard,motion_state,geometry_state,state,label,alarm_confirmed,alarm_any,alarm,n_bed,epi_bed,n_offplane,epi_offplane,n_floor,epi_floor,n_bed_near,epi_bed_near
2,approach,False,-0.32499998807907104,0.0,0.0,0.275,-0.32499998807907104,-0.32499998807907104,0.39,0.609,-0.32499998807907104,-0.32499998807907104,907,1242,907,0.007337684743106365,0.018741043284535408,0.055504061435551574,True,0.05071415428523439,0.08786737828956685,nan,nan,nan,nan,nan,nan,nan,nan,nan,nan,0.19617711857195863,False,False,NO_MOTION,NOT_CHECKED,NO_MOTION/NOT_CHECKED,no motion; geometry not checked,False,False,False,,,,,,,,
3,approach,False,-0.32499998807907104,0.0,0.39,0.609,-0.32499998807907104,-0.32499998807907104,0.701,0.876,-0.32499998807907104,-0.32499998807907104,957,1292,957,0.006960416678339243,0.01761145144701004,0.035714202466969415,True,0.02387699591595893,0.06281725224025042,nan,nan,nan,nan,nan,nan,nan,nan,nan,nan,0.14024894996284962,False,False,NO_MOTION,NOT_CHECKED,NO_MOTION/NOT_CHECKED,no motion; geometry not checked,False,False,False,,,,,,,,
4,approach,False,-0.32499998807907104,0.0,0.701,0.876,-0.32499998807907104,-0.32499998807907104,0.963,1.107,-0.32499998807907104,-0.32499998807907104,934,1280,934,0.011697720736265182,0.03428024426102638,0.18800009458913472,True,0.18679105004223473,0.3401882631165209,nan,nan,nan,nan,nan,nan,nan,nan,nan,nan,0.7595213892722071,True,False,SUSPECT,NOT_CHECKED,SUSPECT/NOT_CHECKED,motion suspected; geometry not checked,False,False,False,,,,,,,,
5,approach,False,-0.32499998807907104,0.0,0.963,1.107,-0.32499998807907104,-0.32499998807907104,1.173,1.375,-0.32499998807907104,-0.32499998807907104,930,1315,930,0.006098955869674683,0.01591235026717186,0.044988639438983194,True,0.03423572047958814,0.09659658108623996,nan,nan,nan,nan,nan,nan,nan,nan,nan,nan,0.21566637482856585,False,False,NO_MOTION,NOT_CHECKED,NO_MOTION/NOT_CHECKED,no motion; geometry not checked,False,False,False,,,,,,,,
6,approach,False,-0.32499998807907104,0.0,1.173,1.375,-0.32499998807907104,-0.32499998807907104,1.438,1.607,-0.32499998807907104,-0.32499998807907104,960,1276,960,0.006052178330719471,0.01579148881137371,0.028778789095631724,True,0.002108328772040123,0.035916085156703886,nan,nan,nan,nan,nan,nan,nan,nan,nan,nan,0.08018805424246823,False,False,NO_MOTION,NOT_CHECKED,NO_MOTION/NOT_CHECKED,no motion; geometry not checked,False,False,False,,,,,,,,
7,approach,False,-0.3511000007390976,-0.02610001266002654,1.438,1.607,-0.32499998807907104,-0.32499998807907104,1.666,1.867,-0.32499998807907104,-0.3540000021457672,943,1311,943,0.006750664673745632,0.01745189167559147,0.048994008741153984,False,nan,nan,0.04885598035487694,0.10781481191533594,0.06764515617022707,0.12386166871870703,0.04101620874190403,0.10874683878394588,0.09664294215434892,0.08629064900290476,0.031948747981486225,0.06665095561239204,0.2157698828759502,False,False,NO_MOTION,VERIFIED,NO_MOTION/VERIFIED,no motion; geometry verified by background,False,False,False,68,0.020008615599174433,0,nan,1243,0.03303824900031089,58,0.018693273808681687
8,approach,False,-0.5480000048875808,-0.19690000414848324,1.666,1.867,-0.32499998807907104,-0.3540000021457672,1.895,2.112,-0.35899999737739563,-0.5690000057220459,949,1301,954,0.010983997024595737,0.031054120510816574,0.20904846617487785,False,nan,nan,0.6666455768658686,0.7533089916101792,0.13816658615104227,0.2681332575109242,0.01969477225073891,0.10528228440673623,0.06555281948115196,0.04784658648766796,0.06566325808688252,0.0639042932114807,0.14635651467487915,False,False,NO_MOTION,VERIFIED,NO_MOTION/VERIFIED,no motion; geometry verified by background,False,False,False,55,0.0494997866409114,6,0.05459877311843539,1240,0.06772765579346149,46,0.029581066865420252
9,approach,False,-0.980100005865097,-0.4321000009775162,1.895,2.112,-0.35899999737739563,-0.5690000057220459,2.168,2.374,-0.6389999985694885,-1.0180000066757202,910,1265,937,0.013167381286621094,0.03349234163761139,0.8318317087716882,False,nan,nan,1.9421318783034431,2.581215957791911,0.14292261703203354,0.4156695918977052,0.04055315626532713,0.15087872957535972,0.1281474457800219,0.12690602313927862,0.0597643382765254,0.06669099178499699,0.28610841878806814,False,False,NO_MOTION,VERIFIED,NO_MOTION/VERIFIED,no motion; geometry verified by background,False,False,False,46,0.029674976843747283,12,0.07840147777209008,1207,0.061789634797543194,39,0.027538194831266807
10,approach,False,-1.4674999713897705,-0.48739996552467346,2.168,2.374,-0.6389999985694885,-1.0180000066757202,2.431,2.608,-1.1119999885559082,-1.5069999694824219,846,1192,872,0.012542610056698322,0.03140277415513992,1.0978886040966678,False,nan,nan,2.7873199532798427,3.6911948690429326,0.06328965047040182,0.2476396172926109,0.036881541739319984,0.1447113494079899,0.13751960153191872,0.12846971834180765,0.13897032912985674,0.06697946254483454,0.3070331640804065,False,False,NO_MOTION,VERIFIED,NO_MOTION/VERIFIED,no motion; geometry verified by background,False,False,False,52,0.06043595531209223,12,0.15419959055117594,1128,0.14314713195736672,42,0.04682464866544494
11,approach,False,-2.0224000334739687,-0.5549000620841982,2.431,2.608,-1.1119999885559082,-1.5069999694824219,2.691,2.87,-1.6660000085830688,-2.062000036239624,875,1190,913,0.01308972854167223,0.03480212762951851,1.3250450403008667,False,nan,nan,2.082515473381588,2.6856113609176666,0.07674961674544326,0.2950120632845487,0.03905647575688548,0.12183280172164668,0.10457011050739473,0.10192994530791336,0.19951373152386714,0.06577254423720913,0.23346847678198912,False,False,NO_MOTION,VERIFIED,NO_MOTION/VERIFIED,no motion; geometry verified by background,False,False,False,62,0.10867959193095679,20,0.2045390633927474,1108,0.208527101928618,51,0.08787520169135409
12,approach,False,-2.5276000022888185,-0.5051999688148499,2.691,2.87,-1.6660000085830688,-2.062000036239624,2.972,3.106,-2.2720000743865967,-2.555999994277954,862,1202,894,0.01238217018544674,0.02909005433320999,1.1244755481876254,False,nan,nan,2.2538176624387853,3.1463737401150134,0.1872689334520172,0.285916994831405,0.02517148260368052,0.07201107382263955,0.064239139345065,0.05141409254598615,0.15660965817692235,0.06680699661813908,0.1434235264733482,False,False,NO_MOTION,VERIFIED,NO_MOTION/VERIFIED,no motion; geometry verified by background,False,False,False,63,0.07903598553336627,15,0.20761110619111747,1124,0.15940789281056517,50,0.06112396706569964
13,approach,False,-3.0772000312805177,-0.5496000289916991,2.972,3.106,-2.2720000743865967,-2.555999994277954,3.189,3.369,-2.7100000381469727,-3.118000030517578,893,1211,915,0.011612730100750923,0.03135598450899124,1.2835790646676586,False,nan,nan,3.0706226844412416,4.238306442094448,0.11926167272276977,0.2424214057679357,0.028624650637997358,0.11520818403023977,0.11072580087071585,0.08773758869397727,0.21102674199246324,0.06412170337797451,0.24721198002295128,False,False,NO_MOTION,VERIFIED,NO_MOTION/VERIFIED,no motion; geometry verified by background,False,False,False,52,0.1258019916044139,16,0.24487526747739244,1143,0.21626461990666412,42,0.09769240097733113
14,approach,False,-3.8381000757217407,-0.7609000444412231,3.189,3.369,-2.7100000381469727,-3.118000030517578,3.513,3.736,-3.3980000019073486,-3.88700008392334,936,1156,980,0.01313851960003376,0.0363612025976181,1.803191739791174,False,nan,nan,4.292652820233268,6.12170717147816,0.28985740786279557,0.5975442075163042,0.036975019971091067,0.15453640112057515,0.14991988488258012,0.13352037586883386,0.3202133030064126,0.06098710686183383,0.33471865902247455,False,False,NO_MOTION,VERIFIED,NO_MOTION/VERIFIED,no motion; geometry verified by background,False,False,False,47,0.21721778955621496,19,0.20168566822083075,1090,0.3292606666763212,41,0.20188434251719542
15,approach,False,-4.330399847030639,-0.49229977130889857,3.513,3.736,-3.3980000019073486,-3.88700008392334,3.809,3.968,-4.0279998779296875,-4.363999843597412,1007,1153,1065,0.010983954183757305,0.03066045232117176,1.0784774772703447,False,nan,nan,1.693717380235142,2.3128609998351215,0.4157109418364456,0.7614999172503012,0.02381244981187022,0.08215714044113198,0.0680094287515729,0.057855148387084845,0.167033440940139,0.05483654421521097,0.15184126382194188,False,False,NO_MOTION,VERIFIED,NO_MOTION/VERIFIED,no motion; geometry verified by background,False,False,False,53,0.09032074249140344,16,0.1464593491307583,1084,0.1722317089390649,40,0.07732304575347888
16,approach,False,-4.873000049591065,-0.5426002025604255,3.809,3.968,-4.0279998779296875,-4.363999843597412,4.072,4.233,-4.566999912261963,-4.9070000648498535,1010,1108,1088,0.011880455538630486,0.033475179225206375,1.25164273742639,False,nan,nan,2.9353062780877632,4.120856787964003,0.3465663363543946,0.8977864101843509,0.026269786813484363,0.11881197627065831,0.11259302918390857,0.10113172955765781,0.2073611217854328,0.056734899282084285,0.25138084766562707,False,False,NO_MOTION,VERIFIED,NO_MOTION/VERIFIED,no motion; geometry verified by background,False,False,False,62,0.15919075337824964,14,0.17687488542464516,1032,0.21498851164550292,51,0.13567164074924376
17,approach,False,-5.382300186157226,-0.5093001365661616,4.072,4.233,-4.566999912261963,-4.9070000648498535,4.307,4.474,-5.060999870300293,-5.418000221252441,985,1180,1014,0.011659152805805206,0.033044878393411636,1.095499284723566,False,nan,nan,1.7733630749925733,2.386710385075325,0.129365503943968,0.3574561029815537,0.0265084571313552,0.10153931688080906,0.09408617823495241,0.07909816949495543,0.15680317215268738,0.055700054152663346,0.2100615234331203,False,False,NO_MOTION,VERIFIED,NO_MOTION/VERIFIED,no motion; geometry verified by background,False,False,False,56,0.0951013120441668,15,0.18723440880635836,1109,0.165279621462737,45,0.08592521945392187
18,approach,False,-6.018700027465821,-0.6363998413085943,4.307,4.474,-5.060999870300293,-5.418000221252441,4.537,4.778,-5.539000034332275,-6.072000026702881,1006,1199,1047,0.012231900356709957,0.03391781449317932,1.2425817732158273,False,nan,nan,3.022517216652376,4.495915360221061,0.16018833469566301,0.4357837781544367,0.02683835801300724,0.10367364609275012,0.07802996665400842,0.05819427640460493,0.13472346032177007,0.06038794425358281,0.1742136196439468,False,False,NO_MOTION,VERIFIED,NO_MOTION/VERIFIED,no motion; geometry verified by background,False,False,False,62,0.0755534999302174,17,0.13786961108198492,1120,0.14106099822249046,49,0.06250409270535276
19,approach,False,-6.840500068664551,-0.8218000411987303,4.537,4.778,-5.539000034332275,-6.072000026702881,4.869,5.186,-6.242000102996826,-6.9070000648498535,963,1186,1084,0.013116169720888138,0.03576642647385597,1.711069712142333,False,nan,nan,3.8738558064330286,5.642969945830201,0.4203523987126757,0.5398648899282208,0.026800685792536444,0.1263625672531691,0.10300506401646155,0.09022457618753893,0.22609229958439783,0.06137003820374645,0.22997427544129792,False,False,NO_MOTION,VERIFIED,NO_MOTION/VERIFIED,no motion; geometry verified by background,False,False,False,59,0.17414558804031285,14,0.08779815114448968,1113,0.23912799878452076,43,0.17139367429291738
20,approach,False,-7.483999872207642,-0.643499803543091,4.869,5.186,-6.242000102996826,-6.9070000648498535,5.276,5.475,-7.0879998207092285,-7.5279998779296875,989,1202,1091,0.01300893910229206,0.03443467617034912,1.7572326676474403,False,nan,nan,2.8283165057850854,3.736183083387446,0.12267254140767579,0.2557980476516779,0.042146884782904584,0.1365718544593868,0.11076957450634875,0.10894544876189004,0.45656334751937416,0.061617566212591596,0.24730971123873402,False,False,NO_MOTION,VERIFIED,NO_MOTION/VERIFIED,no motion; geometry verified by background,False,False,False,58,0.3242173797299188,16,0.28128340194654355,1128,0.4841453802332966,42,0.23900409528804367
21,approach,False,-8.030800008773804,-0.5468001365661621,5.276,5.475,-7.0879998207092285,-7.5279998779296875,5.571,5.731,-7.714000225067139,-8.065999984741211,961,1217,990,0.011765110306441784,0.031636737287044525,1.2817267975605766,False,nan,nan,2.8539192649124137,3.9399865364558693,0.13445950843972074,0.2785884626258851,0.03006847406662897,0.13163996215839435,0.09756708099616616,0.08720046007549964,0.21833180386080156,0.05997798065454373,0.21783316163397431,False,False,NO_MOTION,VERIFIED,NO_MOTION/VERIFIED,no motion; geometry verified by background,False,False,False,63,0.15712819502154346,11,0.1690965084636526,1143,0.23243562059081443,46,0.1328674056926878
22,approach,False,-8.527500247955322,-0.49670023918151784,5.571,5.731,-7.714000225067139,-8.065999984741211,5.842,5.967,-8.279999732971191,-8.555000305175781,1027,1214,1080,0.011169600300490856,0.031052300706505775,1.0706295524955036,False,nan,nan,2.4746499187916435,3.5413739449651795,0.18332232661537773,0.547492055818046,0.028697380339908075,0.09732538496688749,0.09400590158914643,0.08037493095536,0.1731527459571579,0.05830055240056142,0.20988229376484752,False,False,NO_MOTION,VERIFIED,NO_MOTION/VERIFIED,no motion; geometry verified by background,False,False,False,67,0.11847440611449662,13,0.3486412099016605,1134,0.18167498759228912,49,0.09364073250301448
23,approach,False,-9.072199821472168,-0.5446995735168461,5.842,5.967,-8.279999732971191,-8.555000305175781,6.031,6.231,-8.687000274658203,-9.114999771118164,964,1228,1014,0.011664069257676601,0.03150404244661331,1.2927155876029284,False,nan,nan,3.044988487167303,4.125685352831047,0.43823100039034424,0.7272523602977017,0.027027401222647067,0.11509100949814687,0.08149065029486915,0.06881590958235403,0.24782514604879963,0.05735318650956906,0.18194011562196308,False,False,NO_MOTION,VERIFIED,NO_MOTION/VERIFIED,no motion; geometry verified by background,False,False,False,62,0.17114021036622487,20,0.36856430248821237,1146,0.25839166767471045,44,0.12194910661279532
24,approach,False,-9.56720037460327,-0.4950005531311028,6.031,6.231,-8.687000274658203,-9.114999771118164,6.343,6.465,-9.335000038146973,-9.593000411987305,1010,1267,1087,0.011271009221673012,0.03208015114068985,1.091631747229311,False,nan,nan,2.508395295335955,3.5153532213645082,0.046923418675121786,0.12822092853422867,0.026360964376731442,0.07619195808194704,0.06858849702359165,0.05728331874326427,0.18780985010030504,0.05507449614034111,0.1531341207077672,False,False,NO_MOTION,VERIFIED,NO_MOTION/VERIFIED,no motion; geometry verified by background,False,False,False,70,0.10648489557428956,20,0.20633063144858874,1177,0.1942543211078204,53,0.0878604941562328
25,approach,False,-10.101800060272216,-0.5345996856689457,6.343,6.465,-9.335000038146973,-9.593000411987305,6.571,6.733,-9.78499984741211,-10.13700008392334,1016,1231,1104,0.012301383540034294,0.03371843695640564,1.2589688142365407,False,nan,nan,2.9086656959081285,4.263281383199661,0.13309784188483104,0.20270970055841459,0.029353472011754013,0.11090617919463576,0.10040717473596625,0.07672036874666026,0.23751366986301634,0.05753932300143941,0.22417409745331918,False,False,NO_MOTION,VERIFIED,NO_MOTION/VERIFIED,no motion; geometry verified by background,False,False,False,73,0.16641103865646406,22,0.27567422142577036,1136,0.2457012117724583,55,0.11340452085745725
26,approach,False,-10.59089994430542,-0.4890998840332035,6.571,6.733,-9.78499984741211,-10.13700008392334,6.834,6.966,-10.329000473022461,-10.619999885559082,1033,1271,1114,0.011553755030035973,0.03182703256607056,1.0885020457024703,False,nan,nan,2.5207845828018267,3.7195684060014615,0.15750351306635704,0.25595624749002094,0.028249279576081646,0.09777608755269099,0.09014867147385922,0.07826436544215647,0.19314938450610553,0.0560531378147695,0.20127044822653722,False,False,NO_MOTION,VERIFIED,NO_MOTION/VERIFIED,no motion; geometry verified by background,False,False,False,70,0.11127107095249988,19,0.2283009543920106,1182,0.2038623317237972,55,0.0895328591962484
27,approach,False,-11.146200180053711,-0.555300235748291,6.834,6.966,-10.329000473022461,-10.619999885559082,7.072,7.234,-10.824000358581543,-11.182000160217285,1020,1248,1118,0.012583980336785316,0.036111555993556976,1.2515937913398734,False,nan,nan,2.8936831708693953,4.114632242332933,0.025937491807162483,0.11956917738607356,0.025504844745911377,0.10270721821020426,0.09827173649101006,0.0711933794878086,0.24004887526780444,0.05363603857608555,0.21940641085632864,False,False,NO_MOTION,VERIFIED,NO_MOTION/VERIFIED,no motion; geometry verified by background,False,False,False,71,0.12232678534441199,24,0.412814431679313,1153,0.2510168383040908,54,0.10650602528773365
28,approach,False,-11.63189992904663,-0.48569974899291957,7.072,7.234,-10.824000358581543,-11.182000160217285,7.314,7.465,-11.333999633789062,-11.664999961853027,1023,1242,1096,0.012031707912683487,0.03335301950573921,1.0822362105044838,False,nan,nan,3.156983595001256,4.044173282573768,0.31740599281424686,0.5820020110305146,0.026554669058140603,0.08977652011542087,0.0756474452047563,0.059859537673723304,0.19738274415312956,0.054203260939622716,0.1688942826846732,False,False,NO_MOTION,VERIFIED,NO_MOTION/VERIFIED,no motion; geometry verified by background,False,False,False,74,0.11874061962772897,22,0.27068866645748235,1146,0.20800894154807106,54,0.09881892251002074
29,approach,False,-12.214000225067139,-0.5821002960205082,7.314,7.465,-11.333999633789062,-11.664999961853027,7.563,7.738,-11.86299991607666,-12.253000259399414,1011,1246,1097,0.012308727018535137,0.035557590425014496,1.25741587481461,False,nan,nan,2.956635592901405,4.2868780236564925,0.1990268881658848,0.3890387956587963,0.02835783621556693,0.13557190372984249,0.12578962310441097,0.08055169247772273,0.20209024986471116,0.05320322229167035,0.2808442255503839,False,False,NO_MOTION,VERIFIED,NO_MOTION/VERIFIED,no motion; geometry verified by background,False,False,False,67,0.1625389340966889,15,0.16090622396307186,1164,0.21132497568484437,47,0.09119202130832896
30,approach,False,-12.722100257873535,-0.5081000328063965,7.563,7.738,-11.86299991607666,-12.253000259399414,7.833,7.967,-12.444000244140625,-12.753000259399414,1031,1275,1105,0.012560384348034859,0.033860210329294205,1.0601354528063869,False,nan,nan,2.2064680934612038,3.2018619738259755,0.4196435974103828,0.7812572872119345,0.0251989780983685,0.10482925260307396,0.10004854956250711,0.06105196217480148,0.18534455267971758,0.055634572517564915,0.22337341289272228,False,False,NO_MOTION,VERIFIED,NO_MOTION/VERIFIED,no motion; geometry verified by background,False,False,False,75,0.10869001646739115,19,0.20978394584856225,1181,0.19876064057530296,52,0.08929580705518447
31,approach,False,-13.270899772644043,-0.5487995147705078,7.833,7.967,-12.444000244140625,-12.753000259399414,8.073,8.236,-12.954999923706055,-13.305999755859375,1031,1139,1108,0.012392880395054817,0.03525006026029587,1.2245865709836434,False,nan,nan,2.67681461223678,3.812291949417249,0.08664048543463229,0.19212797543470803,0.028049134946898657,0.11041083939213708,0.10035871460610654,0.09348793850288975,0.22620520061524213,0.05504985987681222,0.22406590293532444,False,False,NO_MOTION,VERIFIED,NO_MOTION/VERIFIED,no motion; geometry verified by background,False,False,False,67,0.14227828871176595,21,0.28022703280343525,1051,0.23412944752295442,45,0.10191690152262743
32,approach,False,-13.753800392150879,-0.48290061950683594,8.073,8.236,-12.954999923706055,-13.305999755859375,8.331,8.47,-13.482000350952148,-13.784000396728516,1062,1299,1125,0.011972114443778992,0.033467166125774384,1.0601143528165275,False,nan,nan,2.405455070778747,3.5012249505289175,0.13833034545821046,0.7849731159963087,0.025582430262791753,0.5418101887909903,0.0962314308862443,0.07014810554387349,0.19216367741325513,0.05427769245138483,0.21485112216625185,False,False,NO_MOTION,VERIFIED,NO_MOTION/VERIFIED,no motion; geometry verified by background,False,False,False,66,0.10895736251840535,24,0.2764021025802116,1209,0.19828880161372556,48,0.09015299129004274
33,approach,False,-14.307600212097167,-0.5537998199462884,8.331,8.47,-13.482000350952148,-13.784000396728516,8.566,8.734,-13.970999717712402,-14.345000267028809,1049,1278,1137,0.012186910957098007,0.03228263929486275,1.251220876430246,False,nan,nan,2.793938626479292,4.075304556693055,0.25848160460465325,0.42301846412492417,0.021737434498901455,0.1167787185110263,0.09032105496141937,0.0767655079136366,0.25322728167020525,0.05385185939968687,0.2016553202522791,False,False,NO_MOTION,VERIFIED,NO_MOTION/VERIFIED,no motion; geometry verified by background,False,False,False,71,0.12990696521947107,23,0.2579924606683086,1184,0.2617730505752147,50,0.09186744724249313
34,approach,False,-14.787300395965577,-0.4797001838684096,8.566,8.734,-13.970999717712402,-14.345000267028809,8.827,8.969,-14.520000457763672,-14.817000389099121,1027,1312,1094,0.011243894696235657,0.03314238786697388,1.11286067086339,False,nan,nan,2.083545479257041,3.0871411864070915,0.09906213617951197,0.23414379272356783,0.026236466655572298,0.10022871486622376,0.08098083186558966,0.06640308207435158,0.2146583395445773,0.05599848997716213,0.18080186941048135,False,False,NO_MOTION,VERIFIED,NO_MOTION/VERIFIED,no motion; geometry verified by background,False,False,False,72,0.11660242923795372,22,0.24309160669060959,1218,0.22239639922976817,51,0.10155669059756696
35,approach,False,-15.33100004196167,-0.5436996459960923,8.827,8.969,-14.520000457763672,-14.817000389099121,9.064,9.232,-14.998000144958496,-15.368000030517578,938,1314,993,0.012377437204122543,0.03373778983950615,1.265738811323542,False,nan,nan,2.261714780134433,3.329701412249643,0.08484513853940112,0.18659675116181967,0.03184324293819997,0.10341147626258962,0.0924632609449206,0.06956097725190188,0.24236504246540336,0.06150169812698836,0.20643811684199803,False,False,NO_MOTION,VERIFIED,NO_MOTION/VERIFIED,no motion; geometry verified by background,False,False,False,59,0.16938554616663995,19,0.3661726554151874,1236,0.25081051066646665,38,0.10226347281826531
36,approach,False,-15.834100437164306,-0.5031003952026367,9.064,9.232,-14.998000144958496,-15.368000030517578,9.342,9.464,-15.583000183105469,-15.862000465393066,925,1304,938,0.010725702159106731,0.03021293133497238,1.1052128980503562,False,nan,nan,2.1916688849501345,3.074396987160191,0.10713580078108771,0.20120805768749064,0.024051443063933548,0.07001416593362794,0.06701000281023639,0.060418348104615896,0.19342365233151665,0.062214401169772074,0.1496098953070952,False,False,NO_MOTION,VERIFIED,NO_MOTION/VERIFIED,no motion; geometry verified by background,False,False,False,75,0.10367494607131475,26,0.3421148637910806,1203,0.20048166915066684,50,0.07808085874030507
37,approach,False,-16.407700729370116,-0.5736002922058105,9.342,9.464,-15.583000183105469,-15.862000465393066,9.546,9.733,-16.027000427246094,-16.450000762939453,1031,1324,1078,0.011783935129642487,0.0326060876250267,1.2863493805533113,False,nan,nan,2.896835035811241,4.262433822038435,0.19515708434898582,0.5935214670843869,0.024907768294443543,0.12212644693972541,0.10034283974900571,0.08340886493277958,0.23043492005595864,0.05323413634649499,0.2240304599326492,False,False,NO_MOTION,VERIFIED,NO_MOTION/VERIFIED,no motion; geometry verified by background,False,False,False,71,0.126146303164566,29,0.32634447132811645,1224,0.2359457937283811,42,0.10314627873654823
38,approach,False,-16.765399551391603,-0.3576988220214865,9.546,9.733,-16.027000427246094,-16.450000762939453,9.795,9.965,-16.55299949645996,-16.788999557495117,1034,1179,1075,0.010459670796990395,0.031800299882888794,1.042584251938955,False,nan,nan,2.2933794120704354,3.403611787290124,0.03628439780830692,0.15257289777635424,0.027443514695194484,0.17873828133827308,0.07940740660333459,0.07539450742427245,0.29778825763741046,0.05580149612964928,0.17728896120443124,False,False,NO_MOTION,VERIFIED,NO_MOTION/VERIFIED,no motion; geometry verified by background,False,False,False,66,0.1539327824341783,45,0.29778825763741046,1068,0.3090314449913346,35,0.12053661667555267
39,approach,False,-16.88470039367676,-0.11930084228515625,9.795,9.965,-16.55299949645996,-16.788999557495117,10.072,10.231,-16.854999542236328,-16.88800048828125,946,1254,947,0.009755702689290047,0.02497253566980362,0.49505603724882896,False,nan,nan,1.322844275360228,1.521853720581685,0.11218548490446102,0.267774339911951,0.02156463886831883,0.10368719023091233,0.0703069600128719,0.061935205438029974,0.19070438764819775,0.05930901586059488,0.1569708474221863,False,False,NO_MOTION,VERIFIED,NO_MOTION/VERIFIED,no motion; geometry verified by background,False,False,False,95,0.14733598207267026,12,0.14080279356307784,1147,0.19554929254788708,63,0.14296249312405807
40,dwell_start,False,-16.512700462341307,0.37199993133545206,10.072,10.231,-16.854999542236328,-16.88800048828125,10.342,10.473,-16.510000228881836,-16.51300048828125,1053,1277,1053,0.006512768566608429,0.01671164110302925,0.05553581147523923,False,nan,nan,0.19322849458636943,0.24199678409708825,0.02717203618543835,0.12328424721775247,0.03031198818143232,0.14084018378992574,0.14046246361011427,0.12240508318224368,0.4685670360951312,0.057941368899630946,0.3136035456496906,False,False,NO_MOTION,VERIFIED,NO_MOTION/VERIFIED,no motion; geometry verified by background,False,False,False,101,0.26985045683225695,0,nan,1176,0.5071202130117312,68,0.23127542589405473
41,dwell_start,False,-16.51300048828125,-0.00030002593994282734,10.342,10.473,-16.510000228881836,-16.51300048828125,10.578,10.736,-16.51300048828125,-16.51300048828125,1045,1179,1045,0.0058019524440169334,0.01574905775487423,0.02788354741354242,True,0.021567010745095795,0.05010444240282663,nan,nan,nan,nan,nan,nan,nan,nan,nan,nan,0.11186569270165996,False,False,NO_MOTION,NOT_CHECKED,NO_MOTION/NOT_CHECKED,no motion; geometry not checked,False,False,False,,,,,,,,
42,dwell_start,False,-16.51300048828125,0.0,10.578,10.736,-16.51300048828125,-16.51300048828125,10.795,10.969,-16.51300048828125,-16.51300048828125,967,1204,967,0.006141544319689274,0.01545490138232708,0.027068354452176164,True,0.007407892240843476,0.03544396478185472,nan,nan,nan,nan,nan,nan,nan,nan,nan,nan,0.07913397459926098,False,False,NO_MOTION,NOT_CHECKED,NO_MOTION/NOT_CHECKED,no motion; geometry not checked,False,False,False,,,,,,,,
43,dwell_start,False,-16.51300048828125,0.0,10.795,10.969,-16.51300048828125,-16.51300048828125,11.06,11.233,-16.51300048828125,-16.51300048828125,1056,1178,1056,0.006646657362580299,0.017946157604455948,0.02989359859620183,True,0.012020628092319727,0.03892055923143918,nan,nan,nan,nan,nan,nan,nan,nan,nan,nan,0.08689599384735008,False,False,NO_MOTION,NOT_CHECKED,NO_MOTION/NOT_CHECKED,no motion; geometry not checked,False,False,False,,,,,,,,
44,dwell_start,False,-16.51300048828125,0.0,11.06,11.233,-16.51300048828125,-16.51300048828125,11.326,11.465,-16.51300048828125,-16.51300048828125,1020,1197,1020,0.00614886824041605,0.015454373322427273,0.028463932759668888,True,0.007016246551866943,0.03964911151727396,nan,nan,nan,nan,nan,nan,nan,nan,nan,nan,0.08852259624457959,False,False,NO_MOTION,NOT_CHECKED,NO_MOTION/NOT_CHECKED,no motion; geometry not checked,False,False,False,,,,,,,,
45,dwell_start,False,-16.51300048828125,0.0,11.326,11.465,-16.51300048828125,-16.51300048828125,11.559,11.739,-16.51300048828125,-16.51300048828125,980,1183,980,0.006378510035574436,0.017849452793598175,0.030141752105541708,True,0.012039976740986766,0.04133520026606749,nan,nan,nan,nan,nan,nan,nan,nan,nan,nan,0.09228704260492114,False,False,NO_MOTION,NOT_CHECKED,NO_MOTION/NOT_CHECKED,no motion; geometry not checked,False,False,False,,,,,,,,
46,dwell_start,False,-16.51300048828125,0.0,11.559,11.739,-16.51300048828125,-16.51300048828125,11.84,11.965,-16.51300048828125,-16.51300048828125,1043,1200,1043,0.0065592206083238125,0.016640016809105873,0.027858089030213657,True,0.009292489617915508,0.036885115818044274,nan,nan,nan,nan,nan,nan,nan,nan,nan,nan,0.08235156072974678,False,False,NO_MOTION,NOT_CHECKED,NO_MOTION/NOT_CHECKED,no motion; geometry not checked,False,False,False,,,,,,,,
47,sweep,True,-16.23510036468506,0.27790012359619,11.84,11.965,-16.51300048828125,-16.51300048828125,12.073,12.234,-16.45199966430664,-16.211000442504883,1026,1197,1027,0.009917233139276505,0.027100296691060066,0.2067774851068157,False,nan,nan,0.6947995814283796,0.793204255922545,0.22243805858458815,0.4884344105063653,0.025840222729147586,0.09288997020395699,0.07144633848497639,0.06085759639320518,0.15330533173041871,0.060234018784987436,0.15951468098102736,False,False,NO_MOTION,VERIFIED,NO_MOTION/VERIFIED,no motion; geometry verified by background,False,False,False,96,0.09835366745064117,0,nan,1101,0.16168263369904318,66,0.07386551289530406
48,sweep,True,-15.770400333404542,0.4647000312805183,12.073,12.234,-16.45199966430664,-16.211000442504883,12.34,12.468,-16.007999420166016,-15.744000434875488,931,1317,945,0.011651362292468548,0.031174464151263237,0.9384340862957333,False,nan,nan,2.2383901961289667,2.99924746619227,0.18888500223413557,0.2853802376663064,0.018741343597513508,0.07276985241540763,0.061291517451130234,0.05298622679068177,0.09797507855459538,0.06330691026897456,0.13684251790056362,False,False,NO_MOTION,VERIFIED,NO_MOTION/VERIFIED,no motion; geometry verified by background,False,False,False,88,0.037886697886318,29,0.23121960621757098,1200,0.10606438024337178,55,0.03256771423682231
49,sweep,True,-15.203500366210937,0.5668999671936046,12.34,12.468,-16.007999420166016,-15.744000434875488,12.57,12.734,-15.541000366210938,-15.166000366210938,1062,1192,1097,0.012701857835054398,0.03736620396375656,1.2440108827691896,False,nan,nan,2.7198338366353143,3.9142984627260535,0.3189217212182408,0.5626023560803315,0.022502129913832346,0.10824837369128858,0.0980653953009355,0.08647203305350701,0.18811322655163526,0.055008276420624974,0.21894572315971686,False,False,NO_MOTION,VERIFIED,NO_MOTION/VERIFIED,no motion; geometry verified by background,False,False,False,66,0.09350748088605346,28,0.23944540795448097,1098,0.19295013084969326,38,0.08453302283014902
50,sweep,True,-14.710300254821778,0.4932001113891591,12.57,12.734,-15.541000366210938,-15.166000366210938,12.8,12.969,-15.045999526977539,-14.67300033569336,1075,1338,1132,0.011878552846610546,0.030492227524518967,1.1300945449073594,False,nan,nan,2.462473203075634,3.4731048748275555,0.12434688782197698,0.37789229125952006,0.0252783210632812,0.10500169426884907,0.09187078281067425,0.08238614342271229,0.1910947628805563,0.05378356178817434,0.20511532042476224,False,False,NO_MOTION,VERIFIED,NO_MOTION/VERIFIED,no motion; geometry verified by background,False,False,False,71,0.09853556420128216,30,0.310253650996856,1237,0.19526658961364446,43,0.08142868151376617
51,sweep,True,-14.164699745178222,0.5456005096435561,12.8,12.969,-15.045999526977539,-14.67300033569336,13.069,13.235,-14.486000061035156,-14.128999710083008,1021,1315,1094,0.011787846684455872,0.03229854628443718,1.267908577277246,False,nan,nan,2.7907473622317007,4.07954025199596,0.038722962830818324,0.16652459109675016,0.026238988030139913,0.1207019164027983,0.08087611223286867,0.07697638041217272,0.23753109275946183,0.05535102869497065,0.18056806710290121,False,False,NO_MOTION,VERIFIED,NO_MOTION/VERIFIED,no motion; geometry verified by background,False,False,False,72,0.13712308624916913,27,0.33824878930972724,1216,0.24909853518785624,46,0.0954149055594708
52,sweep,True,-13.684000015258789,0.4806997299194329,13.069,13.235,-14.486000061035156,-14.128999710083008,13.318,13.47,-13.980999946594238,-13.651000022888184,1015,1330,1049,0.011440835893154144,0.029998136684298515,1.0931211886340197,False,nan,nan,2.1502025225403147,3.153836716189603,0.2397747855786412,0.43922368876291296,0.022858791031992575,0.08666647185201762,0.06840851590352588,0.058412659205930334,0.1840542640220883,0.054010291984802374,0.15273228582639065,False,False,NO_MOTION,VERIFIED,NO_MOTION/VERIFIED,no motion; geometry verified by background,False,False,False,74,0.09902516196499128,26,0.229090091179816,1230,0.19594469683733146,47,0.07090973957035905
53,sweep,True,-13.134899616241455,0.549100399017334,13.318,13.47,-13.980999946594238,-13.651000022888184,13.531,13.734,-13.529999732971191,-13.090999603271484,1017,1307,1106,0.012366662733256817,0.03313955292105675,1.2788108799552498,False,nan,nan,2.277169969907245,3.362248213756202,0.079871321371588,0.20857101484908194,0.02703523277810033,0.13316669984597684,0.11454314717185628,0.08326063011034533,0.25541014884444063,0.054497151481883305,0.2557347789561473,False,False,NO_MOTION,VERIFIED,NO_MOTION/VERIFIED,no motion; geometry verified by background,False,False,False,74,0.1711876153755404,18,0.28672911995007216,1215,0.27307995562297427,48,0.11173246239386646
54,sweep,True,-12.64490032196045,0.48999929428100586,13.531,13.734,-13.529999732971191,-13.090999603271484,13.795,13.968,-12.986000061035156,-12.607000350952148,1053,1259,1113,0.01157211884856224,0.03263367339968681,1.099828942777652,False,nan,nan,2.0731481858818928,3.0172808531849267,0.04067402755825557,0.17646688168965724,0.023013245839450344,0.11272139840622737,0.08919844014977238,0.07508503118387014,0.20750161821580573,0.05304605262808071,0.19914891408309382,False,False,NO_MOTION,VERIFIED,NO_MOTION/VERIFIED,no motion; geometry verified by background,False,False,False,68,0.1012289983691391,22,0.29157439179912903,1169,0.21649356275495585,48,0.07866993945462722
55,sweep,True,-12.073400211334228,0.5715001106262214,13.795,13.968,-12.986000061035156,-12.607000350952148,14.069,14.236,-12.40999984741211,-12.03600025177002,1040,1253,1116,0.011385388672351837,0.034393999725580215,1.2555700298700105,False,nan,nan,2.666935646598131,3.8193960936593534,0.1942678548886912,0.2814464184004173,0.02469342419946449,0.14444198556228646,0.1099845228314538,0.08644548181128242,0.20335561516516332,0.054526807551934925,0.2455569654699523,False,False,NO_MOTION,VERIFIED,NO_MOTION/VERIFIED,no motion; geometry verified by background,False,False,False,69,0.1073619869493585,18,0.24642074534969577,1166,0.21563422600587634,48,0.08303432852189127
56,sweep,True,-11.560100078582764,0.5133001327514641,14.069,14.236,-12.40999984741211,-12.03600025177002,14.339,14.469,-11.821999549865723,-11.531000137329102,1060,1251,1115,0.012505222111940384,0.03323248401284218,1.0871212081558834,False,nan,nan,3.4091071671247626,4.2590533158257635,0.0476473841788915,0.19406353060513806,0.02307479599393035,0.09476078018420456,0.09062949437224294,0.07296640514896084,0.1709217260707405,0.054130069413770035,0.2023439575605415,False,False,NO_MOTION,VERIFIED,NO_MOTION/VERIFIED,no motion; geometry verified by background,False,False,False,62,0.1089217974699066,24,0.21038506605261703,1165,0.1778513601227252,46,0.09351725639567354
57,sweep,True,-11.003499698638915,0.5566003799438484,14.339,14.469,-11.821999549865723,-11.531000137329102,14.536,14.732,-11.404000282287598,-10.958999633789062,1001,1302,1054,0.01231689564883709,0.034954871982336044,1.303924703873225,False,nan,nan,2.790513768757682,3.977482836163019,0.17469764351875294,0.27989850474039324,0.03411726225896863,0.1470829703185197,0.12367385872003267,0.09295896837738252,0.22365914696297431,0.05419321579077289,0.27612046380189215,False,False,NO_MOTION,VERIFIED,NO_MOTION/VERIFIED,no motion; geometry verified by background,False,False,False,67,0.16316779168196657,23,0.3440837425401287,1212,0.2282219571384353,48,0.11957425001577335
58,sweep,True,-10.491499710083009,0.5119999885559068,14.536,14.732,-11.404000282287598,-10.958999633789062,14.822,14.97,-10.784000396728516,-10.458999633789062,1037,1241,1098,0.012270988896489143,0.034736666828393936,1.1026819968070976,False,nan,nan,2.6307289150651854,3.6640968840042456,0.46141538475811683,0.6912819978102347,0.024318292144638702,0.12062752567075227,0.07875511571762364,0.07137158550996292,0.17768824567942765,0.05385008488081766,0.17583262383645132,False,False,NO_MOTION,VERIFIED,NO_MOTION/VERIFIED,no motion; geometry verified by background,False,False,False,65,0.11430568316037461,18,0.4094612435685675,1158,0.18078640777156313,47,0.07241487423508179
59,sweep,True,-9.952800369262695,0.5386993408203136,14.822,14.97,-10.784000396728516,-10.458999633789062,15.063,15.233,-10.284000396728516,-9.916000366210938,1015,1261,1103,0.012365457601845264,0.030849596485495567,1.2715371329066951,False,nan,nan,2.466958467596711,3.5587534960992606,0.2668197917066646,0.6337258568013736,0.025614533070083642,0.148115428449451,0.10834780681569181,0.07839441862125646,0.24923023084008641,0.05464563574854253,0.24190275115124776,False,False,NO_MOTION,VERIFIED,NO_MOTION/VERIFIED,no motion; geometry verified by background,False,False,False,63,0.14838615911027825,27,0.33786701978356204,1171,0.25962871679651645,48,0.11710032420218834
60,sweep,True,-9.47340030670166,0.4794000625610355,15.063,15.233,-10.284000396728516,-9.916000366210938,15.322,15.466,-9.755999565124512,-9.442000389099121,1021,1257,1111,0.01185379084199667,0.03343302011489868,1.1140298595136113,False,nan,nan,2.4437318985973793,3.473720377654761,0.02629479236550727,0.11649741329692918,0.02892435625897251,0.12555721220571558,0.09773566633779462,0.08509205916199003,0.203855196990778,0.05469972451158017,0.21820955372849146,False,False,NO_MOTION,VERIFIED,NO_MOTION/VERIFIED,no motion; geometry verified by background,False,False,False,72,0.0999091657287032,22,0.20040548539693326,1163,0.21845440319510306,56,0.0947389815412654
61,sweep,True,-8.92120008468628,0.5522002220153794,15.322,15.466,-9.755999565124512,-9.442000389099121,15.571,15.733,-9.229000091552734,-8.88700008392334,1010,1233,1089,0.01254953257739544,0.033550992608070374,1.273297398107211,False,nan,nan,2.697093126481444,3.948499306139505,0.6792381309623157,1.3628742997213126,0.028142368551867948,0.12033420136287881,0.096866388336368,0.08375774735330085,0.24143596238058174,0.0553978414680659,0.21626876003602602,False,False,NO_MOTION,VERIFIED,NO_MOTION/VERIFIED,no motion; geometry verified by background,False,False,False,62,0.14834180434204797,18,0.352928908513207,1153,0.25348610190177395,48,0.10622691246486918
62,sweep,True,-8.436299896240234,0.484900188446046,15.571,15.733,-9.229000091552734,-8.88700008392334,15.84,15.966,-8.67300033569336,-8.40999984741211,1024,1240,1083,0.012151453644037247,0.03155096620321274,1.0813524656876736,False,nan,nan,2.280188233341068,3.189251501311583,0.16922860011005375,0.29884045223786815,0.023565592095843135,0.09801703586179641,0.07676470428529902,0.06424888465276156,0.18799338813613392,0.056132262750822615,0.17138873137980687,False,False,NO_MOTION,VERIFIED,NO_MOTION/VERIFIED,no motion; geometry verified by background,False,False,False,73,0.11281412693231253,19,0.211079087860917,1148,0.20034108682154755,55,0.09514885679732987
63,sweep,True,-7.874600172042847,0.5616997241973873,15.84,15.966,-8.67300033569336,-8.40999984741211,16.068,16.235,-8.194999694824219,-7.839000225067139,1027,1232,1112,0.012041881680488586,0.03358500823378563,1.2751339712602379,False,nan,nan,2.966910519799249,4.203400408791147,0.41691391930967237,0.9030163332813654,0.02684947907358771,0.12361217263295547,0.10082657522389649,0.09119984902111156,0.22190861170831822,0.05541048199452109,0.2251104720311367,False,False,NO_MOTION,VERIFIED,NO_MOTION/VERIFIED,no motion; geometry verified by background,False,False,False,66,0.14835446721583231,13,0.17844793814969562,1153,0.23530726506580862,48,0.1129011539701351
64,sweep,True,-7.3769001960754395,0.4976999759674072,16.068,16.235,-8.194999694824219,-7.839000225067139,16.296,16.467,-7.7179999351501465,-7.339000225067139,1045,1239,1130,0.011781208217144012,0.031822942197322845,1.1116986134444404,False,nan,nan,2.561757553804551,3.6158920304163438,0.2387472514151205,0.6005511698979074,0.024176867467888073,0.10336827960852324,0.0942971651440469,0.08245668840231615,0.179082010393793,0.05717329130603965,0.2105325833951708,False,False,NO_MOTION,VERIFIED,NO_MOTION/VERIFIED,no motion; geometry verified by background,False,False,False,71,0.11087920825860795,19,0.2597863972105443,1149,0.18591255091398495,52,0.08803842192298217
65,sweep,True,-6.809000158309937,0.5679000377655026,16.296,16.467,-7.7179999351501465,-7.339000225067139,16.572,16.731,-7.124000072479248,-6.77400016784668,955,1246,1004,0.011066904291510582,0.03112534061074257,1.2735545229297933,False,nan,nan,3.006705879506273,4.287568172658758,0.08184956838595135,0.3118318102261091,0.02902746520862869,0.12157247848698641,0.10739955107820698,0.09928874626382916,0.2079512541782928,0.05678935836181544,0.23978562780160084,False,False,NO_MOTION,VERIFIED,NO_MOTION/VERIFIED,no motion; geometry verified by background,False,False,False,67,0.16998008323627878,15,0.15187349655427265,1164,0.21136801764496638,48,0.12069659269086294
66,sweep,True,-6.306099891662598,0.5029002666473392,16.572,16.731,-7.124000072479248,-6.77400016784668,16.84,16.968,-6.559000015258789,-6.2779998779296875,987,1226,1023,0.011569704860448837,0.03199392184615135,1.0896853110038822,False,nan,nan,2.818074947363119,3.6615200950964373,1.0822204070387913,1.9755084137896146,0.022976469728589816,0.0845788327171346,0.07276145521815044,0.06590952313358275,0.17737117007496755,0.058598307434862516,0.16245087660131352,False,False,NO_MOTION,VERIFIED,NO_MOTION/VERIFIED,no motion; geometry verified by background,False,False,False,66,0.0992655117504993,17,0.11203415733393192,1143,0.18847972139158994,47,0.0799965338415381
67,sweep,True,-5.66299991607666,0.6430999755859377,16.84,16.968,-6.559000015258789,-6.2779998779296875,17.055,17.255,-6.11299991607666,-5.61299991607666,1003,1139,1055,0.012024274095892906,0.03157976269721985,1.2672541264815111,False,nan,nan,2.9615437004386074,4.173091260357406,0.09351191052787929,0.22071865259714107,0.023124407031617812,0.11238226268417187,0.09292524522758008,0.07667612858401283,0.12705440518813818,0.05595856749705752,0.2074695661370822,False,False,NO_MOTION,VERIFIED,NO_MOTION/VERIFIED,no motion; geometry verified by background,False,False,False,65,0.09920064736002226,15,0.22875097870750655,1059,0.1303787385640947,51,0.06749053926022679
68,sweep,True,-4.9260999202728275,0.7368999958038325,17.055,17.255,-6.11299991607666,-5.61299991607666,17.406,17.618,-5.376999855041504,-4.875999927520752,953,1218,1033,0.013525253161787987,0.03565363213419914,1.7587449422065315,False,nan,nan,4.2113559336538815,6.057866562701639,0.3915385153315742,0.5205825465824707,0.02760384633122186,0.14337286676075414,0.1220901334138424,0.09686674475650384,0.35567679498827204,0.0609635714657146,0.27258455920082375,False,False,NO_MOTION,VERIFIED,NO_MOTION/VERIFIED,no motion; geometry verified by background,False,False,False,62,0.24746093976416667,13,0.23342900141839004,1143,0.38483747742130664,45,0.2320246988181319
69,sweep,True,-4.385299921035767,0.5407999992370609,17.406,17.618,-5.376999855041504,-4.875999927520752,17.728,17.88,-4.703000068664551,-4.349999904632568,990,1231,1063,0.01136769913136959,0.032283052802085876,1.2659488575491809,False,nan,nan,2.012131064562033,2.737576334424901,0.060221979584366106,0.24320898093182508,0.023996572905178273,0.09684907035152061,0.09121140833741713,0.06909108095452153,0.22327501894674323,0.05556921525978945,0.20364316788372253,False,False,NO_MOTION,VERIFIED,NO_MOTION/VERIFIED,no motion; geometry verified by background,False,False,False,62,0.12448186690789938,20,0.15668351113504,1149,0.2401494220342941,48,0.10304109444190364
70,sweep,True,-3.9275999307632445,0.45769999027252206,17.728,17.88,-4.703000068664551,-4.349999904632568,17.972,18.103,-4.184999942779541,-3.8989999294281006,1018,1217,1058,0.011180246248841286,0.03061341494321823,1.1148591198793363,False,nan,nan,2.659192891479601,3.7822474481258483,0.28637543921622305,0.3875102165900006,0.024941074940637513,0.108777730457883,0.10317460673673717,0.09949863738865189,0.21356407057170626,0.054713796569683754,0.23035280502743072,False,False,NO_MOTION,VERIFIED,NO_MOTION/VERIFIED,no motion; geometry verified by background,False,False,False,65,0.12274524260912507,17,0.34782653105451167,1135,0.22169637802360617,51,0.10816977238352019
71,sweep,True,-3.388100099563599,0.5394998311996457,17.972,18.103,-4.184999942779541,-3.8989999294281006,18.164,18.367,-3.7850000858306885,-3.3440001010894775,1027,1206,1100,0.012370878830552101,0.03342008218169212,1.2769931777163839,False,nan,nan,3.153732052626688,4.404056099915953,0.10234286729801097,0.23254107482391623,0.025698158531927726,0.12480844318069337,0.10199205434460518,0.08981825118638587,0.22658869209029037,0.05735271439745615,0.2277125792079655,False,False,NO_MOTION,VERIFIED,NO_MOTION/VERIFIED,no motion; geometry verified by background,False,False,False,62,0.1346108444850951,14,0.2289869994536242,1130,0.2374219159505409,49,0.0968501604516873
72,sweep,True,-2.88389995098114,0.5042001485824588,18.164,18.367,-3.7850000858306885,-3.3440001010894775,18.43,18.606,-3.2249999046325684,-2.8459999561309814,997,1192,1056,0.012195008806884289,0.03119557723402977,1.0730749498073928,False,nan,nan,1.814205343869034,2.4845146224170316,0.0659660386410145,0.21474184652586265,0.021947735177466645,0.10289880927938404,0.08892044683213048,0.08131428573571878,0.16786993111192033,0.055803677581798584,0.19852825225046777,False,False,NO_MOTION,VERIFIED,NO_MOTION/VERIFIED,no motion; geometry verified by background,False,False,False,57,0.09127045546290935,19,0.21781078729705405,1116,0.17326012703980126,45,0.08421443589090269
73,sweep,True,-2.339600110054016,0.544299840927124,18.43,18.606,-3.2249999046325684,-2.8459999561309814,18.69,18.867,-2.687000036239624,-2.3010001182556152,1017,1099,1095,0.012620596215128899,0.032179877161979675,1.289928715519345,False,nan,nan,3.0299708108921397,4.310858985198215,0.03994894114660921,0.10302410909103726,0.02523383912624485,0.11573801926575755,0.11215113912844217,0.09434683122539347,0.208859445198494,0.054844804513814634,0.2503942617506437,False,False,NO_MOTION,VERIFIED,NO_MOTION/VERIFIED,no motion; geometry verified by background,False,False,False,46,0.1261748429826277,13,0.18035199002867963,1040,0.2189043289056061,39,0.10594653488183355
74,sweep,True,-1.8253999590873717,0.5142001509666443,18.69,18.867,-2.687000036239624,-2.3010001182556152,18.969,19.104,-2.0989999771118164,-1.7949999570846558,1037,1187,1092,0.012041495181620121,0.03370232507586479,1.0870472417595132,False,nan,nan,2.5982799403385157,3.6921574593372597,0.3847904143566033,0.650909697093458,0.02474947679440532,0.12185007784885651,0.0894575724676179,0.08297475275418796,0.15760844793380868,0.056222775900242467,0.1997274659009969,False,False,NO_MOTION,VERIFIED,NO_MOTION/VERIFIED,no motion; geometry verified by background,False,False,False,56,0.08198040297157402,15,0.14814031761612945,1116,0.16646083811321052,46,0.06418412319783881
75,sweep,True,-1.252899992465973,0.5724999666213988,18.969,19.104,-2.0989999771118164,-1.7949999570846558,19.202,19.373,-1.6030000448226929,-1.2139999866485596,962,1206,990,0.012382090091705322,0.03408610075712204,1.281525926317886,False,nan,nan,2.9764931248383384,4.208867636059846,0.11971226141026478,0.22136035476183358,0.02530563292177807,0.07711240780305761,0.07000404460128473,0.06169795433845334,0.19425287274072833,0.05829848691597592,0.15629454327185224,False,False,NO_MOTION,VERIFIED,NO_MOTION/VERIFIED,no motion; geometry verified by background,False,False,False,62,0.11955038618743694,17,0.24400817717847265,1127,0.20405501338850407,54,0.1116886641287456
76,sweep,True,-0.74549999833107,0.507399994134903,19.202,19.373,-1.6030000448226929,-1.2139999866485596,19.442,19.608,-1.0829999446868896,-0.7080000042915344,894,1205,935,0.012267058715224266,0.030149897560477257,1.1580400828550808,False,nan,nan,1.7919471786094006,2.406009756471501,0.14718228211423617,0.5095282785264743,0.025850811744369588,0.22411055783725295,0.11263697872482303,0.09253201051551727,0.1662936206355512,0.06324152899591692,0.25147897161636956,False,False,NO_MOTION,VERIFIED,NO_MOTION/VERIFIED,no motion; geometry verified by background,False,False,False,56,0.08823785828249564,15,0.21057120038428684,1134,0.17041195130809272,44,0.06847048633268998
77,sweep,True,-0.2078000009059906,0.5376999974250793,19.442,19.608,-1.0829999446868896,-0.7080000042915344,19.699,19.868,-0.5389999747276306,-0.17100000381469727,897,1181,934,0.012188591994345188,0.03344341367483139,1.293578648028699,False,nan,nan,3.066577976003787,4.222520599479854,0.050042330072443124,0.24446762379749806,0.02843140776379354,0.2458657375877657,0.08618431027542056,0.07264401422807817,0.22091041768473152,0.06140028599587699,0.1924194164553922,False,False,NO_MOTION,VERIFIED,NO_MOTION/VERIFIED,no motion; geometry verified by background,False,False,False,60,0.12816666648028416,15,0.22706474399900872,1106,0.23207678734925044,51,0.12103174275976883
78,sweep,True,0.29879999663680795,0.5065999975427986,19.699,19.868,-0.5389999747276306,-0.17100000381469727,19.962,20.103,0.027000000700354576,0.32899999618530273,914,1187,955,0.011998072266578674,0.03219817951321602,1.1505640404819215,False,nan,nan,1.9973754442836515,2.4639162471931044,0.09504092739074085,0.3423550438102415,0.02131146984937614,0.09587352176929857,0.08802792733828635,0.08058784448366609,0.15679801406224678,0.06041688073370554,0.19653556843560957,False,False,NO_MOTION,VERIFIED,NO_MOTION/VERIFIED,no motion; geometry verified by background,False,False,False,50,0.09718692898251757,12,0.09973550124925878,1125,0.16024692323242004,41,0.0783657113767037
79,sweep,True,0.8501000106334686,0.5513000139966606,19.962,20.103,0.027000000700354576,0.32899999618530273,20.192,20.367,0.5090000033378601,0.8880000114440918,872,1196,915,0.012314002960920334,0.033583249896764755,1.3330834630372084,False,nan,nan,3.2512211178087744,4.585997173109021,0.21688383893637395,0.4264537737155857,0.026459160638597684,0.19416086565468582,0.11432614107561309,0.10098414276688422,0.2047817313587212,0.06393093177122204,0.2552502802547835,False,False,NO_MOTION,VERIFIED,NO_MOTION/VERIFIED,no motion; geometry verified by background,False,False,False,55,0.11423300481028162,15,0.13859528310298908,1126,0.21554684285376646,45,0.1031784424291824
80,sweep,True,1.361899983882904,0.5117999732494354,20.192,20.367,0.5090000033378601,0.8880000114440918,20.461,20.603,1.0640000104904175,1.3949999809265137,900,1193,926,0.01263376697897911,0.03189351409673691,1.1796085769158846,False,nan,nan,3.4211104696363295,4.228704195065225,0.058360285663830405,0.1610146432077871,0.02556560148749664,0.10832190351961243,0.09520101581573612,0.08286030071524006,0.1469095921922903,0.06428184945452335,0.2125505657663641,False,False,NO_MOTION,VERIFIED,NO_MOTION/VERIFIED,no motion; geometry verified by background,False,False,False,59,0.07063466516518214,14,0.22107864805974703,1120,0.1552333709755262,52,0.0596523102937008
81,sweep,True,1.9156000018119812,0.5537000179290772,20.461,20.603,1.0640000104904175,1.3949999809265137,20.691,20.867,1.5700000524520874,1.9539999961853027,890,1142,930,0.012353833764791489,0.032450683414936066,1.3407546968682698,False,nan,nan,3.2835031225880584,4.653312568665272,0.10629752220153735,0.20038852068619772,0.02910804347870325,0.09956655185995178,0.08150125319483487,0.0716644117942532,0.20362791948821363,0.06136602707820588,0.18196378818855458,False,False,NO_MOTION,VERIFIED,NO_MOTION/VERIFIED,no motion; geometry verified by background,False,False,False,56,0.10781170945952255,12,0.10942891020059865,1074,0.21050969615045423,46,0.09625091295243074
82,sweep,True,2.40670006275177,0.49110006093978864,20.691,20.867,1.5700000524520874,1.9539999961853027,20.932,21.104,2.0799999237060547,2.443000078201294,882,1173,910,0.011779606342315674,0.032601773738861084,1.1879582991897275,False,nan,nan,2.7794550201657757,3.8166490702906026,0.5238772291485986,0.8041852246746144,0.02849404474066144,0.10528979481115056,0.09866189189819488,0.09236855261314578,0.17078404847119827,0.06627003342844266,0.22027749139915023,False,False,NO_MOTION,VERIFIED,NO_MOTION/VERIFIED,no motion; geometry verified by background,False,False,False,67,0.09638289738839959,11,0.197120836640345,1095,0.17610334731220564,58,0.08158283478671907
83,sweep,True,2.9578999042510987,0.5511998414993289,20.932,21.104,2.0799999237060547,2.443000078201294,21.185,21.368,2.5969998836517334,2.997999906539917,877,1187,921,0.012718912214040756,0.0331844724714756,1.355601473948532,False,nan,nan,3.161775066908868,4.524480709576229,0.10478848894228744,0.4676144743026981,0.031306109857022195,0.12983514268323787,0.12128818536224428,0.09620571847149513,0.20275156478753248,0.06420284336166232,0.27079408973343555,False,False,NO_MOTION,VERIFIED,NO_MOTION/VERIFIED,no motion; geometry verified by background,False,False,False,62,0.10599515604970808,14,0.19520371283658344,1111,0.21007571256634208,51,0.0880089033951571
84,sweep,True,3.4513999462127685,0.49350004196166974,21.185,21.368,2.5969998836517334,2.997999906539917,21.463,21.603,3.184999942779541,3.4809999465942383,912,1179,955,0.0124428141862154,0.032895952463150024,1.2159290510490932,False,nan,nan,3.5147897147024967,4.399094240410983,0.08488201895111575,0.9816356999861511,0.027218468891605847,0.1059740945974203,0.09075954563070021,0.08616999210786758,0.18052858277290088,0.05866302727162765,0.20263431652705952,False,False,NO_MOTION,VERIFIED,NO_MOTION/VERIFIED,no motion; geometry verified by background,False,False,False,57,0.09359161893517733,9,0.1026396711446115,1113,0.1862971595639099,48,0.08686192970659776
85,sweep,True,4.005099844932556,0.5536998987197879,21.463,21.603,3.184999942779541,3.4809999465942383,21.698,21.864,3.6730000972747803,4.041999816894531,942,1048,1002,0.013657212257385254,0.03492726385593414,1.3136303244625356,False,nan,nan,3.2165445958170586,4.63947075817626,0.11666473147277454,0.22165171469228326,0.02925627929475729,0.14045927985581683,0.08552227525618358,0.0818989750432583,0.236892507166469,0.060782954086356734,0.19094132384587295,False,False,NO_MOTION,VERIFIED,NO_MOTION/VERIFIED,no motion; geometry verified by background,False,False,False,55,0.11465225009498935,10,0.1941485228522918,983,0.24031190573498465,42,0.09490811639854842
86,sweep,True,4.516199922561645,0.5111000776290888,21.698,21.864,3.6730000972747803,4.041999816894531,21.965,22.103,4.238999843597412,4.546999931335449,938,1012,974,0.013139098882675171,0.03367312252521515,1.2185176155746673,False,nan,nan,2.2099487970400613,2.745171236675543,0.15932290407591648,0.7703928346330587,0.03210530101683796,0.4929736640351682,0.1242563409752947,0.08982573365658189,0.1629625838035963,0.06347097430076762,0.2774209429180441,False,False,NO_MOTION,VERIFIED,NO_MOTION/VERIFIED,no motion; geometry verified by background,False,False,False,54,0.09616062187277719,4,0.1116946146053977,954,0.1667218825762008,43,0.08522967667176908
87,sweep,True,5.064600229263306,0.5484003067016605,21.965,22.103,4.238999843597412,4.546999931335449,22.2,22.372,4.728000164031982,5.1020002365112305,933,1023,963,0.012682771310210228,0.03393787145614624,1.3325675777069004,False,nan,nan,2.0080765985011366,3.0234105624980585,0.08310590001660263,0.3871929840388878,0.028582554288398124,0.11958350041966859,0.11100413277388621,0.09847184832959757,0.2358600873302816,0.06204636614390184,0.24783339779862076,False,False,NO_MOTION,VERIFIED,NO_MOTION/VERIFIED,no motion; geometry verified by background,False,False,False,52,0.11567346861978325,9,0.355605188068281,962,0.23854426866710488,37,0.08715420230187416
88,sweep,True,5.55750002861023,0.4928997993469242,22.2,22.372,4.728000164031982,5.1020002365112305,22.481,22.605,5.309999942779541,5.585000038146973,911,1017,930,0.013155589811503887,0.03478521853685379,1.18132275902187,False,nan,nan,1.7292728716341201,2.5797813905135643,0.21479864601503876,0.46377829785637503,0.038372262824378396,0.10313630331700413,0.09255026907436484,0.08654043661351926,0.17452877891140445,0.06330332450218128,0.20663237555847475,False,False,NO_MOTION,VERIFIED,NO_MOTION/VERIFIED,no motion; geometry verified by background,False,False,False,46,0.1125679087114917,11,0.328436125908482,960,0.17786870040088706,35,0.0928354489311196
89,sweep,True,6.082400131225586,0.5249001026153559,22.481,22.605,5.309999942779541,5.585000038146973,22.671,22.868,5.7170000076293945,6.123000144958496,912,1021,950,0.0147478636354208,0.03416899964213371,1.4097369888144917,False,nan,nan,1.9729463342765454,2.902860292395436,0.07443133177437838,0.2636179851729105,0.03789484996576552,0.1463649207571992,0.12269548788712514,0.10974947832879356,0.2812969870781176,0.0679874789601051,0.27393610397881735,False,False,NO_MOTION,VERIFIED,NO_MOTION/VERIFIED,no motion; geometry verified by background,False,False,False,44,0.1367866812211721,8,0.16209049813926996,969,0.2909526481968222,32,0.10029268418644252
90,sweep,True,6.587800025939941,0.5053998947143556,22.671,22.868,5.7170000076293945,6.123000144958496,22.963,23.101,6.315999984741211,6.618000030517578,909,1007,927,0.012795056216418743,0.03309416398406029,1.2018321166433885,False,nan,nan,1.7526434663148716,2.617728288583489,0.08381246476754367,0.24623093010353259,0.02844501172755292,0.11824687831678785,0.07989851422401481,0.06626195764570897,0.1739083277769231,0.06526201427223137,0.17838543272559435,False,False,NO_MOTION,VERIFIED,NO_MOTION/VERIFIED,no motion; geometry verified by background,False,False,False,44,0.10945081629896475,10,0.32977143604698766,953,0.17405810174637268,30,0.07302029280522174
91,sweep,True,7.1488001346588135,0.5610001087188721,22.963,23.101,6.315999984741211,6.618000030517578,23.162,23.37,6.732999801635742,7.195000171661377,864,997,886,0.01475726068019867,0.038820553570985794,1.4088553124271461,False,nan,nan,2.054815720185117,3.097355933233695,0.09145780438491308,0.22004230125009883,0.02904598403963618,0.11066994619182995,0.07614910461024585,0.07236458493588417,0.2266842899937584,0.06805358077308615,0.17001431265016434,False,False,NO_MOTION,VERIFIED,NO_MOTION/VERIFIED,no motion; geometry verified by background,False,False,False,56,0.09896087828301839,10,0.09364516040807869,931,0.23111108534540914,40,0.06507947805635705
92,sweep,True,7.658200120925903,0.5093999862670895,23.162,23.37,6.732999801635742,7.195000171661377,23.464,23.602,7.38100004196167,7.689000129699707,898,1089,918,0.013742296025156975,0.0355633869767189,1.256016580069934,False,nan,nan,1.7358255392214912,2.467772294351298,0.09600250216645392,0.1985717361495895,0.0275265018720654,0.10756587550058364,0.08992546314080418,0.06979356966331092,0.17083390928601921,0.06756613130026771,0.20077210209999544,False,False,NO_MOTION,VERIFIED,NO_MOTION/VERIFIED,no motion; geometry verified by background,False,False,False,53,0.09280277258777961,12,0.2091265339214772,1024,0.17341645135452677,38,0.06636602338915884
93,sweep,True,8.222100210189819,0.5639000892639157,23.464,23.602,7.38100004196167,7.689000129699707,23.696,23.873,7.88100004196167,8.260000228881836,884,1012,913,0.013289852999150753,0.036636240780353546,1.4186324744098018,False,nan,nan,2.0414414446499487,2.989585925377317,0.17031241014691845,0.5759184113575618,0.027493989504575458,0.11751891718252944,0.11574936571750723,0.09978806484624023,0.19985322838638797,0.0671496604659332,0.2584278430176929,False,False,NO_MOTION,VERIFIED,NO_MOTION/VERIFIED,no motion; geometry verified by background,False,False,False,51,0.1478223158649346,9,0.5040238905842342,952,0.20122332206363047,35,0.0799435075281055
94,sweep,True,8.708099937438964,0.48599972724914586,23.696,23.873,7.88100004196167,8.260000228881836,23.935,24.103,8.37600040435791,8.744999885559082,883,1011,894,0.013306818902492523,0.03402753919363022,1.2724264980709787,False,nan,nan,1.888983659125869,2.8023895144030635,0.6510048606402563,0.9102544187338121,0.028157932534713735,0.08648630160456579,0.07854868751816413,0.07441943882887309,0.18927785474695338,0.0692542609799731,0.17537174187831994,False,False,NO_MOTION,VERIFIED,NO_MOTION/VERIFIED,no motion; geometry verified by background,False,False,False,56,0.12166109042548329,6,0.5035321716832131,949,0.18981712872605708,39,0.06131513042245587
95,sweep,True,9.260100269317627,0.5520003318786628,23.935,24.103,8.37600040435791,8.744999885559082,24.193,24.365,8.918999671936035,9.29800033569336,856,1077,869,0.01357996091246605,0.03435884043574333,1.4412625174439149,False,nan,nan,2.286026785848102,3.1571407768853756,0.040741571483505074,0.18255114220417049,0.028999357660700505,0.10412472719546143,0.10213778809970936,0.09528570469331821,0.23398373002968048,0.06780755554840766,0.22803795170355529,False,False,NO_MOTION,VERIFIED,NO_MOTION/VERIFIED,no motion; geometry verified by background,False,False,False,51,0.1349557383559913,10,0.8298736432885039,1016,0.23356456017699914,36,0.09313726461374755
96,sweep,True,9.772600269317627,0.5124999999999993,24.193,24.365,8.918999671936035,9.29800033569336,24.458,24.606,9.480999946594238,9.805000305175781,893,1005,914,0.013791142962872982,0.035010579973459244,1.3384442962279595,False,nan,nan,1.9691702640574167,2.7366045155483736,0.563482744498078,0.962037639655672,0.031715008822481267,0.11570719058979276,0.10183792545035113,0.10114942503920449,0.1682405052385648,0.06768261119527552,0.2273684633033826,False,False,NO_MOTION,VERIFIED,NO_MOTION/VERIFIED,no motion; geometry verified by background,False,False,False,45,0.12006757131933678,8,0.38488724913916206,952,0.16827938663724165,30,0.05581622165311787
97,sweep,True,10.300800037384032,0.5281997680664059,24.458,24.606,9.480999946594238,9.805000305175781,24.669,24.867,9.930000305175781,10.342000007629395,916,1002,946,0.013230575248599052,0.03455432504415512,1.3950919381680702,False,nan,nan,2.110952817222345,3.2925919319388903,0.03978555331322295,0.19561269368522366,0.030842676483063027,0.12077923775436923,0.11007948230027409,0.09292423796555246,0.25902005778864934,0.06558994364149226,0.2457689767457741,False,False,NO_MOTION,BG_MISSING,NO_MOTION/BG_MISSING,no motion; background missing for verification,False,False,False,42,0.19461213916231623,9,0.5001309392177637,951,0.25857836351903574,27,0.08090364956373082
98,sweep,True,10.799800300598145,0.4990002632141124,24.669,24.867,9.930000305175781,10.342000007629395,24.956,25.101,10.519000053405762,10.831000328063965,933,1006,955,0.012418404221534729,0.031987838447093964,1.2235751815620644,False,nan,nan,2.6329404632583038,3.4234086026454635,0.3098904895101114,0.6115178889741577,0.0263555435168179,0.09747441712738364,0.08882201177498986,0.08007705170856685,0.17098979050071522,0.06306524386525764,0.19830848120173256,False,False,NO_MOTION,BG_MISSING,NO_MOTION/BG_MISSING,no motion; background missing for verification,False,False,False,41,0.09742597737061279,8,0.5468058871822385,957,0.17143331090324318,26,0.06705993326285925
99,sweep,True,11.327200317382813,0.527400016784668,24.956,25.101,10.519000053405762,10.831000328063965,25.187,25.363,10.996000289916992,11.36400032043457,938,974,964,0.013255118392407894,0.032787423580884933,1.4262949726449878,False,nan,nan,2.8657332995454565,3.823237925349939,0.8763096280125139,1.6992039470125246,0.034133370066389807,0.12972108650612807,0.116657525787098,0.10195260734892231,0.247223158306465,0.06142404863689187,0.2604554467669171,False,False,NO_MOTION,BG_MISSING,NO_MOTION/BG_MISSING,no motion; background missing for verification,False,False,False,37,0.18532711767815646,10,0.3395833816844747,927,0.24749927938773508,26,0.098184399336561
100,sweep,True,11.821199798583985,0.4939994812011719,25.187,25.363,10.996000289916992,11.36400032043457,25.429,25.603,11.489999771118164,11.857999801635742,1043,976,1069,0.012372873723506927,0.03237538039684296,1.2212769450791388,False,nan,nan,2.520876815062501,3.336334993152529,0.4523330918982037,0.7966933614884948,0.03870798557790854,0.3140907712172657,0.12202238002074911,0.11439396938126803,0.17819495810055747,0.05763098807523237,0.27243328957506213,False,False,NO_MOTION,BG_MISSING,NO_MOTION/BG_MISSING,no motion; background missing for verification,False,False,False,42,0.21464403518097463,12,0.2868761244741246,922,0.17697311067138574,28,0.09750592728060174
101,sweep,True,12.367000389099122,0.5458005905151371,25.429,25.603,11.489999771118164,11.857999801635742,25.702,25.865,12.052000045776367,12.402000427246094,1017,956,1041,0.014422590844333172,0.03539140149950981,1.4066583779391058,False,nan,nan,3.46201535881127,5.02994619485685,0.6791593062301251,1.0817824369151683,0.024646886984059743,0.13948486201211968,0.09256303717679328,0.08425713254299134,0.23367970444187813,0.05720709357900884,0.2066608822647496,False,False,NO_MOTION,BG_MISSING,NO_MOTION/BG_MISSING,no motion; background missing for verification,False,False,False,39,0.11801443772387626,9,0.7134819015560042,908,0.23255441045510147,21,0.06817870568713039
102,sweep,True,12.877200031280518,0.5101996421813961,25.702,25.865,12.052000045776367,12.402000427246094,25.967,26.102,12.600000381469727,12.907999992370605,1063,961,1085,0.013349723070859909,0.03319907560944557,1.2237668778590387,False,nan,nan,2.507231137061319,3.353467930373327,0.3748274588634504,0.7550495134497524,0.02593200509051482,0.1283134621749804,0.1136269760898412,0.09641322068018428,0.1671212843084368,0.05514674350972942,0.2536892894185357,False,False,NO_MOTION,BG_MISSING,NO_MOTION/BG_MISSING,no motion; background missing for verification,False,False,False,39,0.13380608726244095,10,0.5493324040270615,912,0.16574168183511537,19,0.05780686362281097
103,sweep,True,13.413400173187256,0.5362001419067379,25.967,26.102,12.600000381469727,12.907999992370605,26.16,26.365,13.01200008392334,13.458000183105469,1036,964,1064,0.013096095062792301,0.0334167405962944,1.3434499705964447,False,nan,nan,3.166093163074194,5.093678309983323,0.12607323305190488,0.21060600600403334,0.028136244628516542,0.10064847321944786,0.084756063087098,0.08150891974554902,0.2350994124748141,0.053711941320096976,0.18923064010326007,False,False,NO_MOTION,BG_MISSING,NO_MOTION/BG_MISSING,no motion; background missing for verification,False,False,False,40,0.166423824758622,10,0.6547481104588718,914,0.23359961188719894,20,0.06315620429352173
104,sweep,True,13.947900009155273,0.5344998359680169,26.16,26.365,13.01200008392334,13.458000183105469,26.438,26.603,13.604999542236328,13.986000061035156,1015,946,1031,0.013376067392528057,0.03325807675719261,1.2987003998417448,False,nan,nan,2.81236483762763,3.782517350360731,0.209197245358629,0.4012423142343393,0.023855765890140677,0.08737921254290329,0.07583989206602901,0.06125204347158987,0.13624689021071185,0.055269250513442364,0.16932394920548688,False,False,NO_MOTION,BG_MISSING,NO_MOTION/BG_MISSING,no motion; background missing for verification,False,False,False,35,0.06997959609903011,14,0.43220609978430186,897,0.1358635538395175,16,0.03522904282575476
105,sweep,True,14.475099658966064,0.5271996498107914,26.438,26.603,13.604999542236328,13.986000061035156,26.662,26.866,14.08899974822998,14.517999649047852,1041,921,1057,0.01391698606312275,0.037048302590847015,1.4204466772204585,False,nan,nan,3.009983791388161,3.9826625658986017,0.05841981205635764,0.1474827673952971,0.030784423590738876,0.0944694661536484,0.08831057238126687,0.08156559262445262,0.22086175162839924,0.05699495902874288,0.19716661594368287,False,False,NO_MOTION,BG_MISSING,NO_MOTION/BG_MISSING,no motion; background missing for verification,False,False,False,34,0.2000081812269634,14,0.3309998185963145,873,0.22086175162839924,15,0.0997414476963993
106,sweep,True,15.239000225067139,0.7639005661010749,26.662,26.866,14.08899974822998,14.517999649047852,26.983,27.233,14.753000259399414,15.293000221252441,925,768,942,0.016116170212626457,0.04158339276909828,2.1955500297291706,False,nan,nan,3.6245670056157056,5.689388935466258,0.07894798806043746,0.2452015108806449,0.06498739595796652,0.16903062073170572,0.1403841628770669,0.1291125693047352,0.3390881854601727,0.06510688974311701,0.3134287275034079,False,False,NO_MOTION,BG_MISSING,NO_MOTION/BG_MISSING,no motion; background missing for verification,False,False,False,38,0.17877855902430168,10,0.7691496211486948,720,0.33979374089764236,15,0.09711149727160215
107,sweep,True,15.738400077819824,0.49939985275268484,26.983,27.233,14.753000259399414,15.293000221252441,27.322,27.462,15.463000297546387,15.769000053405762,976,772,984,0.013805374503135681,0.03421724960207939,1.4009077649811963,False,nan,nan,2.8109094296791275,3.8027231443254745,0.1794368544635374,0.3543952654154023,0.03393733510149255,0.10113443877117186,0.09564092466994088,0.08359479621083352,0.19249348539471572,0.061422357368884614,0.21353272835198014,False,False,NO_MOTION,BG_MISSING,NO_MOTION/BG_MISSING,no motion; background missing for verification,False,False,False,32,0.191253524589801,15,0.5270715299070408,725,0.1872769544802439,12,0.0656019161206696
108,sweep,True,16.316600608825684,0.5782005310058604,27.322,27.462,15.463000297546387,15.769000053405762,27.571,27.736,15.98900032043457,16.35300064086914,994,745,1002,0.014647740870714188,0.03459649905562401,1.5259665783654688,False,nan,nan,3.187999865155719,4.291073436967786,0.15391379951454798,0.32091792585824225,0.035844870121457,0.11469836329867006,0.09587249774348276,0.0902367894234163,0.21202197328866418,0.056218997744167595,0.21404975001793433,False,False,NO_MOTION,BG_MISSING,NO_MOTION/BG_MISSING,no motion; background missing for verification,False,False,False,33,0.19881615993684848,11,0.5914398367484539,701,0.2106206568111845,13,0.016428279649781562
109,sweep,True,16.807700538635252,0.4910999298095682,27.571,27.736,15.98900032043457,16.35300064086914,27.791,27.967,16.46299934387207,16.84600067138672,1028,744,1038,0.013632984831929207,0.03194298967719078,1.3973906450816456,False,nan,nan,2.479415060599216,3.5367089623073182,0.13891367565534346,0.5543661771275343,0.03333135502273621,0.1355596905994551,0.10309336534257567,0.0895650114867431,0.2144234919699481,0.05573844073646436,0.23017142141356153,False,False,NO_MOTION,BG_MISSING,NO_MOTION/BG_MISSING,no motion; background missing for verification,False,False,False,37,0.283857161491284,10,0.6066152097549897,697,0.20768000406048776,12,0.03961250899506713
110,sweep,True,17.24249973297119,0.4347991943359375,27.791,27.967,16.46299934387207,16.84600067138672,28.026,28.325,16.950000762939453,17.274999618530273,1027,743,1035,0.01224397774785757,0.03210434690117836,1.4201855277500541,False,nan,nan,2.896189840700895,4.057139835977656,0.7498702849886466,1.067528119430254,0.03693542140460116,0.10976893138988839,0.09076636420485383,0.08667320688438145,0.2975282545988587,0.057602150096849186,0.20264954001791885,False,False,NO_MOTION,BG_MISSING,NO_MOTION/BG_MISSING,no motion; background missing for verification,False,False,False,34,0.48016102078673784,18,0.1449892886341193,691,0.2952982340452188,9,0.13160155918485858
111,sweep,True,16.588799285888673,-0.6537004470825174,28.026,28.325,16.950000762939453,17.274999618530273,28.365,28.603,17.280000686645508,16.511999130249023,1066,792,1067,0.01019867043942213,0.024325426667928696,0.48270172874473316,False,nan,nan,0.9896640331264968,1.2603912241182176,0.09608074498990023,0.2063116234145275,0.062481352284901336,0.29526863607795806,0.29054098176820975,0.2506209609831573,0.8089933567664942,0.056258826416418495,0.6486763772844136,False,False,NO_MOTION,BG_MISSING,NO_MOTION/BG_MISSING,no motion; background missing for verification,False,False,False,46,1.2543727306019463,0,nan,746,0.7948766069397557,15,0.4020078997853704
112,dwell_end,True,16.51529941558838,-0.07349987030029226,28.365,28.603,17.280000686645508,16.511999130249023,28.694,28.865,16.51799964904785,16.514999389648438,1081,748,1081,0.0062888613902032375,0.015223714523017406,0.029245540882591115,False,nan,nan,0.04807665625177274,0.10649173673704804,0.01577676449091327,0.057081505973488975,0.016016313370214467,0.05301751216458744,0.041122687838305555,0.03491161942213383,0.07236316785595995,0.05273994708752609,0.09181257669333244,False,False,NO_MOTION,BG_MISSING,NO_MOTION/BG_MISSING,no motion; background missing for verification,False,False,False,37,0.1211798454317139,0,nan,711,0.07028057935577897,11,0.04106474208573006
113,dwell_end,False,16.514999389648438,-0.00030002593994282734,28.694,28.865,16.51799964904785,16.514999389648438,28.933,29.102,16.514999389648438,16.514999389648438,1083,735,1083,0.006297278217971325,0.015186483971774578,0.033166182815111044,True,0.022103682155503637,0.05793622200222111,nan,nan,nan,nan,nan,nan,nan,nan,nan,nan,0.12935131688901877,False,False,NO_MOTION,NOT_CHECKED,NO_MOTION/NOT_CHECKED,no motion; geometry not checked,False,False,False,,,,,,,,
114,dwell_end,False,16.51950035095215,0.004500961303712359,28.933,29.102,16.514999389648438,16.514999389648438,29.191,29.364,16.514999389648438,16.520000457763672,1088,740,1088,0.006653007119894028,0.01632857508957386,0.04089906257699012,True,0.02021375326835705,0.09736418066240221,nan,nan,nan,nan,nan,nan,nan,nan,nan,nan,0.21738015616584797,False,False,NO_MOTION,NOT_CHECKED,NO_MOTION/NOT_CHECKED,no motion; geometry not checked,False,False,False,,,,,,,,
115,dwell_end,False,16.520000457763672,0.0005001068115220164,29.191,29.364,16.514999389648438,16.520000457763672,29.458,29.601,16.520000457763672,16.520000457763672,1041,748,1041,0.006627656519412994,0.015220449306070805,0.034012914537725154,True,0.01584296475395095,0.05640614918836519,nan,nan,nan,nan,nan,nan,nan,nan,nan,nan,0.12593519953499518,False,False,NO_MOTION,NOT_CHECKED,NO_MOTION/NOT_CHECKED,no motion; geometry not checked,False,False,False,,,,,,,,
116,dwell_end,False,16.520000457763672,0.0,29.458,29.601,16.520000457763672,16.520000457763672,29.69,29.869,16.520000457763672,16.520000457763672,1097,737,1097,0.0065416619181632996,0.016592800617218018,0.041059655442704374,True,0.019227859581796968,0.11123958257126178,nan,nan,nan,nan,nan,nan,nan,nan,nan,nan,0.24835907483276728,False,False,NO_MOTION,NOT_CHECKED,NO_MOTION/NOT_CHECKED,no motion; geometry not checked,False,False,False,,,,,,,,
117,dwell_end,False,16.520000457763672,0.0,29.69,29.869,16.520000457763672,16.520000457763672,29.971,30.1,16.520000457763672,16.520000457763672,1081,737,1081,0.0068065146915614605,0.016655581071972847,0.03759493396574553,True,0.014616359547454114,0.09111944273686795,nan,nan,nan,nan,nan,nan,nan,nan,nan,nan,0.20343784086845615,False,False,NO_MOTION,NOT_CHECKED,NO_MOTION/NOT_CHECKED,no motion; geometry not checked,False,False,False,,,,,,,,
118,dwell_end,False,16.520000457763672,0.0,29.971,30.1,16.520000457763672,16.520000457763672,30.191,30.365,16.520000457763672,16.520000457763672,1055,752,1055,0.007148217409849167,0.016552509739995003,0.04460347542939422,True,0.03818756713416866,0.08983117681807469,nan,nan,nan,nan,nan,nan,nan,nan,nan,nan,0.20056159372391916,False,False,NO_MOTION,NOT_CHECKED,NO_MOTION/NOT_CHECKED,no motion; geometry not checked,False,False,False,,,,,,,,
119,dwell_end,False,16.520000457763672,0.0,30.191,30.365,16.520000457763672,16.520000457763672,30.431,30.602,16.520000457763672,16.520000457763672,1050,753,1050,0.0063027748838067055,0.01520097628235817,0.029407219658427748,True,0.005512021525032444,0.045942998559851206,nan,nan,nan,nan,nan,nan,nan,nan,nan,nan,0.10257464432732974,False,False,NO_MOTION,NOT_CHECKED,NO_MOTION/NOT_CHECKED,no motion; geometry not checked,False,False,False,,,,,,,,
120,dwell_end,False,16.520000457763672,0.0,30.431,30.602,16.520000457763672,16.520000457763672,30.667,30.865,16.520000457763672,16.520000457763672,1043,745,1043,0.006498452741652727,0.016477562487125397,0.04311707824963399,True,0.03092966139229667,0.07272930785302072,nan,nan,nan,nan,nan,nan,nan,nan,nan,nan,0.16237910278054413,False,False,NO_MOTION,NOT_CHECKED,NO_MOTION/NOT_CHECKED,no motion; geometry not checked,False,False,False,,,,,,,,
121,dwell_end,False,16.520000457763672,0.0,30.667,30.865,16.520000457763672,16.520000457763672,30.931,31.102,16.520000457763672,16.520000457763672,1093,753,1093,0.006225062534213066,0.01562843844294548,0.02972605924435508,True,0.009973407247415668,0.03935913680375419,nan,nan,nan,nan,nan,nan,nan,nan,nan,nan,0.08787518414620596,False,False,NO_MOTION,NOT_CHECKED,NO_MOTION/NOT_CHECKED,no motion; geometry not checked,False,False,False,,,,,,,,
122,dwell_end,False,16.520000457763672,0.0,30.931,31.102,16.520000457763672,16.520000457763672,31.164,31.367,16.520000457763672,16.520000457763672,1083,748,1084,0.006501032039523125,0.01555654127150774,0.02954883537618869,True,0.0028338826884082304,0.03696230524294055,nan,nan,nan,nan,nan,nan,nan,nan,nan,nan,0.08252389771367813,False,False,NO_MOTION,NOT_CHECKED,NO_MOTION/NOT_CHECKED,no motion; geometry not checked,False,False,False,,,,,,,,
123,dwell_end,False,16.520000457763672,0.0,31.164,31.367,16.520000457763672,16.520000457763672,31.467,31.602,16.520000457763672,16.520000457763672,1091,743,1091,0.0063897715881466866,0.01609327830374241,0.027459536511406046,True,0.005800970006905091,0.04862810593641566,nan,nan,nan,nan,nan,nan,nan,nan,nan,nan,0.1085695498138096,False,False,NO_MOTION,NOT_CHECKED,NO_MOTION/NOT_CHECKED,no motion; geometry not checked,False,False,False,,,,,,,,
124,dwell_end,False,16.520000457763672,0.0,31.467,31.602,16.520000457763672,16.520000457763672,31.699,31.865,16.520000457763672,16.520000457763672,1086,687,1086,0.006477997172623873,0.015769220888614655,0.03282903088343217,True,0.01527208188647193,0.054426925260166674,nan,nan,nan,nan,nan,nan,nan,nan,nan,nan,0.1215162848615303,False,False,NO_MOTION,NOT_CHECKED,NO_MOTION/NOT_CHECKED,no motion; geometry not checked,False,False,False,,,,,,,,
125,dwell_end,False,16.520000457763672,0.0,31.699,31.865,16.520000457763672,16.520000457763672,31.969,32.102,16.520000457763672,16.520000457763672,1057,735,1057,0.006690313573926687,0.015574799850583076,0.0318530612603654,True,0.018385604511037656,0.04772796553205366,nan,nan,nan,nan,nan,nan,nan,nan,nan,nan,0.10655985117165834,False,False,NO_MOTION,NOT_CHECKED,NO_MOTION/NOT_CHECKED,no motion; geometry not checked,False,False,False,,,,,,,,
126,dwell_end,False,16.520000457763672,0.0,31.969,32.102,16.520000457763672,16.520000457763672,32.188,32.367,16.520000457763672,16.520000457763672,1136,750,1136,0.006463533733040094,0.015211093239486217,0.03415193105553324,True,0.01764270994292998,0.05582958880044189,nan,nan,nan,nan,nan,nan,nan,nan,nan,nan,0.12464794187706467,False,False,NO_MOTION,NOT_CHECKED,NO_MOTION/NOT_CHECKED,no motion; geometry not checked,False,False,False,,,,,,,,
127,dwell_end,False,16.520000457763672,0.0,32.188,32.367,16.520000457763672,16.520000457763672,32.468,32.6,16.520000457763672,16.520000457763672,1093,742,1093,0.0064665586687624454,0.015559964813292027,0.03425009769145965,True,0.019718759222425386,0.05977906969650599,nan,nan,nan,nan,nan,nan,nan,nan,nan,nan,0.13346575113833006,False,False,NO_MOTION,NOT_CHECKED,NO_MOTION/NOT_CHECKED,no motion; geometry not checked,False,False,False,,,,,,,,
128,dwell_end,False,16.520000457763672,0.0,32.468,32.6,16.520000457763672,16.520000457763672,32.663,32.933,16.520000457763672,16.520000457763672,1072,686,1072,0.0062999119982123375,0.014396031387150288,0.03166449786354519,True,0.01597520213806823,0.04032866975731755,nan,nan,nan,nan,nan,nan,nan,nan,nan,nan,0.09003981207631008,False,False,NO_MOTION,NOT_CHECKED,NO_MOTION/NOT_CHECKED,no motion; geometry not checked,False,False,False,,,,,,,,
129,dwell_end,False,16.520000457763672,0.0,32.663,32.933,16.520000457763672,16.520000457763672,32.993,33.102,16.520000457763672,16.520000457763672,1104,753,1105,0.006609856616705656,0.01565464213490486,0.03557434487865234,True,0.009366386411075105,0.08131682026608611,nan,nan,nan,nan,nan,nan,nan,nan,nan,nan,0.18155201397568935,False,False,NO_MOTION,NOT_CHECKED,NO_MOTION/NOT_CHECKED,no motion; geometry not checked,False,False,False,,,,,,,,
130,dwell_end,False,16.520000457763672,0.0,32.993,33.102,16.520000457763672,16.520000457763672,33.191,33.363,16.520000457763672,16.520000457763672,1118,678,1118,0.006654231809079647,0.015430535189807415,0.05079632277964354,True,0.03939473947439925,0.07838499130471262,nan,nan,nan,nan,nan,nan,nan,nan,nan,nan,0.17500626549674148,False,False,NO_MOTION,NOT_CHECKED,NO_MOTION/NOT_CHECKED,no motion; geometry not checked,False,False,False,,,,,,,,
131,dwell_end,False,16.520000457763672,0.0,33.191,33.363,16.520000457763672,16.520000457763672,33.458,33.602,16.520000457763672,16.520000457763672,1116,771,1116,0.007180682849138975,0.018079042434692383,0.06771888310767504,True,0.058231825005307346,0.1202669971463605,nan,nan,nan,nan,nan,nan,nan,nan,nan,nan,0.2685141336722507,False,False,NO_MOTION,NOT_CHECKED,NO_MOTION/NOT_CHECKED,no motion; geometry not checked,False,False,False,,,,,,,,
132,dwell_end,False,16.520000457763672,0.0,33.458,33.602,16.520000457763672,16.520000457763672,33.665,33.863,16.520000457763672,16.520000457763672,1090,767,1091,0.0070790257304906845,0.016591863706707954,0.05872336237861997,True,0.04794856228735992,0.10139602512062844,nan,nan,nan,nan,nan,nan,nan,nan,nan,nan,0.226381854449579,False,False,NO_MOTION,NOT_CHECKED,NO_MOTION/NOT_CHECKED,no motion; geometry not checked,False,False,False,,,,,,,,
133,dwell_end,False,16.520000457763672,0.0,33.665,33.863,16.520000457763672,16.520000457763672,33.954,34.1,16.520000457763672,16.520000457763672,1061,766,1061,0.006906688213348389,0.016218047589063644,0.05128906658188099,True,0.03970764554359649,0.07596826864944048,nan,nan,nan,nan,nan,nan,nan,nan,nan,nan,0.16961056920845066,False,False,NO_MOTION,NOT_CHECKED,NO_MOTION/NOT_CHECKED,no motion; geometry not checked,False,False,False,,,,,,,,
134,dwell_end,False,16.520000457763672,0.0,33.954,34.1,16.520000457763672,16.520000457763672,34.161,34.361,16.520000457763672,16.520000457763672,1081,754,1081,0.006539383437484503,0.01636766642332077,0.045116609943994176,True,0.033730288429879456,0.07677097239946767,nan,nan,nan,nan,nan,nan,nan,nan,nan,nan,0.17140272588607783,False,False,NO_MOTION,NOT_CHECKED,NO_MOTION/NOT_CHECKED,no motion; geometry not checked,False,False,False,,,,,,,,
135,dwell_end,False,16.520000457763672,0.0,34.161,34.361,16.520000457763672,16.520000457763672,34.455,34.6,16.520000457763672,16.520000457763672,1114,755,1116,0.00595296174287796,0.015883684158325195,0.028240502513270507,True,0.009994368734762641,0.04118978716347397,nan,nan,nan,nan,nan,nan,nan,nan,nan,nan,0.09196238601421923,False,False,NO_MOTION,NOT_CHECKED,NO_MOTION/NOT_CHECKED,no motion; geometry not checked,False,False,False,,,,,,,,
136,dwell_end,False,16.520000457763672,0.0,34.455,34.6,16.520000457763672,16.520000457763672,34.687,34.867,16.520000457763672,16.520000457763672,1091,747,1091,0.006635240279138088,0.015768850222229958,0.03575452649215641,True,0.018162507213131854,0.06022814936438224,nan,nan,nan,nan,nan,nan,nan,nan,nan,nan,0.13446838894280494,False,False,NO_MOTION,NOT_CHECKED,NO_MOTION/NOT_CHECKED,no motion; geometry not checked,False,False,False,,,,,,,,
137,dwell_end,False,16.520000457763672,0.0,34.687,34.867,16.520000457763672,16.520000457763672,34.933,35.1,16.520000457763672,16.520000457763672,1037,745,1037,0.006841725204139948,0.016510095447301865,0.04277075916487576,True,0.00814021487126589,0.13049058106937447,nan,nan,nan,nan,nan,nan,nan,nan,nan,nan,0.29133982023007565,False,False,NO_MOTION,NOT_CHECKED,NO_MOTION/NOT_CHECKED,no motion; geometry not checked,False,False,False,,,,,,,,
138,dwell_end,False,16.520000457763672,0.0,34.933,35.1,16.520000457763672,16.520000457763672,35.162,35.229,16.520000457763672,16.520000457763672,1101,743,1101,0.006130312103778124,0.014973529614508152,0.035662199794636903,True,0.008330631657123989,0.06065401802004733,nan,nan,nan,nan,nan,nan,nan,nan,nan,nan,0.13541920467652543,False,False,NO_MOTION,NOT_CHECKED,NO_MOTION/NOT_CHECKED,no motion; geometry not checked,False,False,False,,,,,,,,
139,dwell_end,False,16.520000457763672,0.0,35.162,35.229,16.520000457763672,16.520000457763672,35.34,35.462,16.520000457763672,16.520000457763672,1065,762,1065,0.007055437192320824,0.016486814245581627,0.03811388451518169,True,0.017970064597059042,0.08337844169645052,nan,nan,nan,nan,nan,nan,nan,nan,nan,nan,0.18615489344777567,False,False,NO_MOTION,NOT_CHECKED,NO_MOTION/NOT_CHECKED,no motion; geometry not checked,False,False,False,,,,,,,,
140,dwell_end,False,16.520000457763672,0.0,35.34,35.462,16.520000457763672,16.520000457763672,35.576,35.729,16.520000457763672,16.520000457763672,1083,748,1083,0.006259303539991379,0.015587309375405312,0.0325197891306555,True,0.016957950889771894,0.05811404111276048,nan,nan,nan,nan,nan,nan,nan,nan,nan,nan,0.12974832475942183,False,False,NO_MOTION,NOT_CHECKED,NO_MOTION/NOT_CHECKED,no motion; geometry not checked,False,False,False,,,,,,,,
141,return,False,16.42640037536621,-0.09360008239746165,35.576,35.729,16.520000457763672,16.520000457763672,35.79,35.961,16.520000457763672,16.416000366210938,1065,747,1065,0.00765262870118022,0.017124831676483154,0.07677336413238091,False,nan,nan,0.21653788157672202,0.30603455987661343,0.14228520950022752,0.22154548768544438,0.01659766963382465,0.06304725280352928,0.05263557472627793,0.03700434174222275,0.04639074017720892,0.05203998283058009,0.1175168257570089,False,False,NO_MOTION,BG_MISSING,NO_MOTION/BG_MISSING,no motion; background missing for verification,False,False,False,36,0.08473912904986433,0,nan,711,0.04487528419823041,12,0.045143922096311434
142,return,False,16.199200248718263,-0.2272001266479471,35.79,35.961,16.520000457763672,16.416000366210938,36.022,36.228,16.371999740600586,16.18000030517578,1071,692,1075,0.011425359174609184,0.026866460219025612,0.5579287461755332,False,nan,nan,1.091294125446473,1.4399236570087064,0.4949909115043614,0.7487174638876837,0.027872237417739674,0.08776149143654757,0.07478893174073611,0.07131534669261894,0.06162037487502324,0.054132236046741805,0.16697752243866154,False,False,NO_MOTION,BG_MISSING,NO_MOTION/BG_MISSING,no motion; background missing for verification,False,False,False,32,0.09718352548228743,4,0.2765517723177189,656,0.05977625381992774,8,0.04317901752619487
143,return,False,15.906299591064453,-0.29290065765381,36.022,36.228,16.371999740600586,16.18000030517578,36.37,36.461,16.025999069213867,15.892999649047852,1063,778,1065,0.011831535957753658,0.027093123644590378,0.7498327603183956,False,nan,nan,1.4713665783632979,1.9853205947096484,0.15196533165394363,0.247369959043795,0.01987441946396319,0.08163203883813559,0.06600052670732959,0.06262555402918524,0.07488333807197142,0.055228463621707,0.14735608829713892,False,False,NO_MOTION,BG_MISSING,NO_MOTION/BG_MISSING,no motion; background missing for verification,False,False,False,33,0.10051444585353585,10,0.2498082322291323,735,0.07381412560499691,7,0.018430201479849192
144,return,False,15.45769968032837,-0.44859991073608363,36.37,36.461,16.025999069213867,15.892999649047852,36.603,36.732,15.680000305175781,15.432999610900879,1092,731,1096,0.012120677158236504,0.030084902420639992,1.192965152428279,False,nan,nan,2.1512260972666084,3.0700152140753643,0.4916477819674879,1.0660466033300988,0.023427034795739942,0.08000885772737229,0.07471960876967898,0.06961726612684527,0.14507436844031452,0.05326417049612801,0.1668227484943654,False,False,NO_MOTION,BG_MISSING,NO_MOTION/BG_MISSING,no motion; background missing for verification,False,False,False,39,0.21926988352123564,5,0.442245153346928,687,0.14389770813979022,9,0.014066537004034792
145,return,False,14.969600200653076,-0.4880994796752933,36.603,36.732,15.680000305175781,15.432999610900879,36.824,36.962,15.262999534606934,14.937000274658203,1081,806,1087,0.01287075038999319,0.033149849623441696,1.2700063505326913,False,nan,nan,2.6571997385356045,3.6012893249310602,0.10916734918170579,0.24315472222965845,0.027791800786847367,0.08737445665415985,0.07972890544712034,0.06943625127468316,0.14994430247129165,0.054973591445227066,0.17800675565813914,False,False,NO_MOTION,BG_MISSING,NO_MOTION/BG_MISSING,no motion; background missing for verification,False,False,False,35,0.23124675811706433,12,0.46355272459447905,759,0.14522596776636706,11,0.03780538239564005
146,return,False,14.302200317382812,-0.6673998832702637,36.824,36.962,15.262999534606934,14.937000274658203,37.04,37.228,14.762999534606934,14.25100040435791,1032,820,1045,0.015038015320897102,0.037466201931238174,1.8044300766722632,False,nan,nan,3.430502016985758,4.845928269982936,0.1584615174479844,0.45213454539571396,0.03343342546932562,0.18790258555758171,0.17041681718483098,0.16197852175365687,0.22022325602066173,0.057510087275980636,0.38048113876061784,False,False,NO_MOTION,BG_MISSING,NO_MOTION/BG_MISSING,no motion; background missing for verification,False,False,False,38,0.2739513928106583,12,0.6040594708463911,770,0.21358475447645048,14,0.023472531513262854
147,return,False,13.635400390625,-0.6667999267578129,37.04,37.228,14.762999534606934,14.25100040435791,37.296,37.461,14.079999923706055,13.586000442504883,974,779,987,0.014364834874868393,0.03738052025437355,1.7642111415830821,False,nan,nan,3.6116609873464744,4.829716664979243,0.7522397477648635,1.0076266294173069,0.034601970256646866,0.1211885519380474,0.11698632470601347,0.11157499097381295,0.23429750159712964,0.05834621950248156,0.2611895397347287,False,False,NO_MOTION,BG_MISSING,NO_MOTION/BG_MISSING,no motion; background missing for verification,False,False,False,32,0.26714361762743055,18,0.5745564675085792,729,0.23166286180988213,11,0.03419716214612717
148,return,False,12.748600006103516,-0.886800384521484,37.296,37.461,14.079999923706055,13.586000442504883,37.568,37.73,13.267000198364258,12.690999984741211,891,827,925,0.018004439771175385,0.0459558367729187,2.3252524456264,False,nan,nan,5.03619266887848,7.578553296430924,0.08966887993324503,0.21476819869548167,0.03455761321737174,0.17948154583675774,0.1741578704354415,0.14924345646587106,0.30188482001742295,0.06368289744596255,0.3888336020002793,False,False,NO_MOTION,BG_MISSING,NO_MOTION/BG_MISSING,no motion; background missing for verification,False,False,False,36,0.30520367088897815,9,0.9729007367296106,782,0.299845852646747,14,0.06107895344763789
149,return,False,11.915500354766845,-0.8330996513366706,37.568,37.73,13.267000198364258,12.690999984741211,37.789,37.963,12.505000114440918,11.850000381469727,885,848,919,0.018714740872383118,0.045760344713926315,2.1960897556161356,False,nan,nan,3.484425331307141,5.636962590139393,0.15241652573653144,0.25699748781593,0.035112007177160495,0.18315970196338238,0.16533043467715014,0.13950563174236452,0.3292374625661807,0.0655131520621717,0.3691250259035426,False,False,NO_MOTION,BG_MISSING,NO_MOTION/BG_MISSING,no motion; background missing for verification,False,False,False,40,0.12098483425026971,14,0.9512597499069353,794,0.3275617842039981,17,0.053149121914821816
150,return,False,10.910699653625489,-1.004800701141356,37.789,37.963,12.505000114440918,11.850000381469727,38.056,38.231,11.538000106811523,10.840999603271484,932,939,988,0.019108440726995468,0.052211418747901917,2.339665063171446,False,nan,nan,4.64477404277619,7.724768398742952,0.6959241027430452,1.0628866781906068,0.04039428329572945,0.22618856230745826,0.21045587697308432,0.15865258227032286,0.3651580624774329,0.06037805737614983,0.4698743530853312,False,False,NO_MOTION,BG_MISSING,NO_MOTION/BG_MISSING,no motion; background missing for verification,False,False,False,35,0.3605237557891543,16,1.0478812534711874,888,0.35650413691914085,15,0.06821024718909668
151,return,False,10.007499599456787,-0.9032000541687015,38.056,38.231,11.538000106811523,10.840999603271484,38.296,38.464,10.614999771118164,9.9399995803833,926,968,976,0.017562776803970337,0.04695591330528259,2.20691509589325,False,nan,nan,3.5113869095446395,5.966172661913026,0.26918063104756307,0.9218978502314124,0.03806407401672915,0.2328578819968159,0.11743496607490338,0.10141244506161523,0.37033106113675873,0.057405223519557555,0.2621911989708897,False,False,NO_MOTION,BG_MISSING,NO_MOTION/BG_MISSING,no motion; background missing for verification,False,False,False,40,0.22566738381707097,14,0.9369329390330859,914,0.3642657239168863,21,0.1011459356807961
152,return,False,8.927300357818604,-1.0801992416381836,38.296,38.464,10.614999771118164,9.9399995803833,38.568,38.732,9.5600004196167,8.857000350952148,835,964,897,0.01975395157933235,0.04959121346473694,2.5911095086570546,False,nan,nan,6.24362525336756,9.86142423461026,0.5242316909429726,0.8337498465527415,0.05180088372636717,0.25621053793595583,0.2286312510472739,0.20273858894650593,0.4308097890041536,0.06197115244377133,0.5104536054113945,False,False,NO_MOTION,BG_MISSING,NO_MOTION/BG_MISSING,no motion; background missing for verification,False,False,False,32,0.4617474928072312,20,0.8468883811426047,912,0.42045683760123254,19,0.22117556179499334
153,return,False,7.898699951171875,-1.0286004066467287,38.568,38.732,9.5600004196167,8.857000350952148,38.82,38.972,8.517000198364258,7.829999923706055,819,959,870,0.01692647486925125,0.047992635518312454,2.2863149159834455,False,nan,nan,5.406886279279211,8.24501368849478,2.453128549541262,4.623236669362936,0.03727582110877554,0.14299847586285924,0.1347870072907692,0.10699965066589354,0.33884447033012466,0.06324630985191038,0.3009322370368293,False,False,NO_MOTION,BG_MISSING,NO_MOTION/BG_MISSING,no motion; background missing for verification,False,False,False,38,0.36754096937819314,17,0.7792416827859047,904,0.3279219690200539,21,0.10198436527001117
154,return,False,6.77810001373291,-1.120599937438965,38.82,38.972,8.517000198364258,7.829999923706055,39.071,39.232,7.445000171661377,6.703999996185303,686,1005,764,0.020303014665842056,0.05556226521730423,2.9125743244615263,False,nan,nan,5.6295995534181955,8.498938205330418,0.42861241289043495,0.9524891194334506,0.03714457110771107,0.28758191510983366,0.2565181352539448,0.22952998173987513,0.4647993643422133,0.07706776554351719,0.5727152626510773,False,False,NO_MOTION,BG_MISSING,NO_MOTION/BG_MISSING,no motion; background missing for verification,False,False,False,33,0.4099162705629541,14,1.0258004141476675,958,0.459310110170974,18,0.20120338810043958
155,return,False,5.738100004196167,-1.040000009536743,39.071,39.232,7.445000171661377,6.703999996185303,39.32,39.464,6.3420000076293945,5.671000003814697,703,1011,765,0.019123105332255363,0.04891996458172798,2.4711349136797023,False,nan,nan,3.9938733680680905,6.129342644763087,0.040436734428330005,0.12421097265115014,0.04835114018471954,0.30930421514133855,0.297583469275301,0.26352284063875,0.3575341991117657,0.07446087126909445,0.6643997883342709,False,False,NO_MOTION,VERIFIED,NO_MOTION/VERIFIED,no motion; geometry verified by background,False,False,False,47,0.22319669353292937,12,0.7918205098640997,952,0.35843847766330933,34,0.16079650324208714
156,return,False,4.5934000492095945,-1.1446999549865726,39.32,39.464,6.3420000076293945,5.671000003814697,39.537,39.732,5.380000114440918,4.50600004196167,711,1015,811,0.021101951599121094,0.050102587789297104,2.8268765551426673,False,nan,nan,5.729074765254708,8.2463362280534,0.1531631683739761,0.288465131067989,0.13820900315142062,0.3626236187738091,0.3438065856760506,0.3319858225673342,0.49089838969518257,0.07578126604254415,0.7675998378114728,False,False,NO_MOTION,BG_MISSING,NO_MOTION/BG_MISSING,no motion; background missing for verification,False,False,False,41,0.3128076825163422,17,0.951214707470523,957,0.49247423281197894,24,0.1724436865668642
157,return,False,3.607900071144104,-0.9854999780654907,39.537,39.732,5.380000114440918,4.50600004196167,39.796,39.965,4.263999938964844,3.5350000858306885,733,1155,811,0.018465757369995117,0.04786044359207153,2.3650845003525722,False,nan,nan,5.767514106110618,8.102649488177397,0.030243766059648992,0.09979969564837556,0.06378319657545836,0.2890569598636472,0.2645304456961585,0.22928083686299455,0.41060671369704643,0.07291572993356449,0.5906039490584211,False,False,NO_MOTION,VERIFIED,NO_MOTION/VERIFIED,no motion; geometry verified by background,False,False,False,45,0.2755305176068713,11,0.7611052570902777,1099,0.41281958550927406,30,0.21415435511060252
158,return,False,2.5418999433517455,-1.0660001277923583,39.796,39.965,4.263999938964844,3.5350000858306885,40.024,40.231,3.296999931335449,2.4579999446868896,676,984,785,0.01823461428284645,0.04962135851383209,2.5625602651389574,False,nan,nan,6.05795175324937,8.659115434234828,0.11023823782572896,0.2787793203253465,0.043997153745070586,0.16011091047448514,0.14456210223007723,0.13139921676346655,0.4892212665442126,0.07329348566125576,0.3227566045813027,False,False,NO_MOTION,BG_MISSING,NO_MOTION/BG_MISSING,no motion; background missing for verification,False,False,False,34,0.29064828797816955,23,0.5258050875882954,927,0.4954621590264595,24,0.2508833079241489
159,return,False,1.6958999991416932,-0.8459999442100523,40.024,40.231,3.296999931335449,2.4579999446868896,40.316,40.464,2.171999931335449,1.6430000066757202,824,997,925,0.016521960496902466,0.046301666647195816,1.970813961317269,False,nan,nan,3.1133851482780583,4.632973871711668,0.04050503371836901,0.12417742045660055,0.030724238977084706,0.17515824463439186,0.1511562735473453,0.1388368176092914,0.36410980747720323,0.06216134903032744,0.3374790824061032,False,False,NO_MOTION,BG_MISSING,NO_MOTION/BG_MISSING,no motion; background missing for verification,False,False,False,45,0.25472686948243667,13,0.16348436844153688,939,0.3704316553997533,29,0.21647913556739537
160,return,False,0.896699994802475,-0.7992000043392182,40.316,40.464,2.171999931335449,1.6430000066757202,40.551,40.736,1.3799999952316284,0.8429999947547913,771,1151,845,0.016249027103185654,0.04622408747673035,2.003886011601363,False,nan,nan,5.367031839909773,7.213471321666211,0.12804196968981663,0.24156004350579874,0.040126978417414486,0.18808771793935405,0.1664396102475033,0.14550603351396993,0.3841192715699197,0.06666459699203195,0.3716014269481398,False,False,NO_MOTION,VERIFIED,NO_MOTION/VERIFIED,no motion; geometry verified by background,False,False,False,55,0.24810566176362037,16,0.5299759490177629,1080,0.39999299798640053,47,0.2319775434663511
161,return,False,0.3242000013589859,-0.5724999934434891,40.551,40.736,1.3799999952316284,0.8429999947547913,40.838,40.963,0.5960000157356262,0.2939999997615814,839,1020,893,0.013894851319491863,0.03937424346804619,1.4313389768765794,False,nan,nan,3.433922242664821,4.838930261877543,0.12958054819318807,0.31050837582275126,0.0322204548154536,0.10540162236051115,0.087654052619006,0.07932721652678995,0.2569718441421884,0.06412885445298777,0.19570083697368285,False,False,NO_MOTION,VERIFIED,NO_MOTION/VERIFIED,no motion; geometry verified by background,False,False,False,62,0.1656810630519054,12,0.30338513617193436,946,0.26801338056318,50,0.1323852622873708
162,return,False,-0.15560000017285347,-0.4798000015318394,40.838,40.963,0.5960000157356262,0.2939999997615814,41.066,41.232,0.10000000149011612,-0.18400000035762787,907,1036,950,0.012455696240067482,0.03367496654391289,1.2484755956483369,False,nan,nan,1.944020816324415,2.718098736875584,0.048956430712390274,0.15394507802223661,0.03375492658143253,0.10560849337906142,0.08586381436709895,0.07806488980820922,0.23258902542956603,0.06326101024823318,0.1917038612057359,False,False,NO_MOTION,VERIFIED,NO_MOTION/VERIFIED,no motion; geometry verified by background,False,False,False,49,0.17882747527069912,14,0.13230863820059927,973,0.24277963172502218,38,0.14915832224243736
163,return,False,-0.43839999437332156,-0.2827999942004681,41.066,41.232,0.10000000149011612,-0.18400000035762787,41.338,41.467,-0.3160000145435333,-0.4519999921321869,872,1200,898,0.011744106188416481,0.028362441807985306,0.7782684328358223,False,nan,nan,1.505377193995789,1.845149015701559,0.046702362158139527,0.08755128767802092,0.0253146593692066,0.10242079343554625,0.07818306682258733,0.0610167480593113,0.16878299523636447,0.06415527567046109,0.17455543876395868,False,False,NO_MOTION,VERIFIED,NO_MOTION/VERIFIED,no motion; geometry verified by background,False,False,False,54,0.10592476833528505,13,0.15377401009694194,1133,0.17203705254006815,43,0.09981313007077582
164,return,False,-0.6181000173091888,-0.1797000229358673,41.338,41.467,-0.3160000145435333,-0.4519999921321869,41.563,41.73,-0.5289999842643738,-0.628000020980835,947,1233,965,0.010615556500852108,0.02708319015800953,0.5771650238998828,False,nan,nan,1.2940266618106444,1.5801889039246892,0.1529433912735435,0.5000487272624581,0.027016764087267373,0.09865195900753825,0.06783688839911745,0.056976420045404555,0.15832532493258727,0.06096674997648162,0.15145604157176215,False,False,NO_MOTION,VERIFIED,NO_MOTION/VERIFIED,no motion; geometry verified by background,False,False,False,54,0.10354747691501716,7,0.05193007314874939,1172,0.16168972000074777,45,0.0907758318433634
165,return,False,-0.6966999888420105,-0.07859997153282161,41.563,41.73,-0.5289999842643738,-0.628000020980835,41.835,41.962,-0.6669999957084656,-0.699999988079071,908,1254,908,0.01040392741560936,0.028493607416749,0.23155029374032238,False,nan,nan,0.6948011889707988,0.8191427953856477,0.25397968120710257,0.43652319982800325,0.01865587384718094,0.07807246328553975,0.05745677260308024,0.038879458133342884,0.08138425497107558,0.06458950021618741,0.12828087409835592,False,False,NO_MOTION,VERIFIED,NO_MOTION/VERIFIED,no motion; geometry verified by background,False,False,False,59,0.04984976848975435,0,nan,1195,0.08404652997114279,50,0.04752041461765822
166,return,False,-0.3577999919652939,0.33889999687671657,41.835,41.962,-0.6669999957084656,-0.699999988079071,42.108,42.231,-0.7160000205039978,-0.3179999887943268,970,1167,971,0.010511808097362518,0.028012024238705635,0.19997560795419683,False,nan,nan,0.44199154595635515,0.5660733095073028,0.15415894589846854,0.37303244895575977,0.03764458021212769,0.18540191648105597,0.16448839181893488,0.15626359358809755,0.4309477511442182,0.06029454899672,0.3672450387586618,False,False,NO_MOTION,VERIFIED,NO_MOTION/VERIFIED,no motion; geometry verified by background,False,False,False,59,0.2446150800395436,0,nan,1108,0.45376777384014383,50,0.20912368517404278
167,return,False,-0.31979999244213103,0.03799999952316285,42.108,42.231,-0.7160000205039978,-0.3179999887943268,42.286,42.465,-0.3179999887943268,-0.3199999928474426,951,1330,952,0.009011732414364815,0.02394942194223404,0.13952708421026083,False,nan,nan,0.17764267763465263,0.2924744755942057,0.0997356017610768,0.22588171891605452,0.08125003356826446,0.14630343684984182,0.14187280264128918,0.14000026466005794,0.05806926690122896,0.06661192753287803,0.3167523393514177,False,False,NO_MOTION,VERIFIED,NO_MOTION/VERIFIED,no motion; geometry verified by background,False,False,False,63,0.036463822139152106,0,nan,1267,0.060470679808449807,54,0.03169677665476038
168,return,False,-0.3199999928474426,-0.00020000040531159557,42.286,42.465,-0.3179999887943268,-0.3199999928474426,42.548,42.732,-0.3199999928474426,-0.3199999928474426,955,1203,956,0.009223581291735172,0.02255169302225113,0.09888729579276655,True,0.08736041786296905,0.1736993933884302,nan,nan,nan,nan,nan,nan,nan,nan,nan,nan,0.38780998313552095,False,False,NO_MOTION,NOT_CHECKED,NO_MOTION/NOT_CHECKED,no motion; geometry not checked,False,False,False,,,,,,,,
169,return,False,-0.3199999928474426,0.0,42.548,42.732,-0.3199999928474426,-0.3199999928474426,42.827,42.968,-0.3199999928474426,-0.3199999928474426,987,1196,989,0.007329112850129604,0.018576717004179955,0.04469309464287487,True,0.03527068714768232,0.08777463724842781,nan,nan,nan,nan,nan,nan,nan,nan,nan,nan,0.1959700602691143,False,False,NO_MOTION,NOT_CHECKED,NO_MOTION/NOT_CHECKED,no motion; geometry not checked,False,False,False,,,,,,,,
170,return,False,-0.3199999928474426,0.0,42.827,42.968,-0.3199999928474426,-0.3199999928474426,43.061,43.23,-0.3199999928474426,-0.3199999928474426,970,1188,971,0.007194449659436941,0.01858111098408699,0.060533992435800814,True,0.04300165869610407,0.09798260872148676,nan,nan,nan,nan,nan,nan,nan,nan,nan,nan,0.21876088968762714,False,False,NO_MOTION,NOT_CHECKED,NO_MOTION/NOT_CHECKED,no motion; geometry not checked,False,False,False,,,,,,,,
