frame,phase,exposure,angle,dangle,t_req_a,t_sav_a,ab_a,aa_a,t_req_b,t_sav_b,ab_b,aa_b,n_body,n_bg,n_body_detected,fb_med_body,fb_p90_body,body_flow,same_angle,static_med,static_cl,affine_med,affine_cl,epi_img_med,epi_img_cl,epi_enc_med,epi_enc_cl,epi_enc_cl16,epi_enc_cl30,epi_enc_bg,epi_sens_px_per_deg,motion_mm,candidate_raw,accel_guard,motion_state,geometry_state,state,label,alarm_confirmed,alarm_any,alarm,n_bed,epi_bed,n_offplane,epi_offplane,n_floor,epi_floor,n_bed_near,epi_bed_near
2,approach,False,-0.00800000037997961,0.0,0.0,0.185,-0.00800000037997961,-0.00800000037997961,0.254,0.453,-0.00800000037997961,-0.00800000037997961,968,1248,968,0.008035802282392979,0.020162254571914673,0.08631230015790173,True,0.0808073103097803,0.16846669163306166,nan,nan,nan,nan,nan,nan,nan,nan,nan,nan,0.37612719058272986,False,False,NO_MOTION,NOT_CHECKED,NO_MOTION/NOT_CHECKED,no motion; geometry not checked,False,False,False,,,,,,,,
3,approach,False,-0.00800000037997961,0.0,0.254,0.453,-0.00800000037997961,-0.00800000037997961,0.548,0.69,-0.00800000037997961,-0.00800000037997961,921,1267,921,0.008118593133985996,0.02100975066423416,0.09618104423158869,True,0.08958283539272813,0.14734143345051043,nan,nan,nan,nan,nan,nan,nan,nan,nan,nan,0.3289618789504187,False,False,NO_MOTION,NOT_CHECKED,NO_MOTION/NOT_CHECKED,no motion; geometry not checked,False,False,False,,,,,,,,
4,approach,False,-0.00800000037997961,0.0,0.548,0.69,-0.00800000037997961,-0.00800000037997961,0.778,0.955,-0.00800000037997961,-0.00800000037997961,954,1291,954,0.006209021899849176,0.015824774280190468,0.039039683912357334,True,0.019644827472533287,0.06663205900932888,nan,nan,nan,nan,nan,nan,nan,nan,nan,nan,0.14876607900931255,False,False,NO_MOTION,NOT_CHECKED,NO_MOTION/NOT_CHECKED,no motion; geometry not checked,False,False,False,,,,,,,,
5,approach,False,-0.00800000037997961,0.0,0.778,0.955,-0.00800000037997961,-0.00800000037997961,1.049,1.189,-0.00800000037997961,-0.00800000037997961,986,1295,986,0.00652790442109108,0.01608697697520256,0.02573500605944635,True,0.002320408383941905,0.03903592481229873,nan,nan,nan,nan,nan,nan,nan,nan,nan,nan,0.08715356483303287,False,False,NO_MOTION,NOT_CHECKED,NO_MOTION/NOT_CHECKED,no motion; geometry not checked,False,False,False,,,,,,,,
6,approach,False,-0.00800000037997961,0.0,1.049,1.189,-0.00800000037997961,-0.00800000037997961,1.284,1.449,-0.00800000037997961,-0.00800000037997961,967,1286,968,0.010297591798007488,0.029964901506900787,0.1501731105112891,True,0.13257064746518363,0.30105417130234374,nan,nan,nan,nan,nan,nan,nan,nan,nan,nan,0.6721486518640702,True,False,SUSPECT,NOT_CHECKED,SUSPECT/NOT_CHECKED,motion suspected; geometry not checked,False,False,False,,,,,,,,
7,approach,False,-0.00800000037997961,0.0,1.284,1.449,-0.00800000037997961,-0.00800000037997961,1.552,1.687,-0.00800000037997961,-0.00800000037997961,910,1335,911,0.014147138223052025,0.035536739975214005,0.29620640019509453,True,0.24096360485204577,0.37087852841880775,nan,nan,nan,nan,nan,nan,nan,nan,nan,nan,0.8280420158393307,True,False,SUSPECT,NOT_CHECKED,SUSPECT/NOT_CHECKED,motion suspected; geometry not checked,False,False,False,,,,,,,,
8,approach,False,-0.00800000037997961,0.0,1.552,1.687,-0.00800000037997961,-0.00800000037997961,1.746,1.948,-0.00800000037997961,-0.00800000037997961,909,1314,911,0.010671774856746197,0.027278199791908264,0.1656547881340949,True,0.15522431835111739,0.24506060730156012,nan,nan,nan,nan,nan,nan,nan,nan,nan,nan,0.5471346107252945,True,False,SUSPECT,NOT_CHECKED,SUSPECT/NOT_CHECKED,motion suspected; geometry not checked,False,False,False,,,,,,,,
9,approach,False,-0.00800000037997961,0.0,1.746,1.948,-0.00800000037997961,-0.00800000037997961,2.054,2.184,-0.00800000037997961,-0.00800000037997961,947,1299,947,0.006714976858347654,0.01810389757156372,0.07158585127774487,True,0.06371688464461224,0.13008296554682727,nan,nan,nan,nan,nan,nan,nan,nan,nan,nan,0.29042975735742466,False,False,NO_MOTION,NOT_CHECKED,NO_MOTION/NOT_CHECKED,no motion; geometry not checked,False,False,False,,,,,,,,
10,approach,False,-0.00800000037997961,0.0,2.054,2.184,-0.00800000037997961,-0.00800000037997961,2.276,2.447,-0.00800000037997961,-0.00800000037997961,953,1290,955,0.007788860704749823,0.019595196470618248,0.09938822829996362,True,0.07316304450239691,0.1362190086706268,nan,nan,nan,nan,nan,nan,nan,nan,nan,nan,0.30412939518539434,False,False,NO_MOTION,NOT_CHECKED,NO_MOTION/NOT_CHECKED,no motion; geometry not checked,False,False,False,,,,,,,,
11,approach,False,-0.00800000037997961,0.0,2.276,2.447,-0.00800000037997961,-0.00800000037997961,2.695,2.948,-0.00800000037997961,-0.00800000037997961,901,1315,902,0.007521762978285551,0.018260939046740532,0.06921986251640727,True,0.061747492583242795,0.11135928959277193,nan,nan,nan,nan,nan,nan,nan,nan,nan,nan,0.24862633873673062,False,False,NO_MOTION,NOT_CHECKED,NO_MOTION/NOT_CHECKED,no motion; geometry not checked,False,False,False,,,,,,,,
12,approach,False,-0.00800000037997961,0.0,2.695,2.948,-0.00800000037997961,-0.00800000037997961,3.013,3.184,-0.00800000037997961,-0.00800000037997961,925,1293,926,0.006614645477384329,0.017759716138243675,0.05841515080495649,True,0.052638546852149776,0.09703807220925534,nan,nan,nan,nan,nan,nan,nan,nan,nan,nan,0.21665207006693782,False,False,NO_MOTION,NOT_CHECKED,NO_MOTION/NOT_CHECKED,no motion; geometry not checked,False,False,False,,,,,,,,
13,approach,False,-0.00800000037997961,0.0,3.013,3.184,-0.00800000037997961,-0.00800000037997961,3.299,3.451,-0.00800000037997961,-0.00800000037997961,953,1289,954,0.007387523539364338,0.017920201644301414,0.057773111411354786,True,0.04961954555133521,0.1156150484102727,nan,nan,nan,nan,nan,nan,nan,nan,nan,nan,0.2581279594565745,False,False,NO_MOTION,NOT_CHECKED,NO_MOTION/NOT_CHECKED,no motion; geometry not checked,False,False,False,,,,,,,,
14,approach,False,-0.00800000037997961,0.0,3.299,3.451,-0.00800000037997961,-0.00800000037997961,3.55,3.686,-0.00800000037997961,-0.00800000037997961,941,1276,941,0.006583031266927719,0.017117919400334358,0.0416936577460438,True,0.02920494710784093,0.06577012661381802,nan,nan,nan,nan,nan,nan,nan,nan,nan,nan,0.1468416854852688,False,False,NO_MOTION,NOT_CHECKED,NO_MOTION/NOT_CHECKED,no motion; geometry not checked,False,False,False,,,,,,,,
15,approach,False,-0.11060000127181412,-0.1026000008918345,3.55,3.686,-0.00800000037997961,-0.00800000037997961,3.778,3.951,-0.00800000037997961,-0.12200000137090683,961,1283,961,0.006154874339699745,0.016037531197071075,0.03585670062088741,False,nan,nan,0.10643351205615496,0.16751247077458803,0.07146692898487311,0.12709475285237068,0.016891550865882118,0.06695626540019627,0.0520525475620005,0.04208025739767208,0.0855881951082165,0.0626070080702728,0.11621513004964185,False,False,NO_MOTION,VERIFIED,NO_MOTION/VERIFIED,no motion; geometry verified by background,False,False,False,48,0.05482105954684564,0,nan,1235,0.08753839006087895,41,0.0471322250752694
16,approach,False,-0.4603999972343445,-0.34979999596253036,3.778,3.951,-0.00800000037997961,-0.12200000137090683,4.05,4.182,-0.24799999594688416,-0.48399999737739563,936,1291,956,0.011985892429947853,0.03128466755151749,0.5597396526857079,False,nan,nan,1.2765448788109341,1.458041499255458,0.20372008335900377,0.29582953810094714,0.03626887057180356,0.12859212744525184,0.10758719936085279,0.08343187469929852,0.049498904620888184,0.06606244415488581,0.2402045807749457,False,False,NO_MOTION,VERIFIED,NO_MOTION/VERIFIED,no motion; geometry verified by background,False,False,False,45,0.04034605343439189,8,0.20166239505266237,1238,0.04961580285020126,36,0.04445917508425529
17,approach,False,-0.9843000411987305,-0.5239000439643859,4.05,4.182,-0.24799999594688416,-0.48399999737739563,4.263,4.451,-0.6269999742507935,-1.0240000486373901,880,1207,910,0.012346386909484863,0.03144468739628792,1.1543216873525548,False,nan,nan,3.215990669354823,4.105578888596812,0.13848724631999482,0.34566644930427814,0.02682247573887926,0.09673092441724757,0.0888801998027258,0.07629329859791441,0.1424979535071516,0.0669699796470707,0.19843839471274005,False,False,NO_MOTION,VERIFIED,NO_MOTION/VERIFIED,no motion; geometry verified by background,False,False,False,52,0.054915381124059505,10,0.27895390216038163,1145,0.1477338769923473,44,0.04074105153692773
18,approach,False,-1.4996999740600585,-0.515399932861328,4.263,4.451,-0.6269999742507935,-1.0240000486373901,4.533,4.685,-1.1820000410079956,-1.534999966621399,873,1189,911,0.010417764075100422,0.030421577394008636,1.1629633536713748,False,nan,nan,1.7859311729599063,2.4245166084683163,0.09289173858211072,0.19897423910055953,0.022495732148767614,0.08861229794561837,0.08378469159454349,0.08069057271205238,0.1475181277511921,0.06298385112683064,0.1870619073587335,False,False,NO_MOTION,VERIFIED,NO_MOTION/VERIFIED,no motion; geometry verified by background,False,False,False,50,0.07747021987038068,9,0.1766002241044237,1130,0.14981301603530722,40,0.07133923856957822
19,approach,False,-2.054099977016449,-0.5544000029563905,4.533,4.685,-1.1820000410079956,-1.534999966621399,4.745,4.951,-1.649999976158142,-2.0989999771118164,854,1071,890,0.011451086029410362,0.03199385851621628,1.3307079898216534,False,nan,nan,3.2750074514459246,4.482707599911876,0.14360766499747585,0.2843174472257606,0.02626985896221056,0.10789702848213684,0.09015145155181156,0.08122390093555808,0.20958140881319032,0.06486695638753343,0.20127665516809748,False,False,NO_MOTION,VERIFIED,NO_MOTION/VERIFIED,no motion; geometry verified by background,False,False,False,44,0.11063693216901171,9,0.2716687914530045,1018,0.21864602019028606,36,0.096574176572482
20,approach,False,-2.5461999416351317,-0.4920999646186828,4.745,4.951,-1.649999976158142,-2.0989999771118164,5.013,5.184,-2.2149999141693115,-2.5829999446868896,904,1082,942,0.011271221563220024,0.031153811141848564,1.1123827950517031,False,nan,nan,2.814164265405929,3.7044765821033474,0.303004081908994,0.7017711677957391,0.02469686847564772,0.1285339541982242,0.10380060512254422,0.09665812726174071,0.15982376240481416,0.06560384100806438,0.2317504404405827,False,False,NO_MOTION,VERIFIED,NO_MOTION/VERIFIED,no motion; geometry verified by background,False,False,False,50,0.0888844722113766,13,0.16054682005800988,1019,0.16272427843499146,41,0.08042610051461381
21,approach,False,-3.1049999475479124,-0.5588000059127807,5.013,5.184,-2.2149999141693115,-2.5829999446868896,5.249,5.452,-2.7090001106262207,-3.1489999294281006,917,1185,969,0.012686065398156643,0.033817823976278305,1.3062519800119294,False,nan,nan,2.0950503564287866,2.8826176115691595,0.1563099750701258,0.41193325854126955,0.031163979778798975,0.1024740186847319,0.08671126667370901,0.07351469573992858,0.1920990801428434,0.06561152234780904,0.19359592575658713,False,False,NO_MOTION,VERIFIED,NO_MOTION/VERIFIED,no motion; geometry verified by background,False,False,False,54,0.11484410649201902,11,0.14056686287130005,1120,0.19697331983638716,44,0.09578768419307482
22,approach,False,-3.6053000688552856,-0.5003001213073732,5.249,5.452,-2.7090001106262207,-3.1489999294281006,5.538,5.684,-3.319999933242798,-3.63700008392334,948,1192,965,0.012128842994570732,0.031810078769922256,1.1271256036791333,False,nan,nan,2.720241177532485,3.8689162736139884,0.1288805787512441,0.39032369459671423,0.02678369389763484,0.12054932440790386,0.09492499292119114,0.08467743435246669,0.1752891344060501,0.06520511980525556,0.21193430319923395,False,False,NO_MOTION,VERIFIED,NO_MOTION/VERIFIED,no motion; geometry verified by background,False,False,False,50,0.11417620314733257,13,0.19286881647350804,1129,0.18271237981514202,41,0.09852581004210799
23,approach,False,-4.156899929046631,-0.5515998601913452,5.538,5.684,-3.319999933242798,-3.63700008392334,5.786,5.948,-3.8410000801086426,-4.191999912261963,1050,1157,1123,0.012217517010867596,0.03211047872900963,1.263310928883115,False,nan,nan,2.0983554630228594,2.88371098123236,0.043247891156286675,0.35831013855689925,0.030113414140207177,0.11853046858236978,0.11516208149792727,0.0933194964644494,0.2091011974079745,0.057059719749674304,0.25711664279500845,False,False,NO_MOTION,VERIFIED,NO_MOTION/VERIFIED,no motion; geometry verified by background,False,False,False,48,0.130720984664494,12,0.19736129076474634,1097,0.21826589128051005,41,0.11301359916141801
24,approach,False,-4.649000024795532,-0.492100095748901,5.786,5.948,-3.8410000801086426,-4.191999912261963,6.054,6.186,-4.396999835968018,-4.677000045776367,1011,1124,1047,0.0109586575999856,0.029330505058169365,1.0638771113908598,False,nan,nan,1.7900801731014102,2.527259385262207,0.44631902335152546,0.7067190945073121,0.025823647119931847,0.1123283298157587,0.10354158452909677,0.08488320036284686,0.1548907207965246,0.05686558363073323,0.23117213806417788,False,False,NO_MOTION,VERIFIED,NO_MOTION/VERIFIED,no motion; geometry verified by background,False,False,False,51,0.09157015390266429,7,0.10422347369953949,1066,0.16481501261542947,43,0.0780002157651334
25,approach,False,-5.19220004081726,-0.5432000160217285,6.054,6.186,-4.396999835968018,-4.677000045776367,6.246,6.451,-4.797999858856201,-5.236000061035156,924,1195,961,0.012174163945019245,0.03343642130494118,1.2748791145777179,False,nan,nan,3.101380535244375,4.490482705653008,0.2373075772286397,0.3454030155796284,0.02690750959414169,0.09482142909487944,0.07136203061266018,0.06884810189672796,0.21457659312083968,0.059901064958760436,0.15932645099413253,False,False,NO_MOTION,VERIFIED,NO_MOTION/VERIFIED,no motion; geometry verified by background,False,False,False,60,0.13610168741546555,13,0.7867404551969241,1122,0.2254929479745726,46,0.10943697052065382
26,approach,False,-5.689899873733521,-0.4976998329162603,6.246,6.451,-4.797999858856201,-5.236000061035156,6.553,6.682,-5.427999973297119,-5.718999862670898,1003,1204,1070,0.01196304615586996,0.030167575925588608,1.0845162338430216,False,nan,nan,1.978546249412921,2.578473599701092,0.09133351019721594,0.20387339540640614,0.031860844702606576,0.11862470928410007,0.09693480068011867,0.08523889514308478,0.1720194389592794,0.05663145311073939,0.21642150086809606,False,False,NO_MOTION,VERIFIED,NO_MOTION/VERIFIED,no motion; geometry verified by background,False,False,False,63,0.1283947047551812,15,0.17659401741417544,1126,0.17994796430539145,49,0.11436424766144979
27,approach,False,-6.2464001178741455,-0.5565002441406248,6.553,6.682,-5.427999973297119,-5.718999862670898,6.787,6.947,-5.934999942779541,-6.281000137329102,997,1117,1084,0.011762695387005806,0.0313015952706337,1.2445034087394817,False,nan,nan,2.95617527685357,4.201494724509317,0.33758800087976876,0.65547244713048,0.02637077292955597,0.09962054789520497,0.09414285661312277,0.07848335590866015,0.1967220196668024,0.05775072894902561,0.21018806642474286,False,False,NO_MOTION,VERIFIED,NO_MOTION/VERIFIED,no motion; geometry verified by background,False,False,False,53,0.14267961912049568,16,0.16194896109740575,1048,0.20574666522353852,41,0.12328753293294716
28,approach,False,-6.740900039672852,-0.49449992179870605,6.787,6.947,-5.934999942779541,-6.281000137329102,7.053,7.182,-6.48799991607666,-6.769000053405762,987,1122,1042,0.011863450519740582,0.031542371958494186,1.0866530408005948,False,nan,nan,2.6692254448891264,3.7332290729765027,0.2719479120663039,0.3742906194138238,0.03647438143839183,0.12981714413559692,0.1278660961061202,0.11174306844923607,0.16008948124136851,0.057183878941540894,0.2854802633860109,False,False,NO_MOTION,VERIFIED,NO_MOTION/VERIFIED,no motion; geometry verified by background,False,False,False,60,0.12069438090753176,13,0.1816791092786241,1049,0.1660451426555814,46,0.1140171736616659
29,approach,False,-7.297200107574463,-0.5563000679016117,7.053,7.182,-6.48799991607666,-6.769000053405762,7.283,7.45,-6.966000080108643,-7.334000110626221,998,1135,1087,0.011813214980065823,0.03307906538248062,1.2823587864690702,False,nan,nan,3.0098762751039922,4.330852485294276,0.17111002012189236,0.2750964186654569,0.03040011636631968,0.1182286953388399,0.11252862343879697,0.1050577500524677,0.21584374642449805,0.057186667784399486,0.2512370521667579,False,False,NO_MOTION,VERIFIED,NO_MOTION/VERIFIED,no motion; geometry verified by background,False,False,False,52,0.18223717996763972,10,0.12480223586267772,1073,0.22192752435012109,38,0.11188392705221414
30,approach,False,-8.057500171661378,-0.7603000640869144,7.283,7.45,-6.966000080108643,-7.334000110626221,7.579,7.819,-7.593999862670898,-8.109000205993652,959,1138,1100,0.013316473923623562,0.034715436398983,1.7619769503194143,False,nan,nan,3.9288489340280153,5.737636955920621,0.04796415410783957,0.20268736654467384,0.03669139310869017,0.1512316186811421,0.129769348547571,0.12351482228920146,0.30634815483137856,0.05793660883875184,0.2897295603053796,False,False,NO_MOTION,VERIFIED,NO_MOTION/VERIFIED,no motion; geometry verified by background,False,False,False,59,0.22622030573062543,13,0.1687470270900736,1066,0.32532647320132924,47,0.22195301960637018
31,approach,False,-8.706800365447998,-0.6493001937866207,7.579,7.819,-7.593999862670898,-8.109000205993652,7.888,8.122,-8.246000289916992,-8.758000373840332,924,1234,975,0.010103198699653149,0.028550410643219948,1.2573596926806598,False,nan,nan,2.947828553940867,4.217544867088741,0.6483369134851201,0.852744640058297,0.03352995939428989,0.11704951771643662,0.112031319517605,0.10174363311708783,0.11907896759643716,0.05686056195876865,0.2501267464740983,False,False,NO_MOTION,VERIFIED,NO_MOTION/VERIFIED,no motion; geometry verified by background,False,False,False,57,0.07956574018129772,15,0.49630504637854367,1162,0.12239378768972634,45,0.06974812383967587
32,approach,False,-9.129399967193603,-0.4225996017456044,7.888,8.122,-8.246000289916992,-8.758000373840332,8.183,8.316,-8.871999740600586,-9.157999992370605,940,1239,973,0.011584386229515076,0.03282707929611206,1.111296511132743,False,nan,nan,2.3139144229387356,3.298703185247802,0.19846685591706575,0.4946447795876081,0.03081907378312419,0.11377051806815502,0.10320589731892259,0.09221622405997451,0.2687456729274968,0.062203755615224336,0.23042266595159921,False,False,NO_MOTION,VERIFIED,NO_MOTION/VERIFIED,no motion; geometry verified by background,False,False,False,61,0.17997690482445072,17,0.2876719361017805,1161,0.2848885665341199,46,0.16172165173318603
33,approach,False,-9.669699764251709,-0.5402997970581058,8.183,8.316,-8.871999740600586,-9.157999992370605,8.407,8.585,-9.333999633789062,-9.706999778747559,971,1232,1065,0.011730198748409748,0.030489321798086166,1.2701539712707908,False,nan,nan,2.9799845332310886,4.228947132932816,0.07215735575997176,0.2074545264248739,0.028569930705266127,0.14708668213072248,0.13767556547704174,0.13145191070205667,0.24574304407344127,0.05914739777335323,0.3073813770116552,False,False,NO_MOTION,VERIFIED,NO_MOTION/VERIFIED,no motion; geometry verified by background,False,False,False,58,0.14612855268509217,15,0.31346199106004047,1159,0.2533475163174752,44,0.1189453382290852
34,approach,False,-10.14259967803955,-0.4728999137878418,8.407,8.585,-9.333999633789062,-9.706999778747559,8.692,8.813,-9.904999732971191,-10.168999671936035,1031,1244,1110,0.011614374816417694,0.030794836580753326,1.0730311187027122,False,nan,nan,2.5349757023577792,3.7749113765120184,0.021809503732795166,0.12652838388272183,0.028768840215543684,0.10370809750492328,0.09251163096904051,0.0812994243338144,0.20468702244517525,0.05486736607731784,0.20654611018539593,False,False,NO_MOTION,VERIFIED,NO_MOTION/VERIFIED,no motion; geometry verified by background,False,False,False,63,0.12218245856930458,22,0.2841668466023597,1159,0.21376093877719146,49,0.08908578075417371
35,approach,False,-10.692200088500977,-0.5496004104614265,8.692,8.813,-9.904999732971191,-10.168999671936035,8.914,9.083,-10.361000061035156,-10.729000091552734,1036,1240,1127,0.013157280161976814,0.03397657349705696,1.2494061355055615,False,nan,nan,2.63121433923485,3.7312077724613046,0.16025159402176659,0.2998623107948932,0.02486952438663874,0.09861811865437858,0.08083166088582192,0.07039065374893258,0.23662068858467214,0.05663575172292151,0.18046882279460358,False,False,NO_MOTION,VERIFIED,NO_MOTION/VERIFIED,no motion; geometry verified by background,False,False,False,66,0.1537376468207491,15,0.2603472963489658,1159,0.25204017507155385,49,0.13335619832829987
36,approach,False,-11.194799995422363,-0.502599906921386,8.914,9.083,-10.361000061035156,-10.729000091552734,9.184,9.318,-10.932000160217285,-11.223999977111816,1038,1219,1107,0.01195828802883625,0.031446423381567,1.0750913399102482,False,nan,nan,2.3937369856324167,3.4465316089212243,0.2005632726805188,0.2568584169353316,0.02667746122476002,0.10423938403590921,0.08851932799998975,0.0702083035424109,0.17979666019174007,0.058536628612874085,0.1976326942148679,False,False,NO_MOTION,VERIFIED,NO_MOTION/VERIFIED,no motion; geometry verified by background,False,False,False,68,0.12252521294872808,15,0.1433098722562153,1136,0.1911823356753113,50,0.1024281976587132
37,approach,False,-11.74119987487793,-0.5463998794555671,9.184,9.318,-10.932000160217285,-11.223999977111816,9.416,9.58,-11.40999984741211,-11.777999877929688,1035,1223,1096,0.012257661670446396,0.0339004248380661,1.2290283042830368,False,nan,nan,2.4400324347029656,3.5856464460561317,0.11379563714088078,0.4176028544025946,0.027423270833622407,0.1176452519336634,0.10471662092547371,0.08760385373196107,0.24549897138440424,0.05548133806832389,0.23379558329431488,False,False,NO_MOTION,VERIFIED,NO_MOTION/VERIFIED,no motion; geometry verified by background,False,False,False,70,0.1268838369591455,18,0.5035137394461536,1135,0.25417895507437166,55,0.10105070478200856
38,approach,False,-12.248399925231933,-0.5072000503540028,9.416,9.58,-11.40999984741211,-11.777999877929688,9.682,9.814,-11.982000350952148,-12.277999877929688,1049,1243,1127,0.01161100622266531,0.03101636841893196,1.0479276682465217,False,nan,nan,2.349856669333512,3.287101080722911,0.05243087369304319,0.22141896947845643,0.02769486235410341,0.11468488454570608,0.10169597733495869,0.08598116563874034,0.17721696726462366,0.05435229469668734,0.22705154281700324,False,False,NO_MOTION,VERIFIED,NO_MOTION/VERIFIED,no motion; geometry verified by background,False,False,False,66,0.09856028078895171,16,0.15120887162896868,1161,0.1860443170237449,49,0.06791086787139229
39,approach,False,-12.818699550628661,-0.5702996253967285,9.682,9.814,-11.982000350952148,-12.277999877929688,9.918,10.082,-12.491999626159668,-12.854999542236328,1031,1244,1116,0.012485979124903679,0.032765038311481476,1.2495649391824308,False,nan,nan,2.450649423292617,3.6745805602062656,0.07631447061262343,0.2768371720227557,0.025930076288472093,0.1044848621902193,0.08089723118990678,0.0716109551231072,0.23235339882834954,0.0556036122721236,0.18061521834628222,False,False,NO_MOTION,VERIFIED,NO_MOTION/VERIFIED,no motion; geometry verified by background,False,False,False,67,0.15722377121205092,21,0.18347852777767487,1156,0.2547253630327804,49,0.1076618745482671
40,approach,False,-13.307300281524657,-0.4886007308959961,9.918,10.082,-12.491999626159668,-12.854999542236328,10.175,10.316,-13.031000137329102,-13.338000297546387,1027,1286,1084,0.012597107328474522,0.032160744071006775,1.0526782614739922,False,nan,nan,2.149075064014778,3.1795917427800986,0.5128655709810757,0.630639175049969,0.023267871428886377,0.0993699957596463,0.09330146189471869,0.05838568877856791,0.19838580900380326,0.0534027697073762,0.2083095263493327,False,False,NO_MOTION,VERIFIED,NO_MOTION/VERIFIED,no motion; geometry verified by background,False,False,False,68,0.11560042175633262,20,0.21113030712686315,1198,0.20966475291425948,48,0.08634870620930388
41,approach,False,-13.845499992370605,-0.538199710845948,10.175,10.316,-13.031000137329102,-13.338000297546387,10.378,10.583,-13.454000473022461,-13.888999938964844,1004,1285,1049,0.01203033234924078,0.033508166670799255,1.2325626419254312,False,nan,nan,2.6035766811980694,3.680193079239637,0.15877840489506226,0.912176152537061,0.024996296148162494,1.2649405151283122,0.08891392791227944,0.07467848167821109,0.2699455296561706,0.05486782480461321,0.19851369778284314,False,False,NO_MOTION,VERIFIED,NO_MOTION/VERIFIED,no motion; geometry verified by background,False,False,False,68,0.17761873593938024,21,0.4092844926397906,1196,0.27795904341076616,46,0.11096951424940975
42,approach,False,-14.360100269317627,-0.5146002769470215,10.378,10.583,-13.454000473022461,-13.888999938964844,10.687,10.817,-14.090999603271484,-14.390000343322754,1003,1319,1058,0.011786107905209064,0.0331103689968586,1.096695024792304,False,nan,nan,2.1345682929152563,3.0935921679593705,0.08466276584351728,0.17118937943495416,0.025088711958189354,0.11482552268369046,0.07442864276389106,0.06270189406204754,0.18721389339924932,0.05483061922413518,0.1661731231871239,False,False,NO_MOTION,VERIFIED,NO_MOTION/VERIFIED,no motion; geometry verified by background,False,False,False,70,0.08955179376465378,21,0.2193952158117922,1228,0.19736377170510122,49,0.06141980466004438
43,approach,False,-14.886500072479247,-0.5263998031616204,10.687,10.817,-14.090999603271484,-14.390000343322754,10.925,11.085,-14.585000038146973,-14.920000076293945,950,1323,1028,0.012031877413392067,0.03241235762834549,1.2439053463510494,False,nan,nan,2.0993254634723355,3.0400646063815486,0.1729640412261746,0.5255056137164245,0.025263050516547775,0.14286539177487595,0.0944367738776019,0.08092973385917877,0.2818203617655929,0.05799818330121323,0.21084428086025325,False,False,NO_MOTION,VERIFIED,NO_MOTION/VERIFIED,no motion; geometry verified by background,False,False,False,68,0.18637514481308165,21,0.2684691827896576,1234,0.29079495952186296,43,0.1374290056025405
44,approach,False,-15.387300300598145,-0.5008002281188979,10.925,11.085,-14.585000038146973,-14.920000076293945,11.233,11.321,-15.128999710083008,-15.416000366210938,1015,1314,1050,0.011597683653235435,0.03122769296169281,1.0972437195556104,False,nan,nan,2.623283120202142,3.697510399238383,0.37427690849883516,0.5503362423387943,0.02603157324581323,0.1252735759971906,0.0903204230501071,0.07150115019366837,0.2087474766589864,0.05601355863463574,0.2016539094153696,False,False,NO_MOTION,VERIFIED,NO_MOTION/VERIFIED,no motion; geometry verified by background,False,False,False,69,0.11851815223628759,25,0.30630036226179647,1220,0.22234984815330994,44,0.08495815374195326
45,approach,False,-15.938900375366211,-0.551600074768066,11.233,11.321,-15.128999710083008,-15.416000366210938,11.423,11.582,-15.61400032043457,-15.975000381469727,1018,1278,1080,0.012588676065206528,0.03563690185546875,1.2369412102761155,False,nan,nan,2.9334532049919053,4.174145056716954,0.11227275534538178,0.36686081224006645,0.025067053403328102,0.1080183325305247,0.10155535650841871,0.07622492179891362,0.2526046903562268,0.05506420103902003,0.22673758570232858,False,False,NO_MOTION,VERIFIED,NO_MOTION/VERIFIED,no motion; geometry verified by background,False,False,False,64,0.1384126558804175,22,0.44919472315985043,1192,0.2590616938471315,40,0.09263878581556725
46,approach,False,-16.45480079650879,-0.5159004211425771,11.423,11.582,-15.61400032043457,-15.975000381469727,11.672,11.815,-16.1560001373291,-16.488000869750977,1065,1314,1104,0.012677840888500214,0.03515326604247093,1.1053321766051474,False,nan,nan,2.105299495596143,3.065612199747534,0.029574593067195343,0.47560775753646434,0.026358362996628377,0.35303660365892675,0.08750056366407206,0.06490405496262396,0.20332425945688695,0.05306750996324265,0.1953581498297427,False,False,NO_MOTION,VERIFIED,NO_MOTION/VERIFIED,no motion; geometry verified by background,False,False,False,61,0.12375827580066781,23,0.33461841966291145,1230,0.20510524411547243,37,0.09209611984411877
47,approach,False,-16.827500915527345,-0.3727001190185568,11.672,11.815,-16.1560001373291,-16.488000869750977,11.905,12.081,-16.634000778198242,-16.849000930786133,1026,1176,1073,0.011786365881562233,0.03165297955274582,1.153859398408673,False,nan,nan,2.414520674539157,3.4474705666598826,0.14355035137254268,0.26402914318361415,0.031143634141260597,0.09374895500856595,0.09086946648746694,0.08067439938568352,0.3167029657422197,0.05311139687258678,0.20287973134847814,False,False,NO_MOTION,VERIFIED,NO_MOTION/VERIFIED,no motion; geometry verified by background,False,False,False,72,0.17068042532771494,37,0.3592796962532097,1067,0.3241567426457098,40,0.13186500271078444
48,approach,False,-16.91129951477051,-0.08379859924316335,11.905,12.081,-16.634000778198242,-16.849000930786133,12.17,12.317,-16.886999130249023,-16.913999557495117,1105,1282,1110,0.009770392440259457,0.02718343958258629,0.3374705806789282,False,nan,nan,0.9083371164639956,1.0487229449159055,0.44105494775354387,0.6990777714062759,0.027618151496233992,0.11327135020845774,0.0897292781022691,0.07878876229920595,0.16762114674156375,0.05132649162991977,0.20033408953701778,False,False,NO_MOTION,VERIFIED,NO_MOTION/VERIFIED,no motion; geometry verified by background,False,False,False,99,0.11456763781172583,0,nan,1183,0.17552186378724666,67,0.11145132055616105
49,dwell_start,False,-16.51379985809326,0.3974996566772475,12.17,12.317,-16.886999130249023,-16.913999557495117,12.38,12.586,-16.511999130249023,-16.513999938964844,996,1170,996,0.006670171394944191,0.01698056235909462,0.057826947353382924,False,nan,nan,0.19251722779627445,0.253688487180154,0.022811137365063055,0.08897406053288778,0.03281379799856695,0.13907758985157997,0.11966605594824327,0.1098958595538079,0.4472977979139348,0.05949734379906453,0.2671724421938808,False,False,NO_MOTION,VERIFIED,NO_MOTION/VERIFIED,no motion; geometry verified by background,False,False,False,99,0.28134894404402877,0,nan,1071,0.4920310740425076,63,0.2506816060531436
50,dwell_start,False,-16.513999938964844,-0.0002000808715827418,12.38,12.586,-16.511999130249023,-16.513999938964844,12.646,12.814,-16.513999938964844,-16.513999938964844,1093,1169,1093,0.0063669937662780285,0.017507091164588928,0.025649659881844967,True,0.0094047376557407,0.04664593655116048,nan,nan,nan,nan,nan,nan,nan,nan,nan,nan,0.10414405896509625,False,False,NO_MOTION,NOT_CHECKED,NO_MOTION/NOT_CHECKED,no motion; geometry not checked,False,False,False,,,,,,,,
51,dwell_start,False,-16.517000198364258,-0.0030002593994140625,12.646,12.814,-16.513999938964844,-16.513999938964844,12.872,13.084,-16.517000198364258,-16.517000198364258,1088,1290,1088,0.006793365813791752,0.018886176869273186,0.04189564899774626,True,0.012504864412915276,0.06764063660948977,nan,nan,nan,nan,nan,nan,nan,nan,nan,nan,0.15101787997694513,False,False,NO_MOTION,NOT_CHECKED,NO_MOTION/NOT_CHECKED,no motion; geometry not checked,False,False,False,,,,,,,,
52,dwell_start,False,-16.517000198364258,0.0,12.872,13.084,-16.517000198364258,-16.517000198364258,13.145,13.313,-16.517000198364258,-16.517000198364258,1018,1196,1018,0.006290345918387175,0.015891876071691513,0.034150991031406536,True,0.021432418917425047,0.06655773269228141,nan,nan,nan,nan,nan,nan,nan,nan,nan,nan,0.14860013434365532,False,False,NO_MOTION,NOT_CHECKED,NO_MOTION/NOT_CHECKED,no motion; geometry not checked,False,False,False,,,,,,,,
53,dwell_start,False,-16.517000198364258,0.0,13.145,13.313,-16.517000198364258,-16.517000198364258,13.407,13.58,-16.517000198364258,-16.517000198364258,953,1306,953,0.0070455302484333515,0.017842451110482216,0.050407441000293374,True,0.04149121365539377,0.08466293409820275,nan,nan,nan,nan,nan,nan,nan,nan,nan,nan,0.18902271564878523,False,False,NO_MOTION,NOT_CHECKED,NO_MOTION/NOT_CHECKED,no motion; geometry not checked,False,False,False,,,,,,,,
54,dwell_start,False,-16.517000198364258,0.0,13.407,13.58,-16.517000198364258,-16.517000198364258,13.674,13.815,-16.517000198364258,-16.517000198364258,966,1183,966,0.007355710957199335,0.020275702700018883,0.07295068689494026,True,0.06631091435868981,0.12148643369599031,nan,nan,nan,nan,nan,nan,nan,nan,nan,nan,0.27123670891285184,False,False,NO_MOTION,NOT_CHECKED,NO_MOTION/NOT_CHECKED,no motion; geometry not checked,False,False,False,,,,,,,,
55,dwell_start,False,-16.517000198364258,0.0,13.674,13.815,-16.517000198364258,-16.517000198364258,13.906,14.085,-16.517000198364258,-16.517000198364258,1108,1255,1109,0.006649119779467583,0.018813788890838623,0.03834232957790028,True,0.018712733308613852,0.07132717014306861,nan,nan,nan,nan,nan,nan,nan,nan,nan,nan,0.15924861976017898,False,False,NO_MOTION,NOT_CHECKED,NO_MOTION/NOT_CHECKED,no motion; geometry not checked,False,False,False,,,,,,,,
56,dwell_start,False,-16.517000198364258,0.0,13.906,14.085,-16.517000198364258,-16.517000198364258,14.176,14.314,-16.517000198364258,-16.517000198364258,1017,1199,1017,0.006257815286517143,0.017778882756829262,0.029197773422555678,True,0.010226660826988166,0.03980692304328897,nan,nan,nan,nan,nan,nan,nan,nan,nan,nan,0.08887493417765235,False,False,NO_MOTION,NOT_CHECKED,NO_MOTION/NOT_CHECKED,no motion; geometry not checked,False,False,False,,,,,,,,
57,dwell_start,False,-16.517000198364258,0.0,14.176,14.314,-16.517000198364258,-16.517000198364258,14.414,14.583,-16.517000198364258,-16.517000198364258,1128,1178,1128,0.006928665563464165,0.02009638585150242,0.031339887161216266,True,0.01260678662141023,0.055265925621307416,nan,nan,nan,nan,nan,nan,nan,nan,nan,nan,0.12338947917474866,False,False,NO_MOTION,NOT_CHECKED,NO_MOTION/NOT_CHECKED,no motion; geometry not checked,False,False,False,,,,,,,,
58,dwell_start,False,-16.517000198364258,0.0,14.414,14.583,-16.517000198364258,-16.517000198364258,14.695,14.948,-16.517000198364258,-16.517000198364258,1119,1247,1119,0.005988447926938534,0.016871722415089607,0.02722237215125679,True,0.005274345550057261,0.04192355625919476,nan,nan,nan,nan,nan,nan,nan,nan,nan,nan,0.09360063572301643,False,False,NO_MOTION,NOT_CHECKED,NO_MOTION/NOT_CHECKED,no motion; geometry not checked,False,False,False,,,,,,,,
59,sweep,True,-16.48820056915283,0.028799629211427202,14.695,14.948,-16.517000198364258,-16.517000198364258,15.015,15.181,-16.517000198364258,-16.485000610351562,1073,1183,1073,0.006654301658272743,0.016820121556520462,0.026846547774908337,False,nan,nan,0.045959470272199585,0.12597306837375755,0.013894594058754015,0.0703556660737843,0.013453052470073312,0.08449131200032943,0.059571711575475306,0.04800401565171418,0.026485331333622263,0.05258447403721448,0.1330027929906289,False,False,NO_MOTION,VERIFIED,NO_MOTION/VERIFIED,no motion; geometry verified by background,False,False,False,97,0.02111536927037099,0,nan,1086,0.027494530523278927,64,0.0210724106834315
60,sweep,True,-16.287299156188965,0.20090141296386577,15.015,15.181,-16.517000198364258,-16.485000610351562,15.214,15.317,-16.45199966430664,-16.268999099731445,1060,1183,1061,0.009106822311878204,0.023015078157186508,0.16280884917179592,False,nan,nan,0.5269771556431297,0.6531606721648167,0.2902469138845843,0.4406448119333368,0.017468811987740075,0.07957716561716764,0.05619521712752724,0.046148234094817206,0.09361067105976979,0.05383366946369765,0.1254642620299149,False,False,NO_MOTION,VERIFIED,NO_MOTION/VERIFIED,no motion; geometry verified by background,False,False,False,100,0.07075473428091886,0,nan,1083,0.09661832996646853,68,0.061947635290868074
61,sweep,True,-15.794099807739258,0.49319934844970703,15.214,15.317,-16.45199966430664,-16.268999099731445,15.386,15.581,-16.155000686645508,-15.753999710083008,1064,1179,1102,0.012901727110147476,0.035833802074193954,1.069545665676165,False,nan,nan,2.1177463091672317,3.11128025945746,0.18066854855956907,0.5569332737973582,0.02249792798977191,0.10000265859605381,0.0625581881969042,0.05949241969437468,0.14845049083483214,0.051784252920174766,0.1396705505780202,False,False,NO_MOTION,BG_MISSING,NO_MOTION/BG_MISSING,no motion; background missing for verification,False,False,False,56,0.09675700324509029,24,0.30388053489915257,1099,0.1521365148751927,28,0.049804597262022354
62,sweep,True,-15.281299591064453,0.5128002166748047,15.386,15.581,-16.155000686645508,-15.753999710083008,15.666,15.813,-15.571999549865723,-15.24899959564209,1068,1181,1113,0.012702956795692444,0.034104909747838974,1.0676963114040268,False,nan,nan,2.0180824666933983,2.9648894349243746,0.08460737748980039,0.305053364984293,0.023519407411471967,0.29287037160197843,0.08430352694238631,0.07913688249095718,0.15811097254869652,0.050769591362852216,0.18822028519513206,False,False,NO_MOTION,VERIFIED,NO_MOTION/VERIFIED,no motion; geometry verified by background,False,False,False,64,0.07382881802530078,27,0.2209526970155869,1090,0.1610971974977069,35,0.053622933487666384
63,sweep,True,-14.72679967880249,0.5544999122619636,15.666,15.813,-15.571999549865723,-15.24899959564209,15.877,16.081,-15.121000289916992,-14.682999610900879,1061,1286,1112,0.012765689752995968,0.036430396139621735,1.2861765199512254,False,nan,nan,2.170864839267565,3.2645188813620423,0.2513407584607282,0.336748894629075,0.02690621148097564,0.10030256645632493,0.08702735646715426,0.07363050632557376,0.2560291445204257,0.05303124025023708,0.19430164369304065,False,False,NO_MOTION,VERIFIED,NO_MOTION/VERIFIED,no motion; geometry verified by background,False,False,False,67,0.1588846559177127,40,0.23956506551487872,1179,0.2735061181548138,38,0.10658517999165787
64,sweep,True,-14.243199634552003,0.48360004425048686,15.877,16.081,-15.121000289916992,-14.682999610900879,16.155,16.313,-14.550999641418457,-14.208999633789062,956,1263,979,0.011489695869386196,0.03221071511507034,1.1156133910325834,False,nan,nan,2.0663771905679056,3.0521965713259562,0.118814311390217,0.35452794243155383,0.024782062877843854,0.1093565383391455,0.08969028976382648,0.08515390016169869,0.21746687392653158,0.05785507788675492,0.2002470422159019,False,False,NO_MOTION,VERIFIED,NO_MOTION/VERIFIED,no motion; geometry verified by background,False,False,False,60,0.11889799203989451,23,0.3337295999861413,1180,0.22912609347959156,40,0.08893440342522128
65,sweep,True,-13.698400211334228,0.5447994232177749,16.155,16.313,-14.550999641418457,-14.208999633789062,16.405,16.581,-14.03499984741211,-13.66100025177002,946,1287,1009,0.012002531439065933,0.033937789499759674,1.2598312126135984,False,nan,nan,2.7054112604369474,3.88487718520903,0.028083364605490144,0.1727170157241346,0.023909516786753807,0.09215839719893047,0.09033363786485261,0.0746555456161897,0.24050813620681055,0.054512118921160244,0.20168341347398272,False,False,NO_MOTION,VERIFIED,NO_MOTION/VERIFIED,no motion; geometry verified by background,False,False,False,70,0.11154682120137532,30,0.2989454650709079,1187,0.24925181303366406,43,0.08700366175357956
66,sweep,True,-13.19769983291626,0.5007003784179673,16.405,16.581,-14.03499984741211,-13.66100025177002,16.673,16.817,-13.473999977111816,-13.166999816894531,959,1301,995,0.012269432656466961,0.03282012417912483,1.1034140174174913,False,nan,nan,2.7357217607212436,3.7111527591514,0.26274274342582904,0.5464779112746587,0.019735833951533405,0.09304234951444748,0.08116543225197172,0.07422990147864514,0.20228475751801256,0.055323710733199485,0.1812140174976629,False,False,NO_MOTION,VERIFIED,NO_MOTION/VERIFIED,no motion; geometry verified by background,False,False,False,72,0.10536310143608305,20,0.25421043256177234,1209,0.2123622662929821,49,0.0800793314208687
67,sweep,True,-12.65439968109131,0.5433001518249512,16.673,16.817,-13.473999977111816,-13.166999816894531,16.905,17.078,-12.991000175476074,-12.616999626159668,1006,1271,1076,0.012279989197850227,0.032052181661129,1.2561108930914053,False,nan,nan,2.6918294081859617,3.8428672250958122,0.0925590156379484,0.32973936594103603,0.0271850026180418,0.10935104149564592,0.07798387831702808,0.07026566684408464,0.2686927574476335,0.055346569099380696,0.17411072050976778,False,False,NO_MOTION,VERIFIED,NO_MOTION/VERIFIED,no motion; geometry verified by background,False,False,False,62,0.1582639972382467,17,0.314703696998981,1192,0.28503700053679726,41,0.11300011930650518
68,sweep,True,-12.152100086212158,0.5022995948791511,16.905,17.078,-12.991000175476074,-12.616999626159668,17.183,17.313,-12.413999557495117,-12.123000144958496,1053,1315,1117,0.012117323465645313,0.03129453957080841,1.0830552773023738,False,nan,nan,2.308610526467261,3.307658675529082,0.10794473896226746,0.3007578896260811,0.023769438639208867,0.09181883952226358,0.08699959202011881,0.06492551518043382,0.18659184948516014,0.052885110475256736,0.19423965539517418,False,False,NO_MOTION,VERIFIED,NO_MOTION/VERIFIED,no motion; geometry verified by background,False,False,False,68,0.08383336042250053,19,0.22583792227894173,1228,0.19733142838696094,46,0.06918387627640665
69,sweep,True,-11.460199928283691,0.6919001579284672,17.183,17.313,-12.413999557495117,-12.123000144958496,17.384,17.645,-11.975000381469727,-11.402999877929688,1018,1259,1102,0.011929064989089966,0.03469731658697128,1.256844720145801,False,nan,nan,2.442761571128465,3.6593016393077664,0.10299932319270906,0.23474837224767675,0.02297149616828011,0.12758102453635412,0.084630869550558,0.06617411993054323,0.08802722568060725,0.054451576341730534,0.1889511267304892,False,False,NO_MOTION,VERIFIED,NO_MOTION/VERIFIED,no motion; geometry verified by background,False,False,False,64,0.04853232039005307,22,0.19329476044920285,1173,0.0913365490257463,46,0.048544862075807715
70,sweep,True,-11.044400119781494,0.41579980850219656,17.384,17.645,-11.975000381469727,-11.402999877929688,17.727,17.815,-11.227999687194824,-11.02400016784668,1023,1265,1094,0.011628478765487671,0.034861378371715546,1.0846685989744722,False,nan,nan,2.3603921445755267,3.4051600083534384,0.028399535102285572,0.11205193814976698,0.026390907974646712,0.09897750015052117,0.07571114337190316,0.06941530397079151,0.28949457638888443,0.05564321133498522,0.16903649840946705,False,False,NO_MOTION,VERIFIED,NO_MOTION/VERIFIED,no motion; geometry verified by background,False,False,False,63,0.1612950965445086,17,0.2666419323444878,1185,0.3054458674885868,45,0.1285677764673279
71,sweep,True,-10.51070032119751,0.5336997985839851,17.727,17.815,-11.227999687194824,-11.02400016784668,17.917,18.079,-10.831999778747559,-10.475000381469727,997,1268,1070,0.013063520193099976,0.03464358299970627,1.2774488418410908,False,nan,nan,2.635057553400639,3.714665625928861,0.06710499306570342,0.235056550885067,0.04837705685077085,0.16248453373950056,0.14083896187397005,0.13691447931271625,0.26042946795669686,0.056937827096392446,0.31444413456890435,False,False,NO_MOTION,VERIFIED,NO_MOTION/VERIFIED,no motion; geometry verified by background,False,False,False,58,0.16297948358503805,21,0.24491430199148417,1189,0.2705406547519362,40,0.11683081229177086
72,sweep,True,-10.0157000541687,0.49500026702880895,17.917,18.079,-10.831999778747559,-10.475000381469727,18.178,18.32,-10.282999992370605,-9.986000061035156,1012,1253,1066,0.012672916054725647,0.03490084782242775,1.093850418085502,False,nan,nan,2.1615471387731113,3.2354555723602694,0.06687729844489144,0.23454626375697693,0.04753340949501206,0.1540248097748697,0.13500468673954374,0.11843641266416548,0.189252461678112,0.05826254980284511,0.3014182390988482,False,False,NO_MOTION,VERIFIED,NO_MOTION/VERIFIED,no motion; geometry verified by background,False,False,False,57,0.13638337271595083,22,0.37044358704827796,1174,0.19158344100456354,43,0.11882610196348374
73,sweep,True,-9.485400390625,0.5302996635437012,18.178,18.32,-10.282999992370605,-9.986000061035156,18.377,18.582,-9.87600040435791,-9.442000389099121,1016,1255,1111,0.012754112482070923,0.03333643078804016,1.2809404385564034,False,nan,nan,2.667038642483161,3.759466660236727,0.10332258863365826,0.31937578944325384,0.05353350618397304,0.26588315614199776,0.24684732458445438,0.2208945628221215,0.25639903893143784,0.05577507747368378,0.5511237254011165,False,False,NO_MOTION,VERIFIED,NO_MOTION/VERIFIED,no motion; geometry verified by background,False,False,False,77,0.1624842931975823,16,0.2834744105382574,1162,0.2766547565078673,55,0.1308144410154898
74,sweep,True,-8.983200073242188,0.5022003173828118,18.377,18.582,-9.87600040435791,-9.442000389099121,18.672,18.816,-9.255000114440918,-8.95300006866455,1018,1260,1103,0.014291634783148766,0.03808434680104256,1.1654852867381904,False,nan,nan,2.587868359714255,3.690637281793715,0.3526060332897322,0.9424569609354213,0.09007678374382919,0.5809447118847957,0.5746731917865553,0.5510293269989754,0.1824426619968233,0.056881988700755726,1.283044209122866,True,False,SUSPECT,VERIFIED,SUSPECT/VERIFIED,motion suspected; geometry verified by background,True,True,True,66,0.10770157041086495,19,0.33193205941998555,1175,0.19140082070358297,49,0.07792608140852625
75,sweep,True,-8.447199821472168,0.5360002517700195,18.672,18.816,-9.255000114440918,-8.95300006866455,18.907,19.083,-8.781999588012695,-8.40999984741211,964,1262,1083,0.013533229008316994,0.03780350461602211,1.3778171546751725,False,nan,nan,2.868156769543093,3.795555159996415,0.22891815532752866,1.888678560745399,0.05354624193443655,2.0758866858624847,2.056959712680371,2.007640656230098,0.2449218339939877,0.05759071430944843,4.592471487227167,True,False,SUSPECT,VERIFIED,SUSPECT/VERIFIED,motion suspected; geometry verified by background,True,True,True,68,0.18596924059801012,18,0.2506556103393194,1176,0.25811260413359616,50,0.14364307839690765
76,sweep,True,-7.951199960708618,0.4959998607635496,18.907,19.083,-8.781999588012695,-8.40999984741211,19.176,19.313,-8.222999572753906,-7.921000003814697,991,1238,1089,0.014302687719464302,0.03869976848363876,1.2312647936619818,False,nan,nan,2.546482621181975,3.5834119045997292,0.50610583678035,1.2195983969895465,0.07665123995453775,1.5715205460672645,1.5421545927954283,1.4694478419296622,0.18859340170359823,0.05806515071078766,3.443091740032508,True,False,SUSPECT,VERIFIED,SUSPECT/VERIFIED,motion suspected; geometry verified by background,True,True,True,63,0.1020971805283562,14,0.6006495501851246,1161,0.20340908545324848,48,0.08620461258379042
77,sweep,True,-7.37579984664917,0.5754001140594482,19.176,19.313,-8.222999572753906,-7.921000003814697,19.414,19.583,-7.716000080108643,-7.3379998207092285,946,1260,1100,0.016897281631827354,0.05184371769428253,1.3687709122252125,False,nan,nan,3.1751923848039576,4.0324681203579615,0.11679266097219564,2.3362571137252806,0.0970672751950356,2.486453710668538,2.439318531900121,2.3490457507105282,0.21986939666714456,0.05756810700462037,5.446144976470369,True,False,SUSPECT,VERIFIED,SUSPECT/VERIFIED,motion suspected; geometry verified by background,True,True,True,57,0.1664325477155795,15,0.350654360172369,1188,0.22845169206867327,39,0.13253488398957558
78,sweep,True,-6.8747998714447025,0.5009999752044676,19.414,19.583,-7.716000080108643,-7.3379998207092285,19.678,19.815,-7.1519999504089355,-6.843999862670898,927,1301,1043,0.013798029161989689,0.04022287204861641,1.2137306609428349,False,nan,nan,2.6935128954255987,3.2427565955133266,0.052026826439315874,2.713675084170705,0.04581932372178137,2.7121150412509936,2.672305143947055,2.6605676318077434,0.17434377704365683,0.057382819687559206,5.9663225794322345,True,False,SUSPECT,VERIFIED,SUSPECT/VERIFIED,motion suspected; geometry verified by background,True,True,True,61,0.1258894115475176,11,0.16064825286189371,1229,0.18437138979503517,44,0.09668189885513068
79,sweep,True,-6.323700094223023,0.5510997772216797,19.678,19.815,-7.1519999504089355,-6.843999862670898,19.914,20.082,-6.644999980926514,-6.288000106811523,874,1238,1055,0.016454732045531273,0.046851594001054764,1.413482925424817,False,nan,nan,3.606829157616872,4.471836253752797,0.3957542486471041,5.2549172652166,0.07710137709086773,5.07530878422393,5.020033756749228,4.9405676516573696,0.24222710229332323,0.06102677124647779,11.20797930589859,True,False,SUSPECT,VERIFIED,SUSPECT/VERIFIED,motion suspected; geometry verified by background,True,True,True,58,0.15006873605379784,12,0.1618151330757429,1168,0.25367173470431903,43,0.12018285834425015
80,sweep,True,-5.842899894714355,0.4808001995086677,19.914,20.082,-6.644999980926514,-6.288000106811523,20.163,20.311,-6.130000114440918,-5.810999870300293,931,1273,1063,0.013975851237773895,0.040191277861595154,1.1963510160752937,False,nan,nan,2.4591426379395234,5.6662067348887035,0.06528531236115216,2.6887403914690475,0.07840328736381419,2.9256585149865053,2.886101402067428,2.865551820517532,0.20004828648460649,0.05826847603653179,6.443654835110808,True,False,SUSPECT,VERIFIED,SUSPECT/VERIFIED,motion suspected; geometry verified by background,True,True,True,59,0.12906986644774865,8,0.18330495614844527,1206,0.21146581250102908,46,0.11172977381858018
81,sweep,True,-5.2711999893188475,0.5716999053955076,20.163,20.311,-6.130000114440918,-5.810999870300293,20.371,20.587,-5.696000099182129,-5.223999977111816,832,1234,921,0.015070442110300064,0.043604109436273575,1.412198039723723,False,nan,nan,3.9429429712025166,5.153013995346815,0.4883893879303035,3.713351403329977,0.10040280322583467,3.4385249350981226,3.4161493359439037,3.3404382930658585,0.2175877672063521,0.06670154676303809,7.627066453814513,True,False,SUSPECT,VERIFIED,SUSPECT/VERIFIED,motion suspected; geometry verified by background,True,True,True,51,0.15188417759731754,7,0.2345428118120283,1176,0.2320498767209908,40,0.12566380233908828
82,sweep,True,-4.767399835586548,0.5038001537322998,20.371,20.587,-5.696000099182129,-5.223999977111816,20.715,20.812,-4.960000038146973,-4.745999813079834,934,1245,1077,0.014774076640605927,0.04590791463851929,1.1725842201538277,False,nan,nan,2.6390271138758656,3.6227104176727827,0.048483607259762834,2.8234568654006083,0.04426472582537436,2.9021114637477368,2.8677123468131036,2.817663979478943,0.16507144386320893,0.05762844111459442,6.402598507457952,True,False,SUSPECT,VERIFIED,SUSPECT/VERIFIED,motion suspected; geometry verified by background,True,True,True,56,0.09437680911743102,9,0.08276475662584785,1180,0.17372058327280115,45,0.07478624814182012
83,sweep,True,-4.232200002670288,0.5351998329162599,20.715,20.812,-4.960000038146973,-4.745999813079834,20.887,21.078,-4.603000164031982,-4.190999984741211,888,1238,1069,0.017397187650203705,0.043380968272686005,1.376627759958327,False,nan,nan,3.4470053739786293,4.365431723548939,0.08273560102364998,4.8935053393524885,0.15014786754001738,5.128786989907276,5.097352352983511,5.033400552449304,0.24918946518729646,0.06045579712846312,11.380604684241888,True,False,SUSPECT,VERIFIED,SUSPECT/VERIFIED,motion suspected; geometry verified by background,True,True,True,44,0.17325372233241648,8,0.0908058037034812,1186,0.26206967018028793,33,0.16757393432857715
84,sweep,True,-3.7424000978469847,0.48979990482330305,20.887,21.078,-4.603000164031982,-4.190999984741211,21.145,21.314,-4.070000171661377,-3.7060000896453857,869,1219,1000,0.012560236267745495,0.03891957178711891,1.1665371715421795,False,nan,nan,3.226369795752051,4.108028076755964,0.0958635152981017,2.1519866508431567,0.054620044689985055,2.253937953694579,2.195805061606628,2.1248806899944483,0.2021112832343148,0.05826040920957273,4.9024645814754955,True,False,SUSPECT,VERIFIED,SUSPECT/VERIFIED,motion suspected; geometry verified by background,True,True,True,41,0.11383312171879324,8,0.17788515289493417,1170,0.20867673208110019,32,0.10776225162023789
85,sweep,True,-3.172499990463257,0.5699001073837278,21.145,21.314,-4.070000171661377,-3.7060000896453857,21.415,21.584,-3.509999990463257,-3.134999990463257,891,1044,1043,0.014366553165018559,0.039142221212387085,1.306285212022332,False,nan,nan,3.0045929217469696,4.255529733120789,0.20247799813078257,2.4288293625106765,0.06060310318253088,2.2886959315989746,2.2831359539769984,2.2037267178509996,0.20566390879152335,0.05951986159274003,5.097443914659622,True,False,SUSPECT,VERIFIED,SUSPECT/VERIFIED,motion suspected; geometry verified by background,True,True,True,40,0.13204106030341278,4,1.1036700728508169,1000,0.2148785815238772,33,0.11876000859396446
86,sweep,True,-2.6946000337600706,0.4778999567031863,21.415,21.584,-3.509999990463257,-3.134999990463257,21.667,21.812,-2.9700000286102295,-2.6640000343322754,945,1053,1072,0.014570185914635658,0.039584480226039886,1.100142616968279,False,nan,nan,2.655956819104061,3.717460951960911,0.2598469484144369,2.2752021101271165,0.07854648462147998,2.0464351648638144,2.0278092269439343,1.9671681644658299,0.2126954478038294,0.059534561699137456,4.527388649795721,True,False,SUSPECT,VERIFIED,SUSPECT/VERIFIED,motion suspected; geometry verified by background,True,True,True,38,0.14196253371794104,6,1.8227804320263026,1009,0.22447000481976986,31,0.12182210841452566
87,sweep,True,-2.1138999700546264,0.5807000637054442,21.667,21.812,-2.9700000286102295,-2.6640000343322754,21.917,22.087,-2.4549999237060547,-2.0759999752044678,977,1028,1089,0.012994182296097279,0.04123556986451149,1.156684099162014,False,nan,nan,2.886864796186087,3.9476989136937446,0.15823310352647948,0.422860764923507,0.05730330643023996,0.7012404056096894,0.6864123884111589,0.6382907630033858,0.20878295446463951,0.059385247213320225,1.5325187473652693,True,False,SUSPECT,VERIFIED,SUSPECT/VERIFIED,motion suspected; geometry verified by background,True,True,True,37,0.12117683079619211,3,1.8494368217814745,988,0.21694947782224616,35,0.11552900921758578
88,sweep,True,-1.3625000357627868,0.7513999342918396,21.917,22.087,-2.4549999237060547,-2.0759999752044678,22.196,22.45,-1.8619999885559082,-1.3070000410079956,821,1001,920,0.01459624245762825,0.04418883100152016,1.7190932392612146,False,nan,nan,4.546735142403464,5.974966856574625,0.09672141024529382,0.37911449939981506,0.07219672743644914,0.40712031582180513,0.3898380638496529,0.38853064247824154,0.37941177986095453,0.07115271330859971,0.8703720261649921,False,False,NO_MOTION,BG_MISSING,NO_MOTION/BG_MISSING,no motion; background missing for verification,False,False,False,33,0.22152887088916481,4,0.25213313736135545,964,0.3897615515637419,27,0.20857992682684784
89,sweep,True,-0.8259000122547149,0.5366000235080719,22.196,22.45,-1.8619999885559082,-1.3070000410079956,22.546,22.684,-1.1039999723434448,-0.7950000166893005,981,1022,1064,0.010467707179486752,0.031750090420246124,0.9808983550540652,False,nan,nan,2.6147298212750507,3.692410082378144,0.20670928102226913,0.5415024616932993,0.0327903139821205,0.18987732921031036,0.13323921679573528,0.12942452921725564,0.1428278763619582,0.06155273431385361,0.29747656229860997,False,False,NO_MOTION,VERIFIED,NO_MOTION/VERIFIED,no motion; geometry verified by background,False,False,False,35,0.057361823129477095,5,1.3839380256777662,982,0.1465886413684046,30,0.05824838093840498
90,sweep,True,-0.2815999940037727,0.5443000182509421,22.546,22.684,-1.1039999723434448,-0.7950000166893005,22.795,22.948,-0.5929999947547913,-0.24699999392032623,968,1065,1042,0.012321680784225464,0.03446478396654129,1.1913614626894726,False,nan,nan,3.1463968898714616,4.404127687310078,0.08338203551664478,0.4855000034788576,0.049166066983043974,0.16382579686029136,0.15325376556793802,0.1455762861845903,0.25738221238953723,0.060694865124192185,0.3421620483581716,False,False,NO_MOTION,BG_MISSING,NO_MOTION/BG_MISSING,no motion; background missing for verification,False,False,False,31,0.1375191494530121,4,1.431156161696926,1030,0.2630849609538216,26,0.13313313154738654
91,sweep,True,0.2254000071436167,0.5070000011473894,22.795,22.948,-0.5929999947547913,-0.24699999392032623,23.056,23.178,-0.03200000151991844,0.2540000081062317,973,1064,1028,0.011311816982924938,0.03157081454992294,0.9979150896680584,False,nan,nan,2.998466881877107,3.989535063847012,0.5355694831094636,0.7528201061126305,0.03358192371475351,0.17193288552925895,0.11563503786096571,0.10457923024895527,0.17725186596323333,0.06385025321404003,0.25817258890740286,False,False,NO_MOTION,BG_MISSING,NO_MOTION/BG_MISSING,no motion; background missing for verification,False,False,False,32,0.10551701569981167,3,1.3303543902575194,1029,0.18506160395708107,28,0.09516590639958374
92,sweep,True,1.043200045824051,0.8178000386804343,23.056,23.178,-0.03200000151991844,0.2540000081062317,23.328,23.581,0.550000011920929,1.0980000495910645,782,1010,846,0.014765258878469467,0.042914848774671555,1.8852489588550734,False,nan,nan,5.043492323840628,6.264466778841172,1.6403990224844562,2.874524963280578,0.03901970984953655,0.15505272701882788,0.12431906113297445,0.11736085014931127,0.38006825638685376,0.07245180613448056,0.27756097508981825,False,False,NO_MOTION,BG_MISSING,NO_MOTION/BG_MISSING,no motion; background missing for verification,False,False,False,26,0.22028343387680901,5,0.8437258638529443,979,0.39420868592950786,23,0.21233239442713925
93,sweep,True,1.56610004901886,0.522900003194809,23.328,23.581,0.550000011920929,1.0980000495910645,23.673,23.817,1.2790000438690186,1.5980000495910645,838,1059,885,0.012433730997145176,0.03386800363659859,1.082152140261945,False,nan,nan,2.3704870086851693,2.8317059681062426,0.40140105719664754,0.8499163698284742,0.05118288914254678,0.31128227678911663,0.30346122239213846,0.2961918631986199,0.16089589580073274,0.06865484919859485,0.6775227549298891,False,False,NO_MOTION,BG_MISSING,NO_MOTION/BG_MISSING,no motion; background missing for verification,False,False,False,29,0.0789012909508654,7,0.2901629062626578,1023,0.16527589233512477,27,0.0668051161266906
94,sweep,True,2.1270999670028687,0.5609999179840088,23.673,23.817,1.2790000438690186,1.5980000495910645,23.907,24.081,1.7860000133514404,2.1649999618530273,844,991,897,0.01252126507461071,0.03395213559269905,1.261985441202751,False,nan,nan,3.4576229601610384,4.50696951723504,0.1200969288875324,0.2087008484128905,0.038901395284149966,0.14463038127405137,0.13274166448625627,0.11135332019910729,0.22261888044141573,0.06785447452285973,0.2963657020417949,False,False,NO_MOTION,VERIFIED,NO_MOTION/VERIFIED,no motion; geometry verified by background,False,False,False,35,0.0852415572196281,4,0.4273867886332838,952,0.2290126423914392,31,0.07604990219631609
95,sweep,True,2.6126998901367187,0.4855999231338499,23.907,24.081,1.7860000133514404,2.1649999618530273,24.174,24.314,2.3399999141693115,2.6429998874664307,838,939,888,0.011699585244059563,0.030366912484169006,1.0552166208704108,False,nan,nan,2.416335907428164,3.576897713103261,0.09327462355154924,0.47469634093541807,0.031123221120748945,0.5501666835672889,0.10991064505986071,0.07834053822578527,0.2054594905390224,0.06707773254482956,0.24539202224938772,False,False,NO_MOTION,BG_MISSING,NO_MOTION/BG_MISSING,no motion; background missing for verification,False,False,False,29,0.10069544221096673,6,0.3480540585840919,904,0.2139385015121397,25,0.09208642849714775
96,sweep,True,3.159899950027466,0.5472000598907472,24.174,24.314,2.3399999141693115,2.6429998874664307,24.407,24.582,2.816999912261963,3.197999954223633,764,1080,818,0.011710325255990028,0.03252521529793739,1.2817683709304029,False,nan,nan,2.5136617446612215,3.099020412778138,0.4924188728108913,0.9263627789579163,0.049529828598132764,0.12644463354052562,0.1201686521114921,0.11885831282828381,0.2403260102086215,0.06326267877862823,0.2682945636117584,False,False,NO_MOTION,VERIFIED,NO_MOTION/VERIFIED,no motion; geometry verified by background,False,False,False,38,0.10783057030675305,4,0.10296488114798236,1038,0.24909311208799323,32,0.0834496752695942
97,sweep,True,3.663200092315674,0.5033001422882082,24.407,24.582,2.816999912261963,3.197999954223633,24.671,24.822,3.368000030517578,3.696000099182129,846,1031,913,0.010613711550831795,0.031508076936006546,1.0664471862394143,False,nan,nan,2.281953943311903,2.8824642697665244,0.06864967642449962,0.2615978983829467,0.028919707205733537,0.11746072685941134,0.08556790305516124,0.07629470627950649,0.1744429125799324,0.060181090308737105,0.19104319475979414,False,False,NO_MOTION,BG_MISSING,NO_MOTION/BG_MISSING,no motion; background missing for verification,False,False,False,21,0.09437561669256668,3,1.9358517678293596,1007,0.17732739294311728,17,0.08156422648442022
98,sweep,True,4.217500066757202,0.5542999744415278,24.671,24.822,3.368000030517578,3.696000099182129,24.879,25.083,3.816999912261963,4.26200008392334,862,1066,930,0.012267645448446274,0.036733031272888184,1.2781937874602487,False,nan,nan,3.4190257014644283,4.445963667326504,0.12588748274661749,0.24236026821072115,0.03790472018180417,0.19164780144610594,0.13514311377375116,0.0623693890790611,0.2531179440850217,0.06716783218245911,0.30172729824266126,False,False,NO_MOTION,BG_MISSING,NO_MOTION/BG_MISSING,no motion; background missing for verification,False,False,False,30,0.08719362013890397,2,3.8798053048900654,1034,0.25713494775014806,25,0.07418700603267336
99,sweep,True,4.710800123214722,0.49330005645752006,24.879,25.083,3.816999912261963,4.26200008392334,25.2,25.313,4.493000030517578,4.735000133514404,1034,1052,1104,0.010912391357123852,0.033561818301677704,0.9939958769938926,False,nan,nan,1.9016231214732673,2.511730163532739,0.12947962019390533,0.2928496631511517,0.035336378524090745,0.19073887226150124,0.16528020866397525,0.11259946331146176,0.19766079751597176,0.05494447130929504,0.369012888785834,False,False,NO_MOTION,BG_MISSING,NO_MOTION/BG_MISSING,no motion; background missing for verification,False,False,False,22,0.17207687421054643,3,0.394104637819466,1027,0.19797331002112012,15,0.09446889664221651
100,sweep,True,5.255500173568725,0.5447000503540034,25.2,25.313,4.493000030517578,4.735000133514404,25.375,25.584,4.855000019073486,5.300000190734863,951,884,1020,0.01189058180898428,0.034214820712804794,1.188871109478323,False,nan,nan,2.9029993869043724,4.451417062468446,0.02827720250983376,0.14538112348347426,0.030764713422989108,0.14343249380696574,0.13302456405282365,0.10752915891394887,0.27338029633751887,0.06395432190545804,0.296997317812002,False,False,NO_MOTION,BG_MISSING,NO_MOTION/BG_MISSING,no motion; background missing for verification,False,False,False,20,0.14444816470984628,7,0.39776558513642757,857,0.2759241392790073,13,0.09815557479163625
101,sweep,True,5.755999946594239,0.5004997730255134,25.375,25.584,4.855000019073486,5.300000190734863,25.686,25.818,5.504000186920166,5.783999919891357,870,1048,909,0.011051659472286701,0.032840583473443985,1.0752197254208462,False,nan,nan,2.3171933638066573,2.7632376286497604,0.14475731111180834,0.22583344099216085,0.026899487278479992,0.17260370687788845,0.15105917332531554,0.06776485923818093,0.20020456823789406,0.06607512771105736,0.33726229157722787,False,False,NO_MOTION,BG_MISSING,NO_MOTION/BG_MISSING,no motion; background missing for verification,False,False,False,26,0.09297203742546259,7,0.4024917381172714,1015,0.20322389601805338,20,0.07020726578842751
102,sweep,True,6.310499858856201,0.5544999122619627,25.686,25.818,5.504000186920166,5.783999919891357,25.932,26.087,6.008999824523926,6.343999862670898,828,897,884,0.012505166232585907,0.03665222227573395,1.3250139354641297,False,nan,nan,3.397832734569403,4.7230600802076514,0.3317052772802532,1.4011879045475526,0.04582180961447693,0.20994805352876633,0.15734650441793757,0.14645790362246353,0.2504324315348393,0.07035601831736835,0.35129970251708437,False,False,NO_MOTION,BG_MISSING,NO_MOTION/BG_MISSING,no motion; background missing for verification,False,False,False,23,0.19626783619217475,3,0.40878929181172385,871,0.2510591573070907,15,0.09348099215018674
103,sweep,True,6.796800136566162,0.48630027770996076,25.932,26.087,6.008999824523926,6.343999862670898,26.179,26.316,6.525000095367432,6.827000141143799,890,864,935,0.012418210506439209,0.03484543785452843,1.024552218857024,False,nan,nan,2.549294120715865,3.7259746644892524,0.2832432994777249,0.6091146877637441,0.05114801292982221,0.4608809891572878,0.19566953646302804,0.19308178040639445,0.23123630651484572,0.06766699666718279,0.43686162718007804,False,False,NO_MOTION,BG_MISSING,NO_MOTION/BG_MISSING,no motion; background missing for verification,False,False,False,20,0.2284298103395448,6,0.6936445802335047,838,0.23019674475783009,10,0.039332243062611114
104,sweep,True,7.357899808883667,0.5610996723175052,26.179,26.316,6.525000095367432,6.827000141143799,26.375,26.583,6.942999839782715,7.4039998054504395,835,964,883,0.013345719315111637,0.038647886365652084,1.3253074987177516,False,nan,nan,3.0887883703866814,3.8748487951428157,0.1737742215885609,0.6559103906434867,0.041109836342445055,1.1619675074794782,0.1195507026175445,0.1177236361468493,0.24912141085544484,0.06695095268808182,0.26691489855852174,False,False,NO_MOTION,BG_MISSING,NO_MOTION/BG_MISSING,no motion; background missing for verification,False,False,False,26,0.22051010197551008,9,0.9141030230031782,929,0.24876057945666297,14,0.05905614590916389
105,sweep,True,7.876599836349487,0.5187000274658198,26.375,26.583,6.942999839782715,7.4039998054504395,26.694,26.818,7.630000114440918,7.9039998054504395,851,968,894,0.01241596695035696,0.03772808611392975,1.1105497038810748,False,nan,nan,1.7505502188978441,2.672330602962355,0.032772796991155026,0.8476909143865592,0.03450982627927354,0.8495430805395158,0.1176292452471762,0.0826140099453826,0.17133420959260326,0.07084585483497913,0.26262495640120054,False,False,NO_MOTION,BG_MISSING,NO_MOTION/BG_MISSING,no motion; background missing for verification,False,False,False,24,0.29822973082652304,9,0.10521324515581364,935,0.16981056002149508,11,0.07318673057730356
106,sweep,True,8.424399662017823,0.5477998256683358,26.694,26.818,7.630000114440918,7.9039998054504395,26.925,27.086,8.11299991607666,8.458999633789062,817,952,870,0.0125086335465312,0.03585627302527428,1.2882554762357006,False,nan,nan,2.85578365871001,4.258485422363,0.7414973311993583,1.372318074145173,0.03680452077386123,0.1057107757039312,0.09737165037194116,0.08398064796076007,0.2593929966193214,0.07047038760284528,0.21739683341424715,False,False,NO_MOTION,BG_MISSING,NO_MOTION/BG_MISSING,no motion; background missing for verification,False,False,False,30,0.29550235498477384,10,0.7233612855065524,912,0.25556936089826926,13,0.07986677122093977
107,sweep,True,8.920499992370605,0.4961003303527818,26.925,27.086,8.11299991607666,8.458999633789062,27.193,27.316,8.67300033569336,8.947999954223633,812,908,823,0.011979702860116959,0.033310167491436005,1.179592878942706,False,nan,nan,2.684490705656648,3.385042378484636,0.4386048265701442,0.6692241621226738,0.03318886304329048,0.11701401849469456,0.09302489817638146,0.07704099453545415,0.20578773058121325,0.07563844175412456,0.2076920563118616,False,False,NO_MOTION,BG_MISSING,NO_MOTION/BG_MISSING,no motion; background missing for verification,False,False,False,25,0.272740460220733,9,0.4654674090662015,874,0.2037630866046075,9,0.06431616117714249
108,sweep,True,9.476200008392334,0.5557000160217296,27.193,27.316,8.67300033569336,8.947999954223633,27.389,27.584,9.090999603271484,9.519000053405762,816,932,849,0.01344957947731018,0.039977580308914185,1.3770772333730872,False,nan,nan,3.6412008863637126,4.719274008550814,0.14084888085372615,0.5965338670980267,0.0408981228038759,0.2346612416413002,0.19064463442224305,0.10427641675050214,0.24293559035744733,0.0721295855283665,0.4256427786989165,False,False,NO_MOTION,BG_MISSING,NO_MOTION/BG_MISSING,no motion; background missing for verification,False,False,False,23,0.17558350462745542,8,0.5777853288049202,901,0.24191916282183198,12,0.11152253922284731
109,sweep,True,9.951900100708007,0.4757000923156731,27.389,27.584,9.090999603271484,9.519000053405762,27.652,27.814,9.645000457763672,9.986000061035156,804,900,813,0.01219298504292965,0.03471189737319946,1.1360195590542195,False,nan,nan,2.1100191974443367,2.900767600170581,0.25501501953313765,0.7033789439681957,0.0472823169251495,0.16450370518542667,0.15259178261494863,0.1477688770745941,0.22121464670794672,0.07536082030144671,0.34068407199436973,False,False,NO_MOTION,BG_MISSING,NO_MOTION/BG_MISSING,no motion; background missing for verification,False,False,False,23,0.34998577781811385,8,0.625435700098911,869,0.214326944595974,5,0.03560821733744163
110,sweep,True,10.513500022888184,0.5615999221801768,27.652,27.814,9.645000457763672,9.986000061035156,27.909,28.084,10.166999816894531,10.552000045776367,809,877,847,0.012224261648952961,0.0329153835773468,1.3542501619413836,False,nan,nan,2.805248481152834,3.548784617612308,0.13394953949100016,0.2981670574004025,0.03592303785847638,0.18894159970891722,0.1117493866835113,0.10946499550126845,0.23462171950544886,0.07227757302156497,0.2494972890793294,False,False,NO_MOTION,BG_MISSING,NO_MOTION/BG_MISSING,no motion; background missing for verification,False,False,False,26,0.32656926008567,8,0.5738665689303692,843,0.2292341864141469,10,0.09555779058504102
111,sweep,True,10.996700191497803,0.4832001686096188,27.909,28.084,10.166999816894531,10.552000045776367,28.189,28.312,10.75100040435791,11.02400016784668,846,922,887,0.011842802166938782,0.032419707626104355,1.1965561229592554,False,nan,nan,2.595473097638606,3.975236032571362,0.38796102119769904,0.6795353625098269,0.03290003205611606,0.19589252242559266,0.13775525023850382,0.0892773489589905,0.2147380383067574,0.06756865005738126,0.30755928520923687,False,False,NO_MOTION,BG_MISSING,NO_MOTION/BG_MISSING,no motion; background missing for verification,False,False,False,33,0.3080881643742677,7,0.353434167079287,882,0.20767475378329758,10,0.06390847978026801
112,sweep,True,11.532200336456299,0.5355001449584957,28.189,28.312,10.75100040435791,11.02400016784668,28.38,28.582,11.156000137329102,11.574000358581543,867,868,910,0.013307378627359867,0.03662412241101265,1.4161621920031502,False,nan,nan,3.001242535617601,3.881959633363424,0.0559283558281522,0.1812323345216277,0.049219537598331656,0.27724311369114224,0.20747041432990698,0.18352848213266204,0.27541141802797264,0.06702816187402263,0.46320885935667294,False,False,NO_MOTION,BG_MISSING,NO_MOTION/BG_MISSING,no motion; background missing for verification,False,False,False,27,0.435603592495345,7,0.11400712547153571,834,0.26961950306698823,8,0.606683972346886
113,sweep,True,12.021599674224854,0.48939933776855504,28.38,28.582,11.156000137329102,11.574000358581543,28.647,28.814,11.694000244140625,12.057999610900879,884,852,915,0.012741504237055779,0.036219194531440735,1.170185409298954,False,nan,nan,2.38355561112734,3.25879569755279,0.15009519119298576,1.1091242266373111,0.033830278042795564,1.0037409079180968,0.24088900169770866,0.21133523162983944,0.21278043919613826,0.07017723403333206,0.5378208746936439,False,False,NO_MOTION,BG_MISSING,NO_MOTION/BG_MISSING,no motion; background missing for verification,False,False,False,24,0.3542018000837389,7,0.36366849362943987,821,0.20728102075121888,6,0.08198292134380689
114,sweep,True,12.569499969482422,0.547900295257568,28.647,28.814,11.694000244140625,12.057999610900879,28.879,29.081,12.178000450134277,12.61299991607666,885,871,893,0.013037115335464478,0.036098554730415344,1.3415485492011592,False,nan,nan,2.9807105029648073,4.745483905227157,0.36557356328369256,0.7441349650496076,0.0357391812840138,0.18695703584219547,0.15061301069270694,0.12593349885720384,0.2519944944568592,0.06954718903248712,0.3362661664920889,False,False,NO_MOTION,BG_MISSING,NO_MOTION/BG_MISSING,no motion; background missing for verification,False,False,False,39,0.28447547011227814,14,0.6153604828305836,818,0.24763681266991822,18,0.04655778432145584
115,sweep,True,13.067000198364259,0.49750022888183665,28.879,29.081,12.178000450134277,12.61299991607666,29.183,29.31,12.8149995803833,13.095000267028809,857,867,859,0.012844239361584187,0.03289053216576576,1.1843066201492674,False,nan,nan,2.5540417462591414,3.509750570452608,0.2975163072222516,0.614547793581838,0.043123635121623136,0.2132723954276325,0.14286474070851946,0.12537548081446642,0.19643606596846722,0.06587983614704557,0.3189669900627407,False,False,NO_MOTION,BG_MISSING,NO_MOTION/BG_MISSING,no motion; background missing for verification,False,False,False,27,0.30575156606289305,10,0.6075161056476018,830,0.19134696434702766,6,0.06070902025051887
116,sweep,True,13.357699966430664,0.2906997680664052,29.183,29.31,12.8149995803833,13.095000267028809,29.381,29.447,13.138999938964844,13.381999969482422,886,860,904,0.010785184800624847,0.029873045161366463,0.6734777034929842,False,nan,nan,1.430013701242545,1.827524969834645,0.19747569726457379,1.0226987956866562,0.025174480074686232,0.7063833338570074,0.40302824281909105,0.060640384641565695,0.11647176454024641,0.06433774490251422,0.8998210817080556,False,False,NO_MOTION,BG_MISSING,NO_MOTION/BG_MISSING,no motion; background missing for verification,False,False,False,31,0.19094354697630783,11,0.3849692862911462,818,0.11321368813025015,7,0.07712287204388947
117,sweep,True,14.110700321197509,0.7530003547668453,29.381,29.447,13.138999938964844,13.381999969482422,29.557,29.811,13.61299991607666,14.166000366210938,859,809,883,0.015659799799323082,0.043491099029779434,1.9948486605764917,False,nan,nan,4.162817195273506,6.45034551194154,0.11395160232737953,0.8986886243527944,0.040315503446725715,0.7284374892876586,0.12474418826440624,0.11614305015404855,0.3686197242510607,0.07164759583543424,0.2785101352593206,False,False,NO_MOTION,BG_MISSING,NO_MOTION/BG_MISSING,no motion; background missing for verification,False,False,False,27,0.4906746517807502,12,1.1296053791774268,770,0.35377751366777443,9,0.05343586853850548
118,sweep,True,14.687500286102296,0.5767999649047866,29.557,29.811,13.61299991607666,14.166000366210938,29.873,30.083,14.286999702453613,14.732000350952148,924,851,952,0.013450568541884422,0.0355597659945488,1.3181324643615389,False,nan,nan,2.9064026877272946,3.8547343458922576,0.1403070777824587,0.3577493513040456,0.02725459366146902,0.19772175046351156,0.10350269994985029,0.06033792430400376,0.21512261002853736,0.06177510484853406,0.23108532240105067,False,False,NO_MOTION,BG_MISSING,NO_MOTION/BG_MISSING,no motion; background missing for verification,False,False,False,31,0.32345477901029607,10,0.3580483544857449,810,0.20985180563816513,7,0.09812586581176448
119,sweep,True,15.175900077819824,0.48839979171752823,29.873,30.083,14.286999702453613,14.732000350952148,30.153,30.311,14.869000434875488,15.210000038146973,908,709,919,0.013038860633969307,0.03418712317943573,1.2448769500881096,False,nan,nan,2.803672704139376,4.452861060714913,0.03378166706962167,0.20367533206782173,0.03166450755950635,0.16219862541486896,0.10383974332741912,0.07327532864218819,0.23458370530676317,0.06467918182217691,0.23183782236101666,False,False,NO_MOTION,BG_MISSING,NO_MOTION/BG_MISSING,no motion; background missing for verification,False,False,False,30,0.3140007690996399,10,0.5220678190973219,669,0.2263264543918411,7,0.11752842303550023
120,sweep,True,15.729800033569337,0.5538999557495128,30.153,30.311,14.869000434875488,15.210000038146973,30.369,30.579,15.314000129699707,15.776000022888184,950,827,959,0.013388772495090961,0.03685768321156502,1.2854006219767031,False,nan,nan,3.0873935765420955,4.768577538538837,0.8989172541146244,1.3123685335460409,0.03366208515185222,0.15329022598046935,0.10954621158355211,0.0949889423888953,0.23619279247362462,0.06207331314225559,0.24457836978034764,False,False,NO_MOTION,BG_MISSING,NO_MOTION/BG_MISSING,no motion; background missing for verification,False,False,False,33,0.34046384266837026,11,0.6821759758359557,783,0.2279798546025335,8,0.02006593960670798
121,sweep,True,16.224999713897706,0.49519968032836914,30.369,30.579,15.314000129699707,15.776000022888184,30.672,30.809,15.96399974822998,16.253999710083008,992,789,1001,0.012662705034017563,0.033081915229558945,1.1260205887925085,False,nan,nan,2.6599839683709092,3.7697709567247593,0.1990036460359611,0.5276306688113982,0.0356394793007275,0.20193635951310618,0.1280380266196226,0.11967007563206264,0.19427025067511675,0.05730876771864998,0.2858641240791381,False,False,NO_MOTION,BG_MISSING,NO_MOTION/BG_MISSING,no motion; background missing for verification,False,False,False,30,0.29502791335893364,10,0.5964978751896692,749,0.19130895572079804,7,0.031608770163445044
122,sweep,True,16.78710060119629,0.562100887298584,30.672,30.809,15.96399974822998,16.253999710083008,30.904,31.079,16.445999145507812,16.825000762939453,1018,680,1037,0.01282427180558443,0.032952550798654556,1.2794384421490332,False,nan,nan,3.1903107360448533,4.89432594301913,0.1516841709733438,0.4875656199660988,0.03603037981901463,0.207429121718625,0.12073988107993089,0.1064494341514994,0.261269943469033,0.05711701194481521,0.2695699180749797,False,False,NO_MOTION,BG_MISSING,NO_MOTION/BG_MISSING,no motion; background missing for verification,False,False,False,31,0.39765256839764224,8,0.6701012552504535,641,0.2575521725273288,9,0.05833437418436812
123,sweep,True,17.14850025177002,0.36139965057373047,30.904,31.079,16.445999145507812,16.825000762939453,31.17,31.31,16.990999221801758,17.166000366210938,972,681,982,0.011537197977304459,0.03144590184092522,1.1325941758836962,False,nan,nan,2.783820529024891,4.016027564329569,0.2272647695271279,0.38833574165997,0.03671476266298121,0.1437666540598125,0.1180398974403085,0.10798964823588894,0.29626888819082714,0.05829219189040688,0.26354179909700126,False,False,NO_MOTION,BG_MISSING,NO_MOTION/BG_MISSING,no motion; background missing for verification,False,False,False,32,0.4420945855173251,10,0.5793846302003344,639,0.2842905007547249,9,0.06853369627205207
124,sweep,True,16.578500747680664,-0.5699995040893562,31.17,31.31,16.990999221801758,17.166000366210938,31.387,31.583,17.20400047302246,16.509000778198242,1037,643,1039,0.00937366671860218,0.02435024082660675,0.41396902180945616,False,nan,nan,1.0629379949217834,1.3562630852962152,0.07276206722509976,0.22111533276810297,0.06390594825308808,0.3144457896138361,0.2959476653768589,0.27219866628630474,0.7683252150066708,0.05701268616706834,0.6607476104544713,False,False,NO_MOTION,BG_MISSING,NO_MOTION/BG_MISSING,no motion; background missing for verification,False,False,False,36,1.1661869595742052,1,0.42867822538325967,606,0.7490183593032613,11,0.20596975621951702
125,dwell_end,True,16.511699295043947,-0.06680145263671733,31.387,31.583,17.20400047302246,16.509000778198242,31.682,31.813,16.509000778198242,16.511999130249023,1054,616,1054,0.006400546990334988,0.015973703935742378,0.050393320763031935,False,nan,nan,0.11088289992036235,0.18435417472631038,0.08883255737413268,0.16451409515109935,0.018973749374958188,0.08909178842005223,0.07168880431198547,0.06880194896067535,0.08439466324951042,0.055745469420619385,0.16005602235504734,False,False,NO_MOTION,BG_MISSING,NO_MOTION/BG_MISSING,no motion; background missing for verification,False,False,False,31,0.11375023790688366,0,nan,585,0.08269979261113564,9,0.04252726580340899
126,dwell_end,False,16.511999130249023,0.0002998352050767039,31.682,31.813,16.509000778198242,16.511999130249023,31.916,32.081,16.511999130249023,16.511999130249023,1082,615,1082,0.006283916067332029,0.015137231908738613,0.036757369459418654,True,0.027492249868651362,0.11853303252191401,nan,nan,nan,nan,nan,nan,nan,nan,nan,nan,0.26464279722917844,False,False,NO_MOTION,NOT_CHECKED,NO_MOTION/NOT_CHECKED,no motion; geometry not checked,False,False,False,,,,,,,,
127,dwell_end,False,16.513999938964844,0.0020008087158203125,31.916,32.081,16.511999130249023,16.511999130249023,32.181,32.31,16.513999938964844,16.513999938964844,1062,601,1062,0.005995623767375946,0.015596999786794186,0.029547050222355518,True,0.013012133968928934,0.05884210110483344,nan,nan,nan,nan,nan,nan,nan,nan,nan,nan,0.13137382803689196,False,False,NO_MOTION,NOT_CHECKED,NO_MOTION/NOT_CHECKED,no motion; geometry not checked,False,False,False,,,,,,,,
128,dwell_end,False,16.513999938964844,0.0,32.181,32.31,16.513999938964844,16.513999938964844,32.376,32.58,16.513999938964844,16.513999938964844,1047,613,1047,0.006629061419516802,0.016903962939977646,0.03416909874103946,True,0.0016606292436580927,0.0690879735277433,nan,nan,nan,nan,nan,nan,nan,nan,nan,nan,0.154249277018178,False,False,NO_MOTION,NOT_CHECKED,NO_MOTION/NOT_CHECKED,no motion; geometry not checked,False,False,False,,,,,,,,
129,dwell_end,False,16.513999938964844,0.0,32.376,32.58,16.513999938964844,16.513999938964844,32.677,32.811,16.513999938964844,16.513999938964844,1148,599,1148,0.006486613303422928,0.015811720862984657,0.04237220398519645,True,0.025116583604608275,0.1659539301397989,nan,nan,nan,nan,nan,nan,nan,nan,nan,nan,0.3705170731648372,False,False,NO_MOTION,NOT_CHECKED,NO_MOTION/NOT_CHECKED,no motion; geometry not checked,False,False,False,,,,,,,,
130,dwell_end,False,16.513999938964844,0.0,32.677,32.811,16.513999938964844,16.513999938964844,32.914,33.081,16.513999938964844,16.513999938964844,1079,603,1079,0.007569113280624151,0.019407739862799644,0.04935860186335838,True,0.022239697945628023,0.23123584416878948,nan,nan,nan,nan,nan,nan,nan,nan,nan,nan,0.5162687507312811,True,False,SUSPECT,NOT_CHECKED,SUSPECT/NOT_CHECKED,motion suspected; geometry not checked,False,False,False,,,,,,,,
131,dwell_end,False,16.513999938964844,0.0,32.914,33.081,16.513999938964844,16.513999938964844,33.135,33.311,16.513999938964844,16.513999938964844,1029,590,1029,0.006379998754709959,0.016825832426548004,0.05476617121110981,True,0.020047607484043585,0.10186272617934701,nan,nan,nan,nan,nan,nan,nan,nan,nan,nan,0.22742383465561372,False,False,NO_MOTION,NOT_CHECKED,NO_MOTION/NOT_CHECKED,no motion; geometry not checked,False,False,False,,,,,,,,
132,dwell_end,False,16.513999938964844,0.0,33.135,33.311,16.513999938964844,16.513999938964844,33.415,33.58,16.513999938964844,16.513999938964844,1012,620,1012,0.00919379573315382,0.02589002065360546,0.12404907909125064,True,0.11151586855066943,0.3453020599305482,nan,nan,nan,nan,nan,nan,nan,nan,nan,nan,0.770938708685474,True,False,SUSPECT,NOT_CHECKED,SUSPECT/NOT_CHECKED,motion suspected; geometry not checked,False,False,False,,,,,,,,
133,dwell_end,False,16.513999938964844,0.0,33.415,33.58,16.513999938964844,16.513999938964844,33.675,33.815,16.513999938964844,16.513999938964844,1035,611,1036,0.010479800403118134,0.027219796553254128,0.1490747967921521,True,0.06331639491209952,0.2418414241176044,nan,nan,nan,nan,nan,nan,nan,nan,nan,nan,0.5399473007875548,True,False,SUSPECT,NOT_CHECKED,SUSPECT/NOT_CHECKED,motion suspected; geometry not checked,False,False,False,,,,,,,,
134,dwell_end,False,16.513999938964844,0.0,33.675,33.815,16.513999938964844,16.513999938964844,33.91,34.084,16.513999938964844,16.513999938964844,1013,613,1014,0.006815265864133835,0.018101157620549202,0.05544404386821194,True,0.046707443882102,0.11354790446274828,nan,nan,nan,nan,nan,nan,nan,nan,nan,nan,0.253512750135518,False,False,NO_MOTION,NOT_CHECKED,NO_MOTION/NOT_CHECKED,no motion; geometry not checked,False,False,False,,,,,,,,
135,dwell_end,False,16.513999938964844,0.0,33.91,34.084,16.513999938964844,16.513999938964844,34.173,34.31,16.513999938964844,16.513999938964844,1091,625,1091,0.0057531907223165035,0.0160985067486763,0.027396454030551402,True,0.00705469700739633,0.04401066970870579,nan,nan,nan,nan,nan,nan,nan,nan,nan,nan,0.09826042995641819,False,False,NO_MOTION,NOT_CHECKED,NO_MOTION/NOT_CHECKED,no motion; geometry not checked,False,False,False,,,,,,,,
136,dwell_end,False,16.513999938964844,0.0,34.173,34.31,16.513999938964844,16.513999938964844,34.437,34.58,16.513999938964844,16.513999938964844,1085,608,1085,0.006268595810979605,0.01581985130906105,0.04150091973029221,True,0.02225820604558502,0.08841166953659228,nan,nan,nan,nan,nan,nan,nan,nan,nan,nan,0.19739233052642827,False,False,NO_MOTION,NOT_CHECKED,NO_MOTION/NOT_CHECKED,no motion; geometry not checked,False,False,False,,,,,,,,
137,dwell_end,False,16.513999938964844,0.0,34.437,34.58,16.513999938964844,16.513999938964844,34.674,34.816,16.513999938964844,16.513999938964844,1067,610,1067,0.006821207702159882,0.016011249274015427,0.043717074083824574,True,0.02312177800730856,0.1351700573757283,nan,nan,nan,nan,nan,nan,nan,nan,nan,nan,0.30178745388065475,False,False,NO_MOTION,NOT_CHECKED,NO_MOTION/NOT_CHECKED,no motion; geometry not checked,False,False,False,,,,,,,,
138,dwell_end,False,16.513999938964844,0.0,34.674,34.816,16.513999938964844,16.513999938964844,34.883,35.08,16.513999938964844,16.513999938964844,1033,683,1034,0.005667074117809534,0.016558630391955376,0.030017507860125168,True,0.007512894435360051,0.05032980840949278,nan,nan,nan,nan,nan,nan,nan,nan,nan,nan,0.11236885615859311,False,False,NO_MOTION,NOT_CHECKED,NO_MOTION/NOT_CHECKED,no motion; geometry not checked,False,False,False,,,,,,,,
139,dwell_end,False,16.513999938964844,0.0,34.883,35.08,16.513999938964844,16.513999938964844,35.173,35.316,16.513999938964844,16.513999938964844,1091,615,1091,0.006429076660424471,0.016103336587548256,0.04240190074053424,True,0.03002896251095519,0.07164365728691238,nan,nan,nan,nan,nan,nan,nan,nan,nan,nan,0.1599552248410741,False,False,NO_MOTION,NOT_CHECKED,NO_MOTION/NOT_CHECKED,no motion; geometry not checked,False,False,False,,,,,,,,
140,dwell_end,False,16.513999938964844,0.0,35.173,35.316,16.513999938964844,16.513999938964844,35.41,35.578,16.513999938964844,16.513999938964844,1036,625,1038,0.006030367687344551,0.015827365219593048,0.04217625048943262,True,0.023160726304153216,0.07693967024232289,nan,nan,nan,nan,nan,nan,nan,nan,nan,nan,0.17177936915647993,False,False,NO_MOTION,NOT_CHECKED,NO_MOTION/NOT_CHECKED,no motion; geometry not checked,False,False,False,,,,,,,,
141,dwell_end,False,16.513999938964844,0.0,35.41,35.578,16.513999938964844,16.513999938964844,35.678,35.819,16.513999938964844,16.513999938964844,1088,612,1088,0.006147149950265884,0.01606799103319645,0.04063924265864073,True,0.02920745526240222,0.06989198170345712,nan,nan,nan,nan,nan,nan,nan,nan,nan,nan,0.15604434602205838,False,False,NO_MOTION,NOT_CHECKED,NO_MOTION/NOT_CHECKED,no motion; geometry not checked,False,False,False,,,,,,,,
142,dwell_end,False,16.513999938964844,0.0,35.678,35.819,16.513999938964844,16.513999938964844,35.918,36.08,16.513999938964844,16.513999938964844,1051,609,1051,0.006123700179159641,0.015124931931495667,0.05454133680314613,True,0.0327612147321055,0.12384817202514226,nan,nan,nan,nan,nan,nan,nan,nan,nan,nan,0.27650964443514675,False,False,NO_MOTION,NOT_CHECKED,NO_MOTION/NOT_CHECKED,no motion; geometry not checked,False,False,False,,,,,,,,
143,dwell_end,False,16.513999938964844,0.0,35.918,36.08,16.513999938964844,16.513999938964844,36.177,36.314,16.513999938964844,16.513999938964844,1057,593,1058,0.0061035919934511185,0.015630586072802544,0.04167293013183072,True,0.021121161079943798,0.09872858982031671,nan,nan,nan,nan,nan,nan,nan,nan,nan,nan,0.22042640452745,False,False,NO_MOTION,NOT_CHECKED,NO_MOTION/NOT_CHECKED,no motion; geometry not checked,False,False,False,,,,,,,,
144,dwell_end,False,16.513999938964844,0.0,36.177,36.314,16.513999938964844,16.513999938964844,36.414,36.582,16.513999938964844,16.513999938964844,1057,610,1057,0.006081503350287676,0.015668926760554314,0.03929141279199594,True,0.009502509232830468,0.0795013902702059,nan,nan,nan,nan,nan,nan,nan,nan,nan,nan,0.17749879385584916,False,False,NO_MOTION,NOT_CHECKED,NO_MOTION/NOT_CHECKED,no motion; geometry not checked,False,False,False,,,,,,,,
145,return,False,16.429400062561037,-0.08459987640380717,36.414,36.582,16.513999938964844,16.513999938964844,36.675,36.809,16.513999938964844,16.420000076293945,1077,617,1077,0.007306395098567009,0.01828225702047348,0.06959784371807363,False,nan,nan,0.20968717778808385,0.30020580967604926,0.08222355112964413,0.25334322071184867,0.0154090621174945,0.06537373097297433,0.048636466947163164,0.03898255359779907,0.045893098832217594,0.05178659744151992,0.10858821702601877,False,False,NO_MOTION,BG_MISSING,NO_MOTION/BG_MISSING,no motion; background missing for verification,False,False,False,32,0.0721881741696703,0,nan,585,0.04445837847199593,8,0.023579651763929142
146,return,False,16.20389919281006,-0.22550086975097727,36.675,36.809,16.513999938964844,16.420000076293945,36.914,37.075,16.33799934387207,16.18899917602539,1052,605,1057,0.010819856077432632,0.026724912226200104,0.502713847384711,False,nan,nan,1.0618347630276328,1.462367414264366,0.1478081192507188,0.47361804412075165,0.02489098232333392,0.08171803618468843,0.0719953183883772,0.06579092401679679,0.06418193234989202,0.056766424436419466,0.16074036106503037,False,False,NO_MOTION,BG_MISSING,NO_MOTION/BG_MISSING,no motion; background missing for verification,False,False,False,28,0.10032408992242431,4,0.26120203413022436,573,0.06377659074107096,7,0.05558540199470599
147,return,False,15.916300296783447,-0.28759889602661204,36.914,37.075,16.33799934387207,16.18899917602539,37.176,37.31,16.09000015258789,15.897000312805176,1044,645,1049,0.009896686300635338,0.024605052545666695,0.6306230791790453,False,nan,nan,1.4387499939336064,2.0790687435423703,0.06080380506053253,0.15316881210657435,0.01736936659783073,0.06749513592877951,0.0411471628717192,0.03320132066468651,0.08481409458419549,0.0564770815460105,0.09186722088126095,False,False,NO_MOTION,BG_MISSING,NO_MOTION/BG_MISSING,no motion; background missing for verification,False,False,False,26,0.11661929373949878,6,0.3683847269699095,613,0.0814409219893018,6,0.03545675395776138
148,return,False,15.478699970245362,-0.4376003265380852,37.176,37.31,16.09000015258789,15.897000312805176,37.41,37.576,15.755000114440918,15.447999954223633,1028,636,1036,0.011201804503798485,0.029015062376856804,1.0029688698152297,False,nan,nan,2.1622883633301297,3.12324219631466,0.703335219821883,0.9790585929984208,0.02895779821586162,0.10231908424608918,0.09520642328034573,0.08956559094868374,0.15061835597306916,0.058742693374570984,0.21256263874323614,False,False,NO_MOTION,BG_MISSING,NO_MOTION/BG_MISSING,no motion; background missing for verification,False,False,False,20,0.270348612227521,6,0.46377513286636507,610,0.1445171979129926,7,0.032785300154162866
149,return,False,14.974100017547608,-0.5045999526977543,37.41,37.576,15.755000114440918,15.447999954223633,37.673,37.813,15.272000312805176,14.940999984741211,1021,661,1033,0.012248503044247627,0.03306066617369652,1.1155718993592074,False,nan,nan,2.633663259406929,4.167691227733542,0.5665218563688122,0.8985851872217508,0.025718813705577936,0.11389116804739874,0.09722071397638556,0.09650211177786654,0.14231615547022125,0.056664478342547814,0.21705984524248043,False,False,NO_MOTION,BG_MISSING,NO_MOTION/BG_MISSING,no motion; background missing for verification,False,False,False,28,0.2047942377571517,7,0.3846194440338483,626,0.13870706912893438,8,0.044018143703286994
150,return,False,14.286499881744385,-0.6876001358032227,37.673,37.813,15.272000312805176,14.940999984741211,37.907,38.087,14.722999572753906,14.23799991607666,964,681,980,0.013827846385538578,0.038615062832832336,1.5654011831351826,False,nan,nan,3.768010379919092,6.27580368707255,0.20070223124144293,0.5948679396470482,0.04505802485562277,0.3617447377441425,0.3539930513409961,0.34576723153764344,0.2294710957970639,0.06143351247613116,0.7903426522834789,False,False,NO_MOTION,BG_MISSING,NO_MOTION/BG_MISSING,no motion; background missing for verification,False,False,False,32,0.32150748661570133,9,0.7954986152856532,640,0.21744848901295533,8,0.050609972675523154
151,return,False,13.618399810791015,-0.6681000709533702,37.907,38.087,14.722999572753906,14.23799991607666,38.173,38.319,14.008999824523926,13.574999809265137,929,859,947,0.014073865488171577,0.0396469309926033,1.612397290399332,False,nan,nan,3.7214669241472564,5.962773615505391,0.3978112782526683,0.8252823187849883,0.03632178879192321,0.17587856539627725,0.11953456946732313,0.11104714992279241,0.2409204181597281,0.06477479206668968,0.26687887887766265,False,False,NO_MOTION,BG_MISSING,NO_MOTION/BG_MISSING,no motion; background missing for verification,False,False,False,35,0.34693774597741106,13,0.7863122022129441,811,0.23474807440405393,9,0.07953533138969672
152,return,False,12.747900390625,-0.8704994201660146,38.173,38.319,14.008999824523926,13.574999809265137,38.406,38.584,13.314000129699707,12.6850004196167,914,699,954,0.016316376626491547,0.04611162468791008,1.9622862484813555,False,nan,nan,4.947239644653041,7.931899225030129,0.29025535548907433,0.7083663447512716,0.04174072689071168,0.2792189234178124,0.19062691736848944,0.16745612137800445,0.3511216775406848,0.06291981947401791,0.4256032227155399,False,False,NO_MOTION,BG_MISSING,NO_MOTION/BG_MISSING,no motion; background missing for verification,False,False,False,34,0.493865564320043,13,0.9366076237213263,652,0.3439172090143751,11,0.07221825065706043
153,return,False,11.90440034866333,-0.8435000419616703,38.406,38.584,13.314000129699707,12.6850004196167,38.673,38.815,12.394000053405762,11.850000381469727,819,899,860,0.01817774586379528,0.049376387149095535,2.039621822756062,False,nan,nan,4.7365658682746234,7.59191137344778,0.13537174929391943,0.6657750860242684,0.03629947913460288,0.7985650132948966,0.12161993587258005,0.10697514821590469,0.29567163947606867,0.06863419092105819,0.27153477257238373,False,False,NO_MOTION,BG_MISSING,NO_MOTION/BG_MISSING,no motion; background missing for verification,False,False,False,32,0.4218262556962775,16,0.8006900450222124,851,0.2867103786798015,9,0.06400896605865038
154,return,False,10.928900051116944,-0.975500297546386,38.673,38.815,12.394000053405762,11.850000381469727,38.907,39.079,11.539999961853027,10.861000061035156,837,825,895,0.01736029051244259,0.04830741137266159,2.1782873596496275,False,nan,nan,5.491462415129869,8.585304378319245,0.18284738836692052,0.6505901773515321,0.04450798147581481,0.25306100071972876,0.1760504206343469,0.15881148774482728,0.44507063915899125,0.06632246670500719,0.3930590045558274,False,False,NO_MOTION,BG_MISSING,NO_MOTION/BG_MISSING,no motion; background missing for verification,False,False,False,32,0.6034049684079538,13,1.2040100232994568,780,0.42683357320155,10,0.093351398273599
155,return,False,10.023099613189697,-0.9058004379272475,38.907,39.079,11.539999961853027,10.861000061035156,39.216,39.312,10.536999702453613,9.965999603271484,781,860,844,0.018026694655418396,0.04893835261464119,2.2044120528973,False,nan,nan,6.561499256901098,8.981872459625494,0.7326011213068443,1.2359516620742055,0.03879210049800898,0.17489540844829582,0.1409546799685346,0.12659078008215127,0.40045587464796806,0.07368371024270265,0.3147024925943766,False,False,NO_MOTION,BG_MISSING,NO_MOTION/BG_MISSING,no motion; background missing for verification,False,False,False,32,0.5880821454662999,10,0.9921825368962744,818,0.38511430377750316,9,0.13571402490416257
156,return,False,8.955000019073486,-1.0680995941162106,39.216,39.312,10.536999702453613,9.965999603271484,39.405,39.579,9.612000465393066,8.881999969482422,679,996,780,0.01753242127597332,0.05029395595192909,2.6990704214990386,False,nan,nan,6.219596302025965,10.002646252725015,0.051794585642860796,2.6069829837446608,0.05215327911249148,2.3441646012849406,0.20872520897242405,0.17181394941309777,0.45587316002662615,0.07543656328901499,0.4660103768499718,False,False,NO_MOTION,BG_MISSING,NO_MOTION/BG_MISSING,no motion; background missing for verification,False,False,False,39,0.5760041775985054,12,1.0774624264619188,945,0.4520129794315828,17,0.027918216257122246
157,return,False,7.961200141906739,-0.9937998771667473,39.405,39.579,9.612000465393066,8.881999969482422,39.671,39.811,8.520999908447266,7.89900016784668,704,876,810,0.018246840685606003,0.053082242608070374,2.3582183563221855,False,nan,nan,5.545383962391772,8.879051515299142,0.4522702779283605,0.9647709651344706,0.04726058228784272,0.18815078037270694,0.1527199059307084,0.13255568100643977,0.3917896585879089,0.07189676150591545,0.34097012653926356,False,False,NO_MOTION,BG_MISSING,NO_MOTION/BG_MISSING,no motion; background missing for verification,False,False,False,32,0.47220589824246106,12,0.8553903131548165,832,0.38494936204417546,14,0.16623249465376783
158,return,False,6.806199932098389,-1.1550002098083496,39.671,39.811,8.520999908447266,7.89900016784668,39.902,40.081,7.5370001792907715,6.724999904632568,593,1035,712,0.018298590555787086,0.05371585488319397,2.7702619982897247,False,nan,nan,2.601624667516082,4.115203894907148,0.18434123713027703,0.39487669873845144,0.041544534091117906,0.20712958871796489,0.1548594422590777,0.14152196083891158,0.4364995375498862,0.07624629029574337,0.34574696272295286,False,False,NO_MOTION,VERIFIED,NO_MOTION/VERIFIED,no motion; geometry verified by background,False,False,False,66,0.0664447898355919,15,0.9108805779284666,954,0.4480228494044004,46,0.03715695288860725
159,return,False,5.73230013847351,-1.0738997936248786,39.902,40.081,7.5370001792907715,6.724999904632568,40.184,40.317,6.302000045776367,5.669000148773193,681,1028,788,0.018770791590213776,0.05049145966768265,2.469635974875646,False,nan,nan,5.364961459746295,8.123296689977412,0.1099774275789815,1.9729507210966108,0.0421476888003442,2.0692859645036563,0.2520087188482083,0.14198773198985568,0.3455478020146602,0.0751157239942063,0.5626473132694176,False,False,NO_MOTION,VERIFIED,NO_MOTION/VERIFIED,no motion; geometry verified by background,False,False,False,54,0.06524017166330105,13,0.7369154937228509,961,0.34700320876437746,39,0.03378642561182307
160,return,False,4.622600078582764,-1.1097000598907467,40.184,40.317,6.302000045776367,5.669000148773193,40.376,40.579,5.438000202178955,4.5320000648498535,624,1026,776,0.01944764330983162,0.0493498221039772,2.7260954374684543,False,nan,nan,6.17192153744119,8.835431942773742,0.1167357230316679,1.0300165220190067,0.05089785280311282,0.9394006251006105,0.14058459193335887,0.13388915311321092,0.542529780671299,0.07931031639293068,0.31387621547342426,False,False,NO_MOTION,VERIFIED,NO_MOTION/VERIFIED,no motion; geometry verified by background,False,False,False,52,0.10670012476050011,10,1.2072631922663057,964,0.5593419182071103,42,0.032840344610792195
161,return,False,3.6132999658584595,-1.0093001127243042,40.376,40.579,5.438000202178955,4.5320000648498535,40.651,40.812,4.245999813079834,3.5429999828338623,649,1058,765,0.0175849050283432,0.050047893077135086,2.3920751138120857,False,nan,nan,6.269276493537346,8.527315334045676,0.05525362161173659,0.26649673137698165,0.05212765834045236,0.1769190650168542,0.1673663384464661,0.14453143436164148,0.3932419332285987,0.07497330510043226,0.3736704868348792,False,False,NO_MOTION,VERIFIED,NO_MOTION/VERIFIED,no motion; geometry verified by background,False,False,False,50,0.14597295195701798,7,0.7388362496457239,1001,0.40028767814397725,37,0.051123382600980635
162,return,False,2.553399920463562,-1.0599000453948975,40.651,40.812,4.245999813079834,3.5429999828338623,40.915,41.074,3.1419999599456787,2.48799991607666,665,1022,814,0.015791747719049454,0.04881306365132332,2.421203590190412,False,nan,nan,6.105746806260386,9.221159427670493,0.07364475673982435,0.18234343839719344,0.042372407285793535,0.21698611393384723,0.19685266363953868,0.17898375862129431,0.5193953635282709,0.0712530184146648,0.4395031362919937,False,False,NO_MOTION,BG_MISSING,NO_MOTION/BG_MISSING,no motion; background missing for verification,False,False,False,31,0.3736467959773977,5,0.7162294781735955,986,0.5233316104736667,19,0.2315836955695591
163,return,False,1.7107000350952148,-0.8426998853683472,40.915,41.074,3.1419999599456787,2.48799991607666,41.178,41.31,2.13100004196167,1.6640000343322754,781,793,909,0.014801151119172573,0.04281394183635712,1.8680717529100626,False,nan,nan,3.044148090006237,4.778180120066983,0.38134012360276176,0.9047937403287047,0.03966963293768434,0.6500955073227771,0.21553615547077876,0.13540725440476636,0.4046185247530592,0.06683884069118545,0.48121683782336866,False,False,NO_MOTION,BG_MISSING,NO_MOTION/BG_MISSING,no motion; background missing for verification,False,False,False,34,0.2393842179911641,8,0.6207771985934363,751,0.41199341255544025,27,0.2202018440551312
164,return,False,0.9158999741077423,-0.7948000609874726,41.178,41.31,2.13100004196167,1.6640000343322754,41.415,41.577,1.347000002861023,0.8679999709129333,906,930,1029,0.01615540310740471,0.04378598555922508,1.8356519267603044,False,nan,nan,4.803916059198028,6.889710024166103,2.6599802373194548,4.200220302176928,0.04086716537482276,0.20768802605538061,0.19379532682271994,0.15539782982733125,0.42980029189164787,0.0640921237925272,0.4326771726761124,False,False,NO_MOTION,BG_MISSING,NO_MOTION/BG_MISSING,no motion; background missing for verification,False,False,False,35,0.27051134712437563,4,0.5341292341651053,891,0.4385865225549129,28,0.251798343161738
165,return,False,0.33490000069141385,-0.5809999734163285,41.415,41.577,1.347000002861023,0.8679999709129333,41.677,41.81,0.621999979019165,0.30300000309944153,828,976,910,0.013073490932583809,0.03442951664328575,1.319353725097838,False,nan,nan,3.0994327190426985,4.497627189616136,0.09379394025904099,0.28612738863231735,0.03276362546035696,0.16779915194150283,0.13496753063419123,0.10561913386256291,0.2737223283523384,0.06551964638301606,0.3013352825132836,False,False,NO_MOTION,BG_MISSING,NO_MOTION/BG_MISSING,no motion; background missing for verification,False,False,False,32,0.13996480641731646,4,0.4997653207293149,940,0.28182784197179755,25,0.1358638650010966
166,return,False,-0.1452999971807003,-0.48019999787211415,41.677,41.81,0.621999979019165,0.30300000309944153,41.905,42.076,0.12200000137090683,-0.17499999701976776,876,978,931,0.012334277853369713,0.03311147540807724,1.182346354726607,False,nan,nan,3.027833188055032,4.173646550241,0.11988841150872023,0.2585591084981301,0.04864612845612692,0.3014301436627767,0.1418566172099174,0.13741629781021333,0.26177508660393695,0.06638957040214777,0.3167162029450384,False,False,NO_MOTION,BG_MISSING,NO_MOTION/BG_MISSING,no motion; background missing for verification,False,False,False,32,0.15573953797554216,6,0.35059823422426617,940,0.26839431475046993,27,0.14720136602342582
167,return,False,-0.42840001285076146,-0.28310001567006116,41.905,42.076,0.12200000137090683,-0.17499999701976776,42.138,42.313,-0.25200000405311584,-0.4480000138282776,918,1038,957,0.009839878417551517,0.030533282086253166,0.7247463320916145,False,nan,nan,1.7481200084818656,2.1504355559811303,0.024650023285885853,0.07200308741095698,0.025862277150212484,0.09227938138222648,0.08912475398765261,0.07926727013529597,0.18058002186552258,0.06313484774007512,0.19898439865945566,False,False,NO_MOTION,BG_MISSING,NO_MOTION/BG_MISSING,no motion; background missing for verification,False,False,False,33,0.09152604406715585,7,0.6080742293339528,998,0.18381666398458396,28,0.08609060892186238
168,return,False,-0.616799995303154,-0.18839998245239253,42.138,42.313,-0.25200000405311584,-0.4480000138282776,42.379,42.578,-0.49799999594688416,-0.6299999952316284,987,1152,1018,0.01022226084023714,0.02759435959160328,0.48378319718011126,False,nan,nan,1.1685083786362007,1.5440615965009417,0.2986353749869816,0.9981837316899536,0.02729639405960776,0.4228542625477068,0.07433606080461887,0.06570950162579244,0.16261843577264767,0.05995956825538999,0.1659664200584393,False,False,NO_MOTION,BG_MISSING,NO_MOTION/BG_MISSING,no motion; background missing for verification,False,False,False,30,0.08578557900560824,7,0.40264678675180593,1115,0.1675327855018115,28,0.08278851336351675
169,return,False,-0.6926999807357788,-0.07589998543262477,42.379,42.578,-0.49799999594688416,-0.6299999952316284,42.681,42.811,-0.6629999876022339,-0.6959999799728394,932,1196,933,0.008836552500724792,0.026667576283216476,0.22600127977093354,False,nan,nan,0.7259802314987851,0.8595484942411616,0.2971459690335795,0.41357579405480666,0.02038977493459674,0.11520958065906362,0.07565074827445187,0.051214270586792565,0.08777385934079751,0.05971804408741288,0.1689016572838468,False,False,NO_MOTION,VERIFIED,NO_MOTION/VERIFIED,no motion; geometry verified by background,False,False,False,42,0.06139626502016157,0,nan,1154,0.08998621713162054,35,0.059628322513423225
170,return,False,-0.3573999911546707,0.33529998958110807,42.681,42.811,-0.6629999876022339,-0.6959999799728394,42.914,43.081,-0.7120000123977661,-0.3179999887943268,940,1186,941,0.007168350741267204,0.0192012507468462,0.08752336359625151,False,nan,nan,0.3178773854445116,0.3759173259752783,0.10420612175742089,0.19245504841174385,0.032911345314821414,0.11814806152751493,0.11201219091468101,0.1054517546132947,0.4942311788305723,0.06333421426141829,0.2500840389952025,False,False,NO_MOTION,VERIFIED,NO_MOTION/VERIFIED,no motion; geometry verified by background,False,False,False,41,0.24570410562253017,0,nan,1145,0.5142361875199191,37,0.22747573501367502
171,return,False,-0.32070000767707824,0.03669998347759246,42.914,43.081,-0.7120000123977661,-0.3179999887943268,43.178,43.312,-0.3179999887943268,-0.32100000977516174,955,1207,956,0.005955542903393507,0.016362987458705902,0.026723385282697788,False,nan,nan,0.07322410894305764,0.1361951572211239,0.14887179345709103,0.24116183314155681,0.015474376323156852,0.054752537437255916,0.043420628030134134,0.030553617474292867,0.06454926510602695,0.06296242807419912,0.09694307329240022,False,False,NO_MOTION,VERIFIED,NO_MOTION/VERIFIED,no motion; geometry verified by background,False,False,False,37,0.0416347191557912,0,nan,1170,0.06629294504824917,34,0.04024876094284014
172,return,False,-0.32100000977516174,-0.0003000020980835072,43.178,43.312,-0.3179999887943268,-0.32100000977516174,43.372,43.577,-0.32100000977516174,-0.32100000977516174,978,1132,978,0.006084134802222252,0.018012721091508865,0.0387118400406499,True,0.013672959817363186,0.13393675176940725,nan,nan,nan,nan,nan,nan,nan,nan,nan,nan,0.29903391388803807,False,False,NO_MOTION,NOT_CHECKED,NO_MOTION/NOT_CHECKED,no motion; geometry not checked,False,False,False,,,,,,,,
173,return,False,-0.32100000977516174,0.0,43.372,43.577,-0.32100000977516174,-0.32100000977516174,43.638,43.81,-0.32100000977516174,-0.32100000977516174,939,1145,939,0.00772522808983922,0.0212479867041111,0.08951142537342427,True,0.08523036897551478,0.22416253622882348,nan,nan,nan,nan,nan,nan,nan,nan,nan,nan,0.5004765284362015,True,False,SUSPECT,NOT_CHECKED,SUSPECT/NOT_CHECKED,motion suspected; geometry not checked,False,False,False,,,,,,,,
174,return,False,-0.32100000977516174,0.0,43.638,43.81,-0.32100000977516174,-0.32100000977516174,43.91,44.078,-0.32100000977516174,-0.32100000977516174,1006,1133,1007,0.009950273670256138,0.026887286454439163,0.1602482824700251,True,0.15640627185992317,0.48223298170975776,nan,nan,nan,nan,nan,nan,nan,nan,nan,nan,1.076657556805894,True,False,SUSPECT,NOT_CHECKED,SUSPECT/NOT_CHECKED,motion suspected; geometry not checked,False,False,False,,,,,,,,
175,return,False,-0.32100000977516174,0.0,43.91,44.078,-0.32100000977516174,-0.32100000977516174,44.171,44.31,-0.32100000977516174,-0.32100000977516174,955,1135,955,0.006951111368834972,0.018355758860707283,0.09196820694638921,True,0.08100782412104386,0.19208748018483227,nan,nan,nan,nan,nan,nan,nan,nan,nan,nan,0.42886414856061544,False,False,NO_MOTION,NOT_CHECKED,NO_MOTION/NOT_CHECKED,no motion; geometry not checked,False,False,False,,,,,,,,
176,return,False,-0.32370000183582304,-0.0026999920606612937,44.171,44.31,-0.32100000977516174,-0.32100000977516174,44.374,44.579,-0.32100000977516174,-0.3240000009536743,953,1181,953,0.007877851836383343,0.020551303401589394,0.09695173069684494,True,0.05986415973522305,0.21298267087626413,nan,nan,nan,nan,nan,nan,nan,nan,nan,nan,0.47551579996584964,False,False,NO_MOTION,NOT_CHECKED,NO_MOTION/NOT_CHECKED,no motion; geometry not checked,False,False,False,,,,,,,,
