frame,phase,exposure,angle,dangle,t_req_a,t_sav_a,ab_a,aa_a,t_req_b,t_sav_b,ab_b,aa_b,n_body,n_bg,n_body_detected,fb_med_body,fb_p90_body,body_flow,same_angle,static_med,static_cl,affine_med,affine_cl,epi_img_med,epi_img_cl,epi_enc_med,epi_enc_cl,epi_enc_cl16,epi_enc_cl30,epi_enc_bg,epi_sens_px_per_deg,motion_mm,candidate_raw,accel_guard,motion_state,geometry_state,state,label,alarm_confirmed,alarm_any,alarm,n_bed,epi_bed,n_offplane,epi_offplane,n_floor,epi_floor,n_bed_near,epi_bed_near
2,approach,False,-0.3319999873638153,0.0,0.0,0.173,-0.3319999873638153,-0.3319999873638153,0.261,0.433,-0.3319999873638153,-0.3319999873638153,724,1264,726,0.009936011396348476,0.0279946681112051,0.20768072578554642,True,0.1467943583364525,0.4300750764172219,nan,nan,nan,nan,nan,nan,nan,nan,nan,nan,0.9602071997994676,True,False,SUSPECT,NOT_CHECKED,SUSPECT/NOT_CHECKED,motion suspected; geometry not checked,False,False,False,,,,,,,,
3,approach,False,-0.3319999873638153,0.0,0.261,0.433,-0.3319999873638153,-0.3319999873638153,0.503,0.677,-0.3319999873638153,-0.3319999873638153,662,1461,686,0.012264496646821499,0.03258955851197243,0.9570672779479544,True,0.8290610462973956,1.7330857669304578,nan,nan,nan,nan,nan,nan,nan,nan,nan,nan,3.869374261674768,True,False,SUSPECT,NOT_CHECKED,SUSPECT/NOT_CHECKED,motion suspected; geometry not checked,False,False,False,,,,,,,,
4,approach,False,-0.3319999873638153,0.0,0.503,0.677,-0.3319999873638153,-0.3319999873638153,0.77,0.929,-0.3319999873638153,-0.3319999873638153,658,1397,701,0.014300549402832985,0.040612827986478806,2.4281044394972957,True,2.353903803979695,2.89001425948097,nan,nan,nan,nan,nan,nan,nan,nan,nan,nan,6.45239087694697,True,False,SUSPECT,NOT_CHECKED,SUSPECT/NOT_CHECKED,motion suspected; geometry not checked,False,False,False,,,,,,,,
5,approach,False,-0.3319999873638153,0.0,0.77,0.929,-0.3319999873638153,-0.3319999873638153,1.021,1.166,-0.3319999873638153,-0.3319999873638153,667,1475,690,0.009992072358727455,0.02900015562772751,0.8075221759275827,True,0.6089658653155772,1.4053515291771015,nan,nan,nan,nan,nan,nan,nan,nan,nan,nan,3.1376583544588956,True,False,SUSPECT,NOT_CHECKED,SUSPECT/NOT_CHECKED,motion suspected; geometry not checked,False,False,False,,,,,,,,
6,approach,False,-0.3319999873638153,0.0,1.021,1.166,-0.3319999873638153,-0.3319999873638153,1.256,1.432,-0.3319999873638153,-0.3319999873638153,693,1405,694,0.008584734052419662,0.022218119353055954,0.16665424879841836,True,0.1486464733941227,0.3298605114113043,nan,nan,nan,nan,nan,nan,nan,nan,nan,nan,0.7364631324959651,True,False,SUSPECT,NOT_CHECKED,SUSPECT/NOT_CHECKED,motion suspected; geometry not checked,False,False,False,,,,,,,,
7,approach,False,-0.3319999873638153,0.0,1.256,1.432,-0.3319999873638153,-0.3319999873638153,1.5,1.669,-0.3319999873638153,-0.3319999873638153,662,1369,684,0.010706251487135887,0.030262121930718422,0.7432138859056941,True,0.5233295985658198,1.3914574866691491,nan,nan,nan,nan,nan,nan,nan,nan,nan,nan,3.1066378178549257,True,False,SUSPECT,NOT_CHECKED,SUSPECT/NOT_CHECKED,motion suspected; geometry not checked,False,False,False,,,,,,,,
8,approach,False,-0.3319999873638153,0.0,1.5,1.669,-0.3319999873638153,-0.3319999873638153,1.751,1.935,-0.3319999873638153,-0.3319999873638153,673,1409,690,0.009872625581920147,0.026349302381277084,0.6486357880192533,True,0.6298157214120542,0.8780863715854527,nan,nan,nan,nan,nan,nan,nan,nan,nan,nan,1.96045970174797,True,False,SUSPECT,NOT_CHECKED,SUSPECT/NOT_CHECKED,motion suspected; geometry not checked,False,False,False,,,,,,,,
9,approach,False,-0.3319999873638153,0.0,1.751,1.935,-0.3319999873638153,-0.3319999873638153,2.032,2.16,-0.3319999873638153,-0.3319999873638153,695,1354,696,0.005791911389678717,0.01500077173113823,0.14153174570371532,True,0.1044833822648217,0.19624837842487375,nan,nan,nan,nan,nan,nan,nan,nan,nan,nan,0.43815397879445317,False,False,NO_MOTION,NOT_CHECKED,NO_MOTION/NOT_CHECKED,no motion; geometry not checked,False,False,False,,,,,,,,
10,approach,False,-0.3319999873638153,0.0,2.032,2.16,-0.3319999873638153,-0.3319999873638153,2.263,2.436,-0.3319999873638153,-0.3319999873638153,681,1315,682,0.006693931762129068,0.018312275409698486,0.15025708093240991,True,0.14347022485945543,0.23606884431757238,nan,nan,nan,nan,nan,nan,nan,nan,nan,nan,0.5270591494173729,True,False,SUSPECT,NOT_CHECKED,SUSPECT/NOT_CHECKED,motion suspected; geometry not checked,False,False,False,,,,,,,,
11,approach,False,-0.3319999873638153,0.0,2.263,2.436,-0.3319999873638153,-0.3319999873638153,2.53,2.667,-0.3319999873638153,-0.3319999873638153,692,1307,692,0.0038073156028985977,0.009807376191020012,0.05852703259741136,True,0.04272138669172932,0.0799174523460013,nan,nan,nan,nan,nan,nan,nan,nan,nan,nan,0.17842771492718945,False,False,NO_MOTION,NOT_CHECKED,NO_MOTION/NOT_CHECKED,no motion; geometry not checked,False,False,False,,,,,,,,
12,approach,False,-0.3319999873638153,0.0,2.53,2.667,-0.3319999873638153,-0.3319999873638153,2.763,2.932,-0.3319999873638153,-0.3319999873638153,698,1204,698,0.004495361819863319,0.01241147331893444,0.07401605609802148,True,0.06854104621585935,0.14091998728653687,nan,nan,nan,nan,nan,nan,nan,nan,nan,nan,0.31462503597142577,False,False,NO_MOTION,NOT_CHECKED,NO_MOTION/NOT_CHECKED,no motion; geometry not checked,False,False,False,,,,,,,,
13,approach,False,-0.3319999873638153,0.0,2.763,2.932,-0.3319999873638153,-0.3319999873638153,3.027,3.165,-0.3319999873638153,-0.3319999873638153,702,1214,702,0.00341796875,0.00954161211848259,0.040694489734917266,True,0.036610468529114,0.06406563058037539,nan,nan,nan,nan,nan,nan,nan,nan,nan,nan,0.14303614209741272,False,False,NO_MOTION,NOT_CHECKED,NO_MOTION/NOT_CHECKED,no motion; geometry not checked,False,False,False,,,,,,,,
14,approach,False,-0.3319999873638153,0.0,3.027,3.165,-0.3319999873638153,-0.3319999873638153,3.258,3.434,-0.3319999873638153,-0.3319999873638153,714,1292,714,0.0032082567922770977,0.009361588396131992,0.020119187624197753,True,0.010773384580450827,0.03332013979801934,nan,nan,nan,nan,nan,nan,nan,nan,nan,nan,0.07439221635188382,False,False,NO_MOTION,NOT_CHECKED,NO_MOTION/NOT_CHECKED,no motion; geometry not checked,False,False,False,,,,,,,,
15,approach,False,-0.3319999873638153,0.0,3.258,3.434,-0.3319999873638153,-0.3319999873638153,3.502,3.663,-0.3319999873638153,-0.3319999873638153,692,1309,692,0.0033229822292923927,0.008666148409247398,0.019872515781634056,True,0.00963481895813592,0.028644213534313442,nan,nan,nan,nan,nan,nan,nan,nan,nan,nan,0.06395250870468655,False,False,NO_MOTION,NOT_CHECKED,NO_MOTION/NOT_CHECKED,no motion; geometry not checked,False,False,False,,,,,,,,
16,approach,False,-0.47559999823570254,-0.14360001087188723,3.502,3.663,-0.3319999873638153,-0.3319999873638153,3.753,3.93,-0.3370000123977661,-0.4909999966621399,696,1296,697,0.005449243821203709,0.013537729158997536,0.12187412250882515,False,nan,nan,0.3944833595611973,0.4612972154396947,0.13027930936038618,0.24503692272402708,0.023233279754167162,0.07711725532956176,0.06249189048077371,0.05651872489032172,0.061592623416650935,0.0668065493076712,0.13952253096970182,False,False,NO_MOTION,VERIFIED,NO_MOTION/VERIFIED,no motion; geometry verified by background,False,False,False,188,0.014359699129096709,0,nan,1108,0.07403429598876504,164,0.01238133726871584
17,approach,False,-0.8248999893665314,-0.3492999911308289,3.753,3.93,-0.3370000123977661,-0.4909999966621399,4.032,4.164,-0.6169999837875366,-0.8479999899864197,693,1285,696,0.0071210660971701145,0.020340701565146446,0.48062234871767073,False,nan,nan,0.7966705597586442,1.3254765494884966,0.23923739074590006,0.5383957163661648,0.01740433722359738,0.2525033069163779,0.1966719773380774,0.04350577380853578,0.03880410164549156,0.06636916681151808,0.4390997269872426,False,False,NO_MOTION,VERIFIED,NO_MOTION/VERIFIED,no motion; geometry verified by background,False,False,False,176,0.014186559273039478,17,0.3058896333831806,1092,0.042629611170147554,151,0.013275673187795376
18,approach,False,-1.3601999640464784,-0.5352999746799469,4.032,4.164,-0.6169999837875366,-0.8479999899864197,4.264,4.43,-1.0290000438690186,-1.3969999551773071,706,1188,717,0.008410036563873291,0.02413364127278328,0.9239255356566506,False,nan,nan,3.0180657824500763,3.7901388582299633,0.06082922129099144,0.3238828452255198,0.024717519864403695,0.3662240968976559,0.20575976250655104,0.0838081018330025,0.13556552612058537,0.0687379647270621,0.4593895722433156,False,False,NO_MOTION,VERIFIED,NO_MOTION/VERIFIED,no motion; geometry verified by background,False,False,False,164,0.022946323383544458,14,0.3272111330221399,1010,0.16615607813704747,144,0.019820597174191757
19,approach,False,-1.8720000386238098,-0.5118000745773315,4.264,4.43,-1.0290000438690186,-1.3969999551773071,4.524,4.667,-1.5839999914169312,-1.9040000438690186,675,1179,684,0.008223340846598148,0.022496549412608147,0.8981547530993782,False,nan,nan,1.5097425354324594,1.8565379295114406,0.18816433873138533,0.5687006326079517,0.03440254573219844,0.38134267910407327,0.09297637435879513,0.07745325864821573,0.14127968435542956,0.07082306683132894,0.20758371960145214,False,False,NO_MOTION,VERIFIED,NO_MOTION/VERIFIED,no motion; geometry verified by background,False,False,False,216,0.02285926355114138,16,0.2148667777846908,947,0.18313807898165413,189,0.020007972098113398
20,approach,False,-2.409200096130371,-0.5372000575065612,4.524,4.667,-1.5839999914169312,-1.9040000438690186,4.76,4.926,-2.078000068664551,-2.446000099182129,665,1104,671,0.007302889134734869,0.021567853167653084,1.0235760293760319,False,nan,nan,1.830362080268376,2.221576905022786,0.15265930889817272,0.2994476463872487,0.032206627528945,0.30856156867085005,0.13860465045461867,0.07702091956142279,0.20079856972861115,0.06702255977730429,0.30945569876060824,False,False,NO_MOTION,VERIFIED,NO_MOTION/VERIFIED,no motion; geometry verified by background,False,False,False,208,0.033388624450108165,21,0.3491742712269846,875,0.2689805363719271,182,0.028211454326736468
21,approach,False,-2.9154000997543337,-0.5062000036239627,4.76,4.926,-2.078000068664551,-2.446000099182129,5.022,5.163,-2.640000104904175,-2.946000099182129,674,1253,687,0.008225147612392902,0.02195221744477749,0.8654275986872619,False,nan,nan,1.6024038724473262,1.885191280041446,0.40204310265733445,0.5869697201361592,0.02133395355939028,0.3603065026563185,0.33285432042788793,0.04735011020972786,0.13381834318288605,0.06619160840670393,0.74314726075677,False,False,NO_MOTION,VERIFIED,NO_MOTION/VERIFIED,no motion; geometry verified by background,False,False,False,230,0.026446393282543258,27,0.40989212390995733,996,0.17269257146092126,199,0.02360059316036961
22,approach,False,-3.469599962234497,-0.5541998624801634,5.022,5.163,-2.640000104904175,-2.946000099182129,5.262,5.431,-3.132999897003174,-3.506999969482422,676,1233,690,0.008370858617126942,0.02432028017938137,1.0098741116020622,False,nan,nan,1.2612703643454939,1.5063219770513248,0.13457372863992667,0.649636496298864,0.028658143036701358,0.4262488215519388,0.31228133555002224,0.10777734053633797,0.19124864861903468,0.07119751088791297,0.6972149822214562,False,False,NO_MOTION,VERIFIED,NO_MOTION/VERIFIED,no motion; geometry verified by background,False,False,False,230,0.029260837247706277,25,0.27458931630721334,978,0.2634851870604986,194,0.025521990491974452
23,approach,False,-3.970999908447266,-0.5013999462127687,5.262,5.431,-3.132999897003174,-3.506999969482422,5.502,5.666,-3.638000011444092,-4.007999897003174,710,1245,721,0.007999330759048462,0.02232161909341812,0.8941309479339589,False,nan,nan,1.5338438923330662,1.7988376950635958,0.07972617905798896,0.22968219048947247,0.023555162658906344,0.3129544655208879,0.24570994266100638,0.14066751746524597,0.14342142601065153,0.06691019695887306,0.5485843494370068,False,False,NO_MOTION,VERIFIED,NO_MOTION/VERIFIED,no motion; geometry verified by background,False,False,False,220,0.030538225658841033,24,0.29755266831130456,1001,0.19351549314974995,188,0.02682446673722704
24,approach,False,-4.508500003814698,-0.5375000953674318,5.502,5.666,-3.638000011444092,-4.007999897003174,5.751,5.93,-4.171000003814697,-4.546000003814697,704,1146,720,0.008531968109309673,0.024346718564629555,1.0318301269364194,False,nan,nan,1.660869420088745,1.94970401182299,0.07554899680947896,0.2893258537706328,0.024003510277330102,0.37165556360757385,0.20939524314973929,0.1753075959280741,0.19579809599076153,0.06918069633040058,0.4675063287812705,False,False,NO_MOTION,VERIFIED,NO_MOTION/VERIFIED,no motion; geometry verified by background,False,False,False,219,0.0313637256949466,26,0.2578161166514188,901,0.25895302872135967,177,0.02430671567457038
25,approach,False,-5.0125,-0.5039999961853026,5.751,5.93,-4.171000003814697,-4.546000003814697,6.019,6.168,-4.710999965667725,-5.046000003814697,689,1300,693,0.008833560161292553,0.02264537289738655,0.8977511907817941,False,nan,nan,1.593652846605175,1.8336400106605182,0.02480453649875702,0.27334617420260876,0.0266359282024215,0.28754238589324005,0.20808048782836336,0.10940193777817539,0.1410366145770479,0.06933769255981728,0.4645709400671031,False,False,NO_MOTION,VERIFIED,NO_MOTION/VERIFIED,no motion; geometry verified by background,False,False,False,242,0.025172311869146084,18,0.1482862294786378,1040,0.18431148332375924,199,0.02091903323697484
26,approach,False,-5.550199890136719,-0.5376998901367189,6.019,6.168,-4.710999965667725,-5.046000003814697,6.228,6.431,-5.156000137329102,-5.593999862670898,703,1295,711,0.008632550947368145,0.02753501944243908,1.0559546308015062,False,nan,nan,2.0051019069772837,2.415383738235681,0.04239851557871937,0.4579880068409031,0.03508964983514657,0.3931052407230884,0.22597867039428038,0.14611945565135315,0.2045695351425728,0.07022827316018748,0.5045313207203788,False,False,NO_MOTION,VERIFIED,NO_MOTION/VERIFIED,no motion; geometry verified by background,False,False,False,234,0.029912306387153212,30,0.3399001406848613,1031,0.26143025616094534,193,0.02603634880457208
27,approach,False,-6.064699792861939,-0.5144999027252197,6.228,6.431,-5.156000137329102,-5.593999862670898,6.528,6.664,-5.791999816894531,-6.09499979019165,677,1391,682,0.007895225659012794,0.02285662852227688,0.9040538164763307,False,nan,nan,1.7512158922675,2.143731556400944,0.03836517537722837,0.40036666373019336,0.026541674781578456,0.3057001569161301,0.2761623025000964,0.13862317794176843,0.13237819757764316,0.06855237634638939,0.6165738163272287,False,False,NO_MOTION,VERIFIED,NO_MOTION/VERIFIED,no motion; geometry verified by background,False,False,False,270,0.026136035750463905,23,0.1375928913929759,1098,0.17559872348361352,217,0.021682004291205117
28,approach,False,-6.596999979019165,-0.5323001861572259,6.528,6.664,-5.791999816894531,-6.09499979019165,6.764,6.928,-6.2820000648498535,-6.631999969482422,649,1445,652,0.008285114541649818,0.021193090826272964,1.0385627957091845,False,nan,nan,2.0551556053705657,2.435173894983965,0.08139973456625757,0.678284473529561,0.03153309572252253,0.3901585033489038,0.3439272483658785,0.13995978839619203,0.1906203882852808,0.06979296947030728,0.7678692353884845,False,False,NO_MOTION,VERIFIED,NO_MOTION/VERIFIED,no motion; geometry verified by background,False,False,False,252,0.03568045539753012,41,0.18860452825740412,1152,0.2490223999802092,202,0.029539012303417822
29,approach,False,-7.0986998081207275,-0.5016998291015629,6.764,6.928,-6.2820000648498535,-6.631999969482422,7.029,7.163,-6.835000038146973,-7.127999782562256,654,1358,662,0.007747495546936989,0.020921293646097183,0.9046967152497611,False,nan,nan,1.327317136544986,1.561118814037152,0.3550931603516414,0.5229450663691956,0.029027892505232106,0.3045379054903741,0.24798581925191637,0.08399016799324915,0.13733197117083712,0.06611313519643405,0.5536655857333571,False,False,NO_MOTION,VERIFIED,NO_MOTION/VERIFIED,no motion; geometry verified by background,False,False,False,274,0.02748566534382829,35,0.09442740458949166,1049,0.18807017992006148,222,0.02295679120816948
30,approach,False,-7.6570000648498535,-0.558300256729126,7.029,7.163,-6.835000038146973,-7.127999782562256,7.225,7.431,-7.243000030517578,-7.703000068664551,627,1348,628,0.0077529666014015675,0.022625632584095,1.0513461856554647,False,nan,nan,1.7045452765511364,1.9516214221251575,0.037588369310312626,0.3456760870191482,0.03025511694958012,0.4404727877039585,0.2787788146343909,0.08030495442655956,0.17420416734974542,0.06685145825323799,0.6224155726332253,False,False,NO_MOTION,VERIFIED,NO_MOTION/VERIFIED,no motion; geometry verified by background,False,False,False,266,0.026994215762619796,35,0.16329621457409624,1047,0.2496288992198973,215,0.021963520323069537
31,approach,False,-8.16680006980896,-0.5098000049591072,7.225,7.431,-7.243000030517578,-7.703000068664551,7.505,7.67,-7.841000080108643,-8.20300006866455,650,1334,656,0.008234571665525436,0.02047998085618019,0.8990345106611384,False,nan,nan,1.4717767810525415,1.672633147467316,0.04035799638246518,0.36274136433327253,0.02364332925788011,0.3056924690060096,0.19909347311036524,0.0737793720687032,0.13594781018183927,0.06689056581314494,0.44450607997613123,False,False,NO_MOTION,VERIFIED,NO_MOTION/VERIFIED,no motion; geometry verified by background,False,False,False,283,0.024372360930252565,30,0.4932048603571013,1021,0.17530941269693218,228,0.01819703114614844
32,approach,False,-8.709799766540527,-0.5429996967315667,7.505,7.67,-7.841000080108643,-8.20300006866455,7.76,7.925,-8.375,-8.746999740600586,671,1326,681,0.008550859987735748,0.025119099766016006,1.0409237206115347,False,nan,nan,1.8697536167752626,2.2302916080515445,0.03514137220526148,0.28822387068370026,0.029950224472806573,0.32937267753677923,0.19898347321751933,0.09027069157481626,0.18243940438401432,0.07064533183859217,0.4442604886947956,False,False,NO_MOTION,VERIFIED,NO_MOTION/VERIFIED,no motion; geometry verified by background,False,False,False,259,0.034217860602720626,31,0.20174503605208366,1036,0.2468209719838662,204,0.025425146969944988
33,approach,False,-9.193100357055664,-0.4833005905151371,7.76,7.925,-8.375,-8.746999740600586,8.009,8.16,-8.906000137329102,-9.225000381469727,674,1415,681,0.007966549135744572,0.022685708478093147,0.8911733055978115,False,nan,nan,1.7738260909054424,2.014756698222012,0.02007107513820466,0.3263455945739827,0.02133111741354171,0.2719642268755924,0.22220720024027302,0.09839396892383373,0.16121133208615013,0.06950849299769019,0.49611094717565957,False,False,NO_MOTION,VERIFIED,NO_MOTION/VERIFIED,no motion; geometry verified by background,False,False,False,290,0.03292851940633146,22,0.1514794217512141,1103,0.21354506619021368,220,0.027093778739797694
34,approach,False,-9.743199729919434,-0.5500993728637695,8.009,8.16,-8.906000137329102,-9.225000381469727,8.255,8.433,-9.411999702453613,-9.779999732971191,654,1385,664,0.007537686266005039,0.024284280836582184,1.0176505863380996,False,nan,nan,1.9147151623153615,2.192208123602539,0.058781318522157046,0.2664303881475508,0.024494180801567837,0.27113858497274107,0.2397421433155386,0.07712288973507894,0.17476944008065795,0.0663032502151643,0.535260341112196,False,False,NO_MOTION,VERIFIED,NO_MOTION/VERIFIED,no motion; geometry verified by background,False,False,False,266,0.02729092516741429,33,0.1741781411725015,1086,0.23350241919989395,215,0.02469890005324398
35,approach,False,-10.222800350189209,-0.4796006202697747,8.255,8.433,-9.411999702453613,-9.779999732971191,8.501,8.669,-9.906000137329102,-10.258000373840332,634,1395,650,0.007957898080348969,0.021069515496492386,0.8808904826818182,False,nan,nan,1.445791336564114,1.676963653540434,0.10191816245527885,0.37680567748607163,0.024839260220269752,0.3205409149576611,0.2934886616121103,0.12668465530446163,0.15242611343377277,0.06555662954786275,0.6552575152392001,False,False,NO_MOTION,VERIFIED,NO_MOTION/VERIFIED,no motion; geometry verified by background,False,False,False,290,0.024087308280797335,34,0.37587293659625387,1071,0.20304783281923605,228,0.02037781569613617
36,approach,False,-10.773000240325928,-0.5501998901367191,8.501,8.669,-9.906000137329102,-10.258000373840332,8.753,8.931,-10.42199993133545,-10.812000274658203,616,1378,626,0.008191567845642567,0.022393906489014626,0.9902834621851124,False,nan,nan,1.1313222660904971,1.492586554627418,0.08938590829309302,0.29418966035806376,0.02885319618119137,0.2831228189886939,0.26000022741415446,0.09709474511110633,0.18820388310502972,0.0651625777364481,0.580489556363822,False,False,NO_MOTION,VERIFIED,NO_MOTION/VERIFIED,no motion; geometry verified by background,False,False,False,279,0.029499724365719595,41,0.5429801998829835,1058,0.24108189380253783,227,0.0262083963560567
37,approach,False,-11.258199977874757,-0.48519973754882884,8.753,8.931,-10.42199993133545,-10.812000274658203,9.017,9.161,-10.972000122070312,-11.289999961853027,641,1438,653,0.007878265343606472,0.024644771590828896,0.8967231680996487,False,nan,nan,1.4949827034815804,1.6785599074212567,0.1305997272953337,0.2569635525848748,0.026465685894770302,0.29777919339854164,0.20663973629561044,0.10269413542532208,0.1518932206328133,0.06615948420870571,0.4613542458880398,False,False,NO_MOTION,VERIFIED,NO_MOTION/VERIFIED,no motion; geometry verified by background,False,False,False,315,0.029117807627567056,49,0.3689607512503936,1074,0.2064829749720835,251,0.023719795724044486
38,approach,False,-11.819100379943848,-0.5609004020690911,9.017,9.161,-10.972000122070312,-11.289999961853027,9.24,9.431,-11.432999610900879,-11.862000465393066,675,1382,711,0.007822031155228615,0.025444133207201958,1.029289155280496,False,nan,nan,1.8731537487324759,2.0785704230584594,0.05088096107623207,0.33456538063921754,0.026444974891706764,0.266793542591825,0.22129863706702887,0.16650910751243753,0.17150470435531573,0.06623006757311346,0.49408244343698826,False,False,NO_MOTION,VERIFIED,NO_MOTION/VERIFIED,no motion; geometry verified by background,False,False,False,279,0.031188318116962942,32,0.17700446020261024,1071,0.2357931770612599,213,0.02487793711358713
39,approach,False,-12.332399654388428,-0.5132992744445808,9.24,9.431,-11.432999610900879,-11.862000465393066,9.514,9.663,-12.020999908447266,-12.366999626159668,629,1429,645,0.008000321686267853,0.022865699604153633,0.8879131875656968,False,nan,nan,1.228658674330245,1.42743128006513,0.16444403471308883,0.34793329571151,0.02795297734664731,0.2454730047947602,0.20886891737159075,0.09830415014541596,0.12382493506274075,0.06793877501528503,0.466331227434249,False,False,NO_MOTION,VERIFIED,NO_MOTION/VERIFIED,no motion; geometry verified by background,False,False,False,320,0.031269182976979004,40,0.22257200726310095,1069,0.17800231204138536,256,0.026839689161897856
40,approach,False,-12.883600044250489,-0.5512003898620605,9.514,9.663,-12.020999908447266,-12.366999626159668,9.728,9.93,-12.493000030517578,-12.927000045776367,633,1355,650,0.00775722973048687,0.0238384660333395,1.0280907014467928,False,nan,nan,1.963138487321693,2.148715133452819,0.18098920269154103,0.46497574182650475,0.027820924833200616,0.2866815129426207,0.23908785407412075,0.13713426027493872,0.1735753244665104,0.061624937582338626,0.5337995421149733,False,False,NO_MOTION,VERIFIED,NO_MOTION/VERIFIED,no motion; geometry verified by background,False,False,False,302,0.03477449358577881,31,0.25298752758895804,1022,0.23971268615347938,231,0.029496349835115773
41,approach,False,-13.393000030517578,-0.5093999862670895,9.728,9.93,-12.493000030517578,-12.927000045776367,10.011,10.166,-13.086999893188477,-13.427000045776367,630,1422,639,0.008579831570386887,0.02278650365769863,0.8828930872854752,False,nan,nan,1.6421411992157555,1.8235879897604728,0.04003804680557427,0.3006409505836478,0.024040758128294974,0.20111115287939743,0.1661964389655054,0.1122064839771327,0.12222817915703026,0.06226833049615098,0.371058510539907,False,False,NO_MOTION,VERIFIED,NO_MOTION/VERIFIED,no motion; geometry verified by background,False,False,False,349,0.03136487946472691,49,0.28234665962072636,1024,0.1737084713897279,269,0.02695315259128506
42,approach,False,-13.920499992370605,-0.5274999618530263,10.011,10.166,-13.086999893188477,-13.427000045776367,10.242,10.428,-13.5649995803833,-13.960000038146973,602,1464,610,0.008007180877029896,0.025529412552714348,1.031644566604336,False,nan,nan,1.1765801864962047,1.4878681870827695,0.15981598690246565,0.3937362190526241,0.02633368839804676,0.31245447055104575,0.28453967737608776,0.10006333426168496,0.19338353758650423,0.0621249773557532,0.6352775639109238,False,False,NO_MOTION,VERIFIED,NO_MOTION/VERIFIED,no motion; geometry verified by background,False,False,False,351,0.04053905560963011,38,0.27174897766822714,1075,0.276080737556804,270,0.033628412017617466
43,approach,False,-14.423800468444824,-0.5033004760742195,10.242,10.428,-13.5649995803833,-13.960000038146973,10.525,10.665,-14.152000427246094,-14.454000473022461,612,1501,623,0.00760180177167058,0.02375192567706108,0.8911345277658775,False,nan,nan,1.0757378842991046,1.4108717647987938,0.1154238687830213,0.193993687984364,0.026288951081873475,0.22702004016423194,0.20149468467318524,0.10524288440664115,0.1445799610352826,0.06264669883754215,0.44986714542095774,False,False,NO_MOTION,VERIFIED,NO_MOTION/VERIFIED,no motion; geometry verified by background,False,False,False,352,0.03182852537956091,46,0.2776991885780825,1103,0.20564659969327226,255,0.027198046495987453
44,approach,False,-14.951300430297852,-0.527499961853028,10.525,10.665,-14.152000427246094,-14.454000473022461,10.757,10.926,-14.630000114440918,-14.987000465393066,622,1463,643,0.008086464367806911,0.026425721123814583,1.0425943882862667,False,nan,nan,1.713163958777666,1.9349636531186967,0.19820040541059847,0.3863365104083927,0.029754860645090846,0.25189294990713934,0.22081558265521278,0.16585872654664607,0.1891426040054141,0.06537990044425623,0.49300395191410185,False,False,NO_MOTION,VERIFIED,NO_MOTION/VERIFIED,no motion; geometry verified by background,False,False,False,342,0.039911992524270495,39,0.2265882634297535,1082,0.264372920988177,253,0.030354762136969356
45,approach,False,-15.44850034713745,-0.4971999168395982,10.757,10.926,-14.630000114440918,-14.987000465393066,11.01,11.164,-15.147000312805176,-15.482000350952148,645,1371,655,0.007905525155365467,0.026481708511710167,0.8873161881800375,False,nan,nan,1.4210199472512484,1.7433664251980892,0.07411454040900518,0.2073530705461975,0.027881813978968318,0.2782973036445566,0.22810317957494375,0.09673886565016795,0.13172942666293574,0.0669129301595419,0.509274606539932,False,False,NO_MOTION,VERIFIED,NO_MOTION/VERIFIED,no motion; geometry verified by background,False,False,False,319,0.04027143684898118,33,0.21682066519556056,1019,0.1840000271111761,230,0.0318666013127652
46,approach,False,-16.018500518798827,-0.570000171661377,11.01,11.164,-15.147000312805176,-15.482000350952148,11.256,11.43,-15.663000106811523,-16.058000564575195,604,1402,618,0.008219120092689991,0.030201734974980354,1.069867629329972,False,nan,nan,1.3208666408269174,1.5967075555743169,0.29436815485659806,0.46593497986914745,0.03328648892743499,0.2585722706622071,0.17495540272743026,0.11674954506895655,0.15723986604761825,0.06439862012565113,0.39061421262114976,False,False,NO_MOTION,VERIFIED,NO_MOTION/VERIFIED,no motion; geometry verified by background,False,False,False,339,0.03995532813604755,49,0.38586041889331957,1014,0.22500823077214677,252,0.03258905273591338
47,approach,False,-16.512400817871093,-0.4939002990722656,11.256,11.43,-15.663000106811523,-16.058000564575195,11.503,11.661,-16.201000213623047,-16.547000885009766,625,1460,635,0.007185059133917093,0.024891847744584084,0.9138025891923118,False,nan,nan,0.697282274478807,1.265197664653913,0.05055307208205901,0.3415148176402859,0.02510345790520422,0.2729966429392184,0.21700334677130828,0.10689521739326745,0.15473242754799682,0.06217380867041003,0.4844925627549034,False,False,NO_MOTION,VERIFIED,NO_MOTION/VERIFIED,no motion; geometry verified by background,False,False,False,337,0.034493654126266246,62,0.23016753956121472,1061,0.2156593874016472,235,0.03054879946342333
48,approach,False,-16.80720043182373,-0.29479961395263743,11.503,11.661,-16.201000213623047,-16.547000885009766,11.75,11.927,-16.673999786376953,-16.82200050354004,631,1392,639,0.007936682552099228,0.023535864427685738,0.8055794662903194,False,nan,nan,1.371838657853424,1.630935115169995,0.06441926579738395,0.17608484074552377,0.02551015182041969,0.17156605749034928,0.13612470943284433,0.09553549795022662,0.23411867664094965,0.06358447769776884,0.3039188579745226,False,False,NO_MOTION,VERIFIED,NO_MOTION/VERIFIED,no motion; geometry verified by background,False,False,False,349,0.05552821315692945,48,0.295966165938064,995,0.3230974946446309,247,0.03641759969498936
49,approach,False,-16.543799781799315,0.2634006500244155,11.75,11.927,-16.673999786376953,-16.82200050354004,11.994,12.168,-16.839000701904297,-16.51099967956543,664,1487,665,0.006685679312795401,0.018856197595596313,0.1869798857675652,False,nan,nan,0.4482874584299905,0.5986033705662268,0.0737215952844244,0.17797294308392575,0.03102930323850467,0.13271282155885017,0.12433411072167147,0.10665421196670977,0.4073135504786942,0.07225516234988769,0.27759457555683736,False,False,NO_MOTION,VERIFIED,NO_MOTION/VERIFIED,no motion; geometry verified by background,False,False,False,325,0.12754281897772712,0,nan,1162,0.5439397873519564,213,0.07999405600869451
50,dwell_start,False,-16.514299964904787,0.029499816894528408,11.994,12.168,-16.839000701904297,-16.51099967956543,12.277,12.432,-16.517000198364258,-16.513999938964844,658,1525,658,0.003746453206986189,0.010768582113087177,0.02970687981489961,False,nan,nan,0.07878197902204873,0.1262603948323906,0.01263063806995525,0.052318046299321824,0.02003117193644926,0.061951557937975174,0.045732837902155016,0.036184343645233145,0.04956786705621604,0.06724035459402217,0.10210542909561818,False,False,NO_MOTION,VERIFIED,NO_MOTION/VERIFIED,no motion; geometry verified by background,False,False,False,377,0.019957191241851385,0,nan,1148,0.07009890584670317,270,0.0176652710306285
51,dwell_start,False,-16.513999938964844,0.00030002593994282734,12.277,12.432,-16.517000198364258,-16.513999938964844,12.507,12.667,-16.513999938964844,-16.513999938964844,684,1496,684,0.003908752463757992,0.011211003176867962,0.025596039926802844,True,0.006755779349385472,0.04684140079072625,nan,nan,nan,nan,nan,nan,nan,nan,nan,nan,0.10458046223612028,False,False,NO_MOTION,NOT_CHECKED,NO_MOTION/NOT_CHECKED,no motion; geometry not checked,False,False,False,,,,,,,,
52,dwell_start,False,-16.513999938964844,0.0,12.507,12.667,-16.513999938964844,-16.513999938964844,12.742,12.933,-16.513999938964844,-16.513999938964844,721,1409,721,0.00400199368596077,0.011976934038102627,0.03815984287703312,True,0.020278361161107407,0.06295937236160136,nan,nan,nan,nan,nan,nan,nan,nan,nan,nan,0.1405662544783644,False,False,NO_MOTION,NOT_CHECKED,NO_MOTION/NOT_CHECKED,no motion; geometry not checked,False,False,False,,,,,,,,
53,dwell_start,False,-16.513999938964844,0.0,12.742,12.933,-16.513999938964844,-16.513999938964844,13.006,13.165,-16.513999938964844,-16.513999938964844,747,1399,747,0.0037126236129552126,0.011747785843908787,0.02456460767409476,True,0.013384597412226232,0.04193352601544922,nan,nan,nan,nan,nan,nan,nan,nan,nan,nan,0.09362289470118258,False,False,NO_MOTION,NOT_CHECKED,NO_MOTION/NOT_CHECKED,no motion; geometry not checked,False,False,False,,,,,,,,
54,dwell_start,False,-16.513999938964844,0.0,13.006,13.165,-16.513999938964844,-16.513999938964844,13.258,13.43,-16.513999938964844,-16.513999938964844,713,1415,713,0.003723269561305642,0.01093902625143528,0.01833002025633355,True,0.004551131202912121,0.022999011975934396,nan,nan,nan,nan,nan,nan,nan,nan,nan,nan,0.051348748389554576,False,False,NO_MOTION,NOT_CHECKED,NO_MOTION/NOT_CHECKED,no motion; geometry not checked,False,False,False,,,,,,,,
55,dwell_start,False,-16.513999938964844,0.0,13.258,13.43,-16.513999938964844,-16.513999938964844,13.522,13.668,-16.513999938964844,-16.513999938964844,668,1477,668,0.003740299493074417,0.010668580420315266,0.02043501953819803,True,0.004161604135398578,0.02214522045087749,nan,nan,nan,nan,nan,nan,nan,nan,nan,nan,0.049442530581452405,False,False,NO_MOTION,NOT_CHECKED,NO_MOTION/NOT_CHECKED,no motion; geometry not checked,False,False,False,,,,,,,,
56,dwell_start,False,-16.513999938964844,0.0,13.522,13.668,-16.513999938964844,-16.513999938964844,13.735,13.941,-16.513999938964844,-16.513999938964844,699,1450,699,0.0034508148673921824,0.010854575783014297,0.021026808956646464,True,0.009293822879391189,0.03511887512472761,nan,nan,nan,nan,nan,nan,nan,nan,nan,nan,0.07840816311547492,False,False,NO_MOTION,NOT_CHECKED,NO_MOTION/NOT_CHECKED,no motion; geometry not checked,False,False,False,,,,,,,,
57,dwell_start,False,-16.513999938964844,0.0,13.735,13.941,-16.513999938964844,-16.513999938964844,14.035,14.165,-16.513999938964844,-16.513999938964844,652,1537,652,0.0035777874290943146,0.010967638343572617,0.018021431553819543,True,0.004146222294251116,0.021533022236991377,nan,nan,nan,nan,nan,nan,nan,nan,nan,nan,0.048075706124720695,False,False,NO_MOTION,NOT_CHECKED,NO_MOTION/NOT_CHECKED,no motion; geometry not checked,False,False,False,,,,,,,,
58,dwell_start,False,-16.513999938964844,0.0,14.035,14.165,-16.513999938964844,-16.513999938964844,14.235,14.433,-16.513999938964844,-16.513999938964844,702,1468,702,0.0037454029079526663,0.011669669300317764,0.03541176427849226,True,0.02306490583456792,0.06194425595457819,nan,nan,nan,nan,nan,nan,nan,nan,nan,nan,0.1382998546423678,False,False,NO_MOTION,NOT_CHECKED,NO_MOTION/NOT_CHECKED,no motion; geometry not checked,False,False,False,,,,,,,,
59,dwell_start,False,-16.51580066680908,-0.0018007278442375707,14.235,14.433,-16.513999938964844,-16.513999938964844,14.519,14.664,-16.513999938964844,-16.516000747680664,722,1402,722,0.003681402187794447,0.010622995905578136,0.02208076227066589,True,0.00912045388980597,0.02448835964927553,nan,nan,nan,nan,nan,nan,nan,nan,nan,nan,0.054673940750991024,False,False,NO_MOTION,NOT_CHECKED,NO_MOTION/NOT_CHECKED,no motion; geometry not checked,False,False,False,,,,,,,,
60,dwell_start,False,-16.516000747680664,-0.0002000808715827418,14.519,14.664,-16.513999938964844,-16.516000747680664,14.751,14.935,-16.516000747680664,-16.516000747680664,692,1566,692,0.003781688865274191,0.010506625287234783,0.020155656640361633,True,0.007202449022885474,0.029228653819202352,nan,nan,nan,nan,nan,nan,nan,nan,nan,nan,0.06525735941605113,False,False,NO_MOTION,NOT_CHECKED,NO_MOTION/NOT_CHECKED,no motion; geometry not checked,False,False,False,,,,,,,,
61,dwell_start,False,-16.516000747680664,0.0,14.751,14.935,-16.516000747680664,-16.516000747680664,15.032,15.163,-16.516000747680664,-16.516000747680664,693,1460,693,0.0037570102140307426,0.010281292721629143,0.0197348153365554,True,0.007613183447267621,0.027770480348715904,nan,nan,nan,nan,nan,nan,nan,nan,nan,nan,0.062001768144448674,False,False,NO_MOTION,NOT_CHECKED,NO_MOTION/NOT_CHECKED,no motion; geometry not checked,False,False,False,,,,,,,,
62,dwell_start,False,-16.516000747680664,0.0,15.032,15.163,-16.516000747680664,-16.516000747680664,15.238,15.429,-16.516000747680664,-16.516000747680664,705,1512,705,0.003906369209289551,0.01147257536649704,0.029066355323258186,True,0.018432276477345057,0.05567597589935655,nan,nan,nan,nan,nan,nan,nan,nan,nan,nan,0.1243049780047264,False,False,NO_MOTION,NOT_CHECKED,NO_MOTION/NOT_CHECKED,no motion; geometry not checked,False,False,False,,,,,,,,
63,dwell_start,False,-16.516000747680664,0.0,15.238,15.429,-16.516000747680664,-16.516000747680664,15.528,15.667,-16.516000747680664,-16.516000747680664,678,1474,678,0.00380346504971385,0.011291480623185635,0.021489390662439965,True,0.005304861879104389,0.038289836489896555,nan,nan,nan,nan,nan,nan,nan,nan,nan,nan,0.08548781060048143,False,False,NO_MOTION,NOT_CHECKED,NO_MOTION/NOT_CHECKED,no motion; geometry not checked,False,False,False,,,,,,,,
64,dwell_start,False,-16.516000747680664,0.0,15.528,15.667,-16.516000747680664,-16.516000747680664,15.74,15.959,-16.516000747680664,-16.516000747680664,644,1567,644,0.003536088392138481,0.010834847576916218,0.030130825073871395,True,0.021637256485153418,0.06112648410711641,nan,nan,nan,nan,nan,nan,nan,nan,nan,nan,0.13647405617418512,False,False,NO_MOTION,NOT_CHECKED,NO_MOTION/NOT_CHECKED,no motion; geometry not checked,False,False,False,,,,,,,,
65,dwell_start,False,-16.516000747680664,0.0,15.74,15.959,-16.516000747680664,-16.516000747680664,16.057,16.376,-16.516000747680664,-16.516000747680664,690,1471,690,0.0038022235967218876,0.011293531395494938,0.03556750347607637,True,0.01992792975324429,0.0560274306020916,nan,nan,nan,nan,nan,nan,nan,nan,nan,nan,0.12508965341252007,False,False,NO_MOTION,NOT_CHECKED,NO_MOTION/NOT_CHECKED,no motion; geometry not checked,False,False,False,,,,,,,,
66,dwell_start,False,-16.516000747680664,0.0,16.057,16.376,-16.516000747680664,-16.516000747680664,16.443,16.561,-16.516000747680664,-16.516000747680664,713,1406,713,0.0035589307080954313,0.010455729439854622,0.025094941142257757,True,0.012561875666622785,0.039450796993111874,nan,nan,nan,nan,nan,nan,nan,nan,nan,nan,0.08807982928511852,False,False,NO_MOTION,NOT_CHECKED,NO_MOTION/NOT_CHECKED,no motion; geometry not checked,False,False,False,,,,,,,,
67,dwell_start,False,-16.516000747680664,0.0,16.443,16.561,-16.516000747680664,-16.516000747680664,16.645,16.797,-16.516000747680664,-16.516000747680664,680,1517,680,0.0035515944473445415,0.010608523152768612,0.023549187440477508,True,0.012239880646486711,0.03773923940682635,nan,nan,nan,nan,nan,nan,nan,nan,nan,nan,0.08425851991998706,False,False,NO_MOTION,NOT_CHECKED,NO_MOTION/NOT_CHECKED,no motion; geometry not checked,False,False,False,,,,,,,,
68,dwell_start,False,-16.516000747680664,0.0,16.645,16.797,-16.516000747680664,-16.516000747680664,16.882,17.064,-16.516000747680664,-16.516000747680664,673,1478,673,0.004019525367766619,0.012055749073624611,0.027961600535512325,True,0.014119819713199524,0.045720328675916584,nan,nan,nan,nan,nan,nan,nan,nan,nan,nan,0.10207750036931736,False,False,NO_MOTION,NOT_CHECKED,NO_MOTION/NOT_CHECKED,no motion; geometry not checked,False,False,False,,,,,,,,
69,dwell_start,False,-16.516000747680664,0.0,16.882,17.064,-16.516000747680664,-16.516000747680664,17.127,17.294,-16.516000747680664,-16.516000747680664,699,1459,699,0.003790204646065831,0.01139927189797163,0.0203544962431175,True,0.006600647198362463,0.026624090571136894,nan,nan,nan,nan,nan,nan,nan,nan,nan,nan,0.059442280793128646,False,False,NO_MOTION,NOT_CHECKED,NO_MOTION/NOT_CHECKED,no motion; geometry not checked,False,False,False,,,,,,,,
70,dwell_start,False,-16.516000747680664,0.0,17.127,17.294,-16.516000747680664,-16.516000747680664,17.382,17.56,-16.516000747680664,-16.516000747680664,678,1429,678,0.003937667701393366,0.012338981032371521,0.019375912679484575,True,0.0028314836453401508,0.030826663914440947,nan,nan,nan,nan,nan,nan,nan,nan,nan,nan,0.06882515695405997,False,False,NO_MOTION,NOT_CHECKED,NO_MOTION/NOT_CHECKED,no motion; geometry not checked,False,False,False,,,,,,,,
71,dwell_start,False,-16.516000747680664,0.0,17.382,17.56,-16.516000747680664,-16.516000747680664,17.621,17.794,-16.516000747680664,-16.516000747680664,686,1467,686,0.003676449880003929,0.011466171592473984,0.02000557839280235,True,0.010457111438145521,0.026851580909531936,nan,nan,nan,nan,nan,nan,nan,nan,nan,nan,0.05995018713969365,False,False,NO_MOTION,NOT_CHECKED,NO_MOTION/NOT_CHECKED,no motion; geometry not checked,False,False,False,,,,,,,,
72,dwell_start,False,-16.516000747680664,0.0,17.621,17.794,-16.516000747680664,-16.516000747680664,17.88,18.062,-16.516000747680664,-16.516000747680664,670,1489,670,0.0037211421877145767,0.011811409145593643,0.019137391102964897,True,0.0034445772732185583,0.02137589803670945,nan,nan,nan,nan,nan,nan,nan,nan,nan,nan,0.04772490274957445,False,False,NO_MOTION,NOT_CHECKED,NO_MOTION/NOT_CHECKED,no motion; geometry not checked,False,False,False,,,,,,,,
73,dwell_start,False,-16.516000747680664,0.0,17.88,18.062,-16.516000747680664,-16.516000747680664,18.16,18.298,-16.516000747680664,-16.516000747680664,686,1471,686,0.0036689648404717445,0.011187977157533169,0.02222770882560404,True,0.008718279846853562,0.034624016874913656,nan,nan,nan,nan,nan,nan,nan,nan,nan,nan,0.07730331775147489,False,False,NO_MOTION,NOT_CHECKED,NO_MOTION/NOT_CHECKED,no motion; geometry not checked,False,False,False,,,,,,,,
74,sweep,True,-16.105399513244627,0.4106012344360366,18.16,18.298,-16.516000747680664,-16.516000747680664,18.391,18.561,-16.38800048828125,-16.073999404907227,658,1500,660,0.00877401139587164,0.02564675360918045,0.3274893985193267,False,nan,nan,0.7013262316118059,1.1245594050474776,0.15190887477025483,0.2803503186144593,0.017725512762238233,0.12365572997720328,0.10817333408995194,0.10413908311544343,0.14263519476493478,0.0698186352784116,0.24151321458749317,False,False,NO_MOTION,VERIFIED,NO_MOTION/VERIFIED,no motion; geometry verified by background,False,False,False,318,0.04279620172018332,32,0.11517918328106569,1150,0.1783696559257406,224,0.030073675315466144
75,sweep,True,-15.62760009765625,0.47779941558837713,18.391,18.561,-16.38800048828125,-16.073999404907227,18.657,18.795,-15.902999877929688,-15.597000122070312,717,1330,746,0.008276061154901981,0.02619989961385727,0.8218847325236385,False,nan,nan,1.6874781314054879,1.8991089076747611,0.09688566980279072,0.2306203258584158,0.028978631316475722,0.1833689834759391,0.12374999267804429,0.10533390808276875,0.1070060476656979,0.06875951919644421,0.27629044429748606,False,False,NO_MOTION,VERIFIED,NO_MOTION/VERIFIED,no motion; geometry verified by background,False,False,False,233,0.03499029725422554,30,0.20120042894706783,1067,0.12807009464895244,135,0.029350305667432255
76,sweep,True,-15.063499641418456,0.564100456237794,18.657,18.795,-15.902999877929688,-15.597000122070312,18.888,19.062,-15.40999984741211,-15.024999618530273,653,1317,675,0.008840885013341904,0.028539618477225304,1.0600522571740372,False,nan,nan,1.2179644861864716,1.6777573064652689,0.03608713608642738,0.24536108098432297,0.03823568751211556,0.21175231738808606,0.17559205798410038,0.11865567118674733,0.1618644707423038,0.06708072751093058,0.39203564109902733,False,False,NO_MOTION,VERIFIED,NO_MOTION/VERIFIED,no motion; geometry verified by background,False,False,False,255,0.03731495030773551,43,0.20580492812505108,1019,0.20387747029159164,158,0.029065462759863603
77,sweep,True,-14.562300109863282,0.5011995315551747,18.888,19.062,-15.40999984741211,-15.024999618530273,19.153,19.294,-14.843999862670898,-14.531000137329102,615,1412,628,0.00719930324703455,0.024120818823575974,0.9480683064369311,False,nan,nan,1.6838596793230813,1.8656955669395905,0.06380061627172957,0.2189204380119868,0.037450675781296947,0.20048874404489292,0.1760145132228999,0.11632603295934081,0.1250461650081511,0.06363837135687722,0.39297883586694454,False,False,NO_MOTION,VERIFIED,NO_MOTION/VERIFIED,no motion; geometry verified by background,False,False,False,352,0.02847914406972131,56,0.23661180002069615,1004,0.1864846915455934,259,0.023508231788653324
78,sweep,True,-14.023500061035156,0.5388000488281257,19.153,19.294,-14.843999862670898,-14.531000137329102,19.384,19.564,-14.361000061035156,-13.986000061035156,603,1446,615,0.007390044163912535,0.02156706526875496,1.0696328945385796,False,nan,nan,1.8361564552321032,2.0568969124674723,0.1549608231145494,0.3615445933340647,0.03525845672519589,0.2419569580175302,0.19497610194417136,0.13494349282648277,0.172695222161954,0.06306108871238304,0.4353134304718602,False,False,NO_MOTION,VERIFIED,NO_MOTION/VERIFIED,no motion; geometry verified by background,False,False,False,352,0.03917724101717106,61,0.23835273673479238,1033,0.2558305214530332,254,0.030631462034089542
79,sweep,True,-13.550700283050537,0.47279977798461914,19.384,19.564,-14.361000061035156,-13.986000061035156,19.627,19.793,-13.871999740600586,-13.515000343322754,640,1379,677,0.007642002776265144,0.02563125267624855,0.917688857302927,False,nan,nan,1.6364688712276925,1.882210620781531,0.07648211193108549,0.2784131370476385,0.040852767457857445,0.1968895530413201,0.13816694250123523,0.1070897406362468,0.1450700912539715,0.06689838404643327,0.3084784500166226,False,False,NO_MOTION,VERIFIED,NO_MOTION/VERIFIED,no motion; geometry verified by background,False,False,False,324,0.0349973810663933,37,0.2495564679586476,1018,0.1986002452027631,221,0.025977494979308357
80,sweep,True,-12.990800094604491,0.5599001884460453,19.627,19.793,-13.871999740600586,-13.515000343322754,19.882,20.062,-13.331000328063965,-12.95300006866455,626,1473,646,0.008528252132236958,0.02534586563706398,1.0724561966688546,False,nan,nan,1.2201016113776864,1.6220772501427145,0.022937968627336762,0.2611743895913884,0.036927034110040904,0.3183278448878918,0.28020260238945394,0.19132517928860143,0.1692882378330105,0.06565059650453245,0.6255943926308566,False,False,NO_MOTION,VERIFIED,NO_MOTION/VERIFIED,no motion; geometry verified by background,False,False,False,339,0.03307150675972831,36,0.3121734270539446,1098,0.24336129389751893,247,0.02973006610518559
81,sweep,True,-12.187100028991699,0.8037000656127926,19.882,20.062,-13.331000328063965,-12.95300006866455,20.166,20.452,-12.746000289916992,-12.125,614,1415,640,0.008478745818138123,0.026733001694083214,1.4523019147653744,False,nan,nan,1.3254695971883927,1.8452038657984704,0.08194551415912071,0.3383138001207463,0.04679089197388882,0.4066457889405322,0.3072821894254004,0.1435902879415783,0.2226626063774087,0.06437785634726613,0.6860536376913334,False,False,NO_MOTION,VERIFIED,NO_MOTION/VERIFIED,no motion; geometry verified by background,False,False,False,297,0.037292668359950286,39,0.360785672819421,1079,0.32007535566900563,220,0.03018734490004854
82,sweep,True,-11.695799732208252,0.49130029678344656,20.166,20.452,-12.746000289916992,-12.125,20.543,20.662,-11.937000274658203,-11.668999671936035,614,1457,630,0.00794187281280756,0.026065697893500328,0.9073172579481903,False,nan,nan,1.424909706447912,1.6110540248691352,0.5255360825092616,0.751713998230962,0.032441824323738336,0.2218545823214455,0.14800634766688092,0.1100571532469101,0.14755861654214528,0.06574206259481782,0.3304463997999566,False,False,NO_MOTION,VERIFIED,NO_MOTION/VERIFIED,no motion; geometry verified by background,False,False,False,336,0.03289807365623609,34,0.31562348307171073,1087,0.19296367727435096,258,0.02700675907325556
83,sweep,True,-11.143599605560302,0.5522001266479499,20.543,20.662,-11.937000274658203,-11.668999671936035,20.723,20.924,-11.553999900817871,-11.097999572753906,615,1438,627,0.00801515020430088,0.02536696568131447,1.0603499476357732,False,nan,nan,1.9664102978756672,2.162728859670166,0.1358720209460907,0.23891901255637155,0.03148814779144585,0.3623477211599196,0.3001042428204026,0.10857885389062724,0.18774176452593053,0.06470723883006069,0.6700277938612001,False,False,NO_MOTION,VERIFIED,NO_MOTION/VERIFIED,no motion; geometry verified by background,False,False,False,318,0.032697119540535016,47,0.24081182765200354,1073,0.25831973008415204,243,0.028122179060739275
84,sweep,True,-10.638800239562988,0.5047993659973145,20.723,20.924,-11.553999900817871,-11.097999572753906,20.989,21.161,-10.970000267028809,-10.60200023651123,649,1437,674,0.007161689456552267,0.02415689080953598,0.9079883124343381,False,nan,nan,1.4262504406429077,3.606081707068194,0.12336803121082708,2.2367218534033766,0.024212848678215448,2.403683532420086,0.21783727020903476,0.16066704460279813,0.13932122373164788,0.0696914708852889,0.48635442207411134,False,False,NO_MOTION,VERIFIED,NO_MOTION/VERIFIED,no motion; geometry verified by background,False,False,False,316,0.025932144605650846,36,0.35393828349386447,1085,0.18505790935898409,244,0.021886936554866943
85,sweep,True,-10.087500190734863,0.551300048828125,20.989,21.161,-10.970000267028809,-10.60200023651123,21.222,21.427,-10.48799991607666,-10.043000221252441,650,1375,681,0.008462619036436081,0.022600719705224037,1.0415586695944903,False,nan,nan,1.790572012229908,5.907336862037932,0.15051768965247458,4.993016436983647,0.027070757814216986,4.67971287685233,0.25177931923442587,0.18471903700182046,0.18478743832990116,0.06737130523936145,0.562135144178802,False,False,NO_MOTION,VERIFIED,NO_MOTION/VERIFIED,no motion; geometry verified by background,False,False,False,269,0.02931261587096366,34,0.28498425046561315,1072,0.24469548420695833,200,0.022855874416242004
86,sweep,True,-9.586899852752685,0.5006003379821777,21.222,21.427,-10.48799991607666,-10.043000221252441,21.488,21.667,-9.928000450134277,-9.548999786376953,629,1424,635,0.007705250289291143,0.02279037795960903,0.8944552543612447,False,nan,nan,1.671537314810038,1.8683053015783853,0.5425975761413493,0.8118571989182328,0.024765715924351582,0.2776270873017985,0.2509104066301956,0.14689583613392682,0.149088356818258,0.06512045329553143,0.5601951662904552,False,False,NO_MOTION,VERIFIED,NO_MOTION/VERIFIED,no motion; geometry verified by background,False,False,False,312,0.0221003073929181,39,0.450407808158443,1073,0.19020590974286786,244,0.01917233476016801
87,sweep,True,-8.802199840545654,0.7847000122070309,21.488,21.667,-9.928000450134277,-9.548999786376953,21.817,22.061,-9.362000465393066,-8.739999771118164,626,1354,644,0.00895014125853777,0.026264920830726624,1.5829300745933699,False,nan,nan,1.5858204496379527,1.9440417792332452,0.17271761571671912,1.0242923595102744,0.03645480307013413,0.43703850693296786,0.3053937322695159,0.09570499931583826,0.33128730477555546,0.06328672850534525,0.6818373734690514,False,False,NO_MOTION,VERIFIED,NO_MOTION/VERIFIED,no motion; geometry verified by background,False,False,False,259,0.036485810238865435,46,0.23994294544287836,1049,0.46114751530837733,215,0.030233623246454552
88,sweep,True,-8.289000320434571,0.5131995201110833,21.817,22.061,-9.362000465393066,-8.739999771118164,22.122,22.296,-8.630999565124512,-8.25100040435791,659,1372,665,0.008576254360377789,0.022508298978209496,0.8884613987185963,False,nan,nan,1.34303090557417,1.535326659862108,0.2512790407182993,0.47002392684917493,0.027844226213246902,0.2724854434471021,0.200100960096807,0.11741889114181739,0.1225857903724975,0.06692444527621191,0.44675544598483985,False,False,NO_MOTION,VERIFIED,NO_MOTION/VERIFIED,no motion; geometry verified by background,False,False,False,289,0.0276239011081266,34,0.1738502846034103,1049,0.17025398765368133,218,0.023044127381838336
89,sweep,True,-7.729299879074096,0.5597004413604747,22.122,22.296,-8.630999565124512,-8.25100040435791,22.393,22.561,-8.0649995803833,-7.691999912261963,671,1328,676,0.007980740629136562,0.023176750168204308,1.0432463834420322,False,nan,nan,1.9825862388922246,2.307851140524483,0.07480130789864005,0.31196052470110114,0.029907382150673567,0.3414576308731099,0.29995115379588433,0.08865838582154946,0.17546296327469146,0.06978959250941032,0.6696859996219773,False,False,NO_MOTION,VERIFIED,NO_MOTION/VERIFIED,no motion; geometry verified by background,False,False,False,267,0.026738241062841065,30,0.15913706645640968,1031,0.23969233304446985,206,0.021376449245625727
90,sweep,True,-7.211700105667115,0.5175997734069817,22.393,22.561,-8.0649995803833,-7.691999912261963,22.644,22.8,-7.5329999923706055,-7.176000118255615,681,1397,686,0.008204178884625435,0.023084403946995735,0.8979962928035484,False,nan,nan,1.0990698169313857,1.4846489791773145,0.029639324624034645,0.4402688328233043,0.027356436159084136,0.3459633193480046,0.28714797560148453,0.10359030546895469,0.12876372323979574,0.06817400424959492,0.6411009814316836,False,False,NO_MOTION,VERIFIED,NO_MOTION/VERIFIED,no motion; geometry verified by background,False,False,False,284,0.03332234023036708,28,0.3457709940096486,1085,0.16509470578756433,217,0.02441137394225901
91,sweep,True,-6.662699937820435,0.54900016784668,22.644,22.8,-7.5329999923706055,-7.176000118255615,22.892,23.061,-6.993000030517578,-6.625999927520752,642,1366,650,0.007633970584720373,0.02256361022591591,1.0561780507514476,False,nan,nan,1.3164850728166204,1.5223630207467567,0.33428141239637754,0.6723358709349779,0.03467560578086398,0.34612689662748775,0.21170562081235056,0.12178024967418014,0.17291032277861235,0.06774832560325998,0.4726645939018075,False,False,NO_MOTION,VERIFIED,NO_MOTION/VERIFIED,no motion; geometry verified by background,False,False,False,273,0.028586559839610788,41,0.21815573383063497,1052,0.243034439004666,215,0.023814664074338632
92,sweep,True,-6.166200160980225,0.49649977684020996,22.892,23.061,-6.993000030517578,-6.625999927520752,23.155,23.296,-6.438000202178955,-6.136000156402588,652,1372,656,0.0076714009046554565,0.02258799970149994,0.9088697198112876,False,nan,nan,1.3066926954178637,1.5785032676240816,0.05160310708090081,0.5246696664006785,0.02946445584684053,0.28253736543250607,0.2642588106344357,0.09976858059315521,0.14703847110321003,0.06827207321654191,0.5899974829870619,False,False,NO_MOTION,VERIFIED,NO_MOTION/VERIFIED,no motion; geometry verified by background,False,False,False,275,0.0254683863676809,28,0.2388977685972483,1069,0.19345473283970946,218,0.021925355672501222
93,sweep,True,-5.6135002136230465,0.5526999473571781,23.155,23.296,-6.438000202178955,-6.136000156402588,23.39,23.561,-5.951000213623047,-5.576000213623047,641,1332,644,0.008211440406739712,0.021375901997089386,1.076237014191477,False,nan,nan,1.5022415254452948,1.8093622151966096,0.06244275145689351,0.39567999843358065,0.04136822041952314,0.34895602350232857,0.21496663938214428,0.12960266708990806,0.18155162136792533,0.06671764955459805,0.4799453076215628,False,False,NO_MOTION,VERIFIED,NO_MOTION/VERIFIED,no motion; geometry verified by background,False,False,False,272,0.03225679902939438,34,0.2078421403050374,1026,0.2413758856595091,212,0.02450571007564211
94,sweep,True,-5.103600072860718,0.5099001407623289,23.39,23.561,-5.951000213623047,-5.576000213623047,23.63,23.799,-5.451000213623047,-5.065000057220459,628,1370,631,0.00785980187356472,0.02251604199409485,0.9135407356701337,False,nan,nan,1.6197885104920142,1.8225037849823025,0.038448431058584226,0.28803327615765534,0.02998396611762877,0.32815211393348903,0.22196431461923094,0.10344393871379548,0.13593275098706167,0.06668546563658949,0.4955686685484133,False,False,NO_MOTION,VERIFIED,NO_MOTION/VERIFIED,no motion; geometry verified by background,False,False,False,287,0.031089893361026785,33,0.11259835574496067,1050,0.18254616781241392,225,0.025029107769869465
95,sweep,True,-4.562899923324585,0.540700149536133,23.63,23.799,-5.451000213623047,-5.065000057220459,23.864,24.061,-4.940000057220459,-4.520999908447266,642,1377,645,0.008030937053263187,0.022498449310660362,1.0664872532845209,False,nan,nan,1.9096582619914697,2.367291299108036,0.0743262662262327,0.40787252377698746,0.03905542483443426,0.25488427232582284,0.19748286165994489,0.09478312808204784,0.19119062604756135,0.06991881306065494,0.440910148020119,False,False,NO_MOTION,VERIFIED,NO_MOTION/VERIFIED,no motion; geometry verified by background,False,False,False,266,0.03357297081478432,32,0.23092385703762847,1079,0.25505454933737476,202,0.026127792198941922
96,sweep,True,-4.067700052261353,0.4951998710632317,23.864,24.061,-4.940000057220459,-4.520999908447266,24.129,24.295,-4.388999938964844,-4.0320000648498535,684,1357,690,0.008339755237102509,0.02291259355843067,0.9148025968407512,False,nan,nan,1.574002184160682,1.8421040903231836,0.0999689309143767,0.34878068530725875,0.031421594626267674,0.32730358660028425,0.2485476068527838,0.14374530683556555,0.15029648190295408,0.0702163786488531,0.5549198609255045,False,False,NO_MOTION,VERIFIED,NO_MOTION/VERIFIED,no motion; geometry verified by background,False,False,False,256,0.025277293711581435,23,0.20583048360094325,1078,0.1923717556514027,205,0.021124896701339043
97,sweep,True,-3.5169000387191773,0.5508000135421756,24.129,24.295,-4.388999938964844,-4.0320000648498535,24.359,24.566,-3.9119999408721924,-3.4730000495910645,653,1354,661,0.008350281044840813,0.022818073630332947,1.0565224539804414,False,nan,nan,1.970219845993563,2.3520092233366676,0.05681386324687878,0.4238425375060394,0.02716609067339913,0.35919061519703405,0.22950513132814337,0.11460347014987256,0.18381693654435988,0.06865543773255364,0.5124046743839188,False,False,NO_MOTION,VERIFIED,NO_MOTION/VERIFIED,no motion; geometry verified by background,False,False,False,265,0.02899698090330186,32,0.2765487289243722,1057,0.24811182201125143,215,0.02339236665562911
98,sweep,True,-3.026200008392334,0.4907000303268432,24.359,24.566,-3.9119999408721924,-3.4730000495910645,24.629,24.793,-3.3519999980926514,-2.990000009536743,665,1244,672,0.007098207715898752,0.02021302841603756,0.8956823105450462,False,nan,nan,1.2993530652697358,1.5249032136641947,0.034847645261202105,0.4186174365865778,0.027597704922734095,0.3312060804662842,0.21380101006609376,0.06272863599572936,0.1474939333620338,0.0672754355343861,0.477342865111076,False,False,NO_MOTION,VERIFIED,NO_MOTION/VERIFIED,no motion; geometry verified by background,False,False,False,266,0.03104180466127953,31,0.23182022789975287,947,0.1937665946115887,219,0.025020838231684914
99,sweep,True,-2.477299952507019,0.5489000558853152,24.629,24.793,-3.3519999980926514,-2.990000009536743,24.863,25.061,-2.8580000400543213,-2.434999942779541,656,1281,664,0.008099326863884926,0.02406773716211319,1.0482431796072174,False,nan,nan,1.8377140998717771,2.1443293418197094,0.03815316083067828,0.42103247373451036,0.02707206342986452,0.36454760217154697,0.26394159615484414,0.14207701154494962,0.18794255165531285,0.06894232973016753,0.5892892540198735,False,False,NO_MOTION,VERIFIED,NO_MOTION/VERIFIED,no motion; geometry verified by background,False,False,False,249,0.03373427532386258,27,0.39869119130629505,1005,0.2676696778776862,210,0.030107384271876682
100,sweep,True,-1.9722999811172486,0.5049999713897704,24.863,25.061,-2.8580000400543213,-2.434999942779541,25.155,25.293,-2.253999948501587,-1.940999984741211,680,1249,693,0.008183177560567856,0.023214859887957573,0.9078637633763984,False,nan,nan,1.6105268608522372,1.9441240799964978,0.034104265752095984,0.3648733532727446,0.02263460557115883,0.345217046839028,0.20469910639982009,0.10826012945510849,0.15532437748532854,0.0694820441427213,0.45702149818824916,False,False,NO_MOTION,VERIFIED,NO_MOTION/VERIFIED,no motion; geometry verified by background,False,False,False,233,0.0286253116048623,26,0.4856319898811655,990,0.1933539082413276,194,0.024703823350430178
101,sweep,True,-1.4084999680519104,0.5638000130653382,25.155,25.293,-2.253999948501587,-1.940999984741211,25.364,25.568,-1.809000015258789,-1.3639999628067017,681,1238,688,0.007495156954973936,0.021556386724114418,1.0580571368631748,False,nan,nan,1.5542587282278277,1.869690304603791,0.2419919536304125,0.6972240303459603,0.02740882129265876,0.3427759405730259,0.2882263467479542,0.09302062501472685,0.17361088332391633,0.0713835885826233,0.643508606973536,False,False,NO_MOTION,VERIFIED,NO_MOTION/VERIFIED,no motion; geometry verified by background,False,False,False,226,0.02850868319831111,22,0.4376363398021127,990,0.22638800438191553,197,0.024800652771601144
102,sweep,True,-0.8982000172138214,0.510299950838089,25.364,25.568,-1.809000015258789,-1.3639999628067017,25.663,25.795,-1.1610000133514404,-0.8690000176429749,675,1215,682,0.007712499238550663,0.02078644558787346,0.9084358898540713,False,nan,nan,1.3506831795995107,1.6325063558812158,0.1712395820488576,0.35667091418378316,0.027265085204345615,0.22340478437008982,0.0928822180975927,0.08235056931924734,0.1435555554856348,0.0674713271494981,0.20737350160726856,False,False,NO_MOTION,VERIFIED,NO_MOTION/VERIFIED,no motion; geometry verified by background,False,False,False,219,0.03277251810820155,21,0.6571735102661383,975,0.1868944987070646,189,0.02851788071525374
103,sweep,True,-0.3518999844789505,0.5463000327348708,25.663,25.795,-1.1610000133514404,-0.8690000176429749,25.861,26.06,-0.7379999756813049,-0.3089999854564667,664,1173,667,0.008085311390459538,0.02425769343972206,1.0670932981851768,False,nan,nan,1.9362489039833473,2.3060322258118653,0.0822488188958505,0.5091999694850095,0.032096353468320474,0.34251206676080376,0.15034065487356457,0.09458472921494326,0.19621550383289832,0.06833675178470282,0.3356580912215422,False,False,NO_MOTION,VERIFIED,NO_MOTION/VERIFIED,no motion; geometry verified by background,False,False,False,215,0.024215897210617766,20,0.577201761227421,938,0.2611427151965075,187,0.019743219968017898
104,sweep,True,0.15759999603033065,0.5094999805092811,25.861,26.06,-0.7379999756813049,-0.3089999854564667,26.123,26.296,-0.18799999356269836,0.19599999487400055,704,1179,708,0.007872382178902626,0.02221645601093769,0.8945826023783183,False,nan,nan,1.6786017771545314,2.1246197167025045,0.02415804372177518,0.4172106782480792,0.021469544316627828,0.3659359988243535,0.19665133277500424,0.08836152563229459,0.1377720028511731,0.06932237310742102,0.43905363489963617,False,False,NO_MOTION,VERIFIED,NO_MOTION/VERIFIED,no motion; geometry verified by background,False,False,False,219,0.023876388279675146,21,0.5295953807925666,939,0.18287554717309434,189,0.02160472984774402
105,sweep,True,0.7165999799966812,0.5589999839663506,26.123,26.296,-0.18799999356269836,0.19599999487400055,26.357,26.563,0.31700000166893005,0.7609999775886536,678,1158,682,0.007900228723883629,0.023175813257694244,1.066277173767126,False,nan,nan,1.874082934420128,2.278810855125575,0.13517978837406514,0.30760571437434936,0.02810771210213924,0.3415938359789055,0.25939426499256774,0.07787614558023975,0.18517695950697463,0.06927320762168784,0.5791366542499339,False,False,NO_MOTION,VERIFIED,NO_MOTION/VERIFIED,no motion; geometry verified by background,False,False,False,209,0.029051336723446633,17,0.6864131184310899,932,0.24129194382718738,181,0.023876027697676126
106,sweep,True,1.21700000166893,0.5004000216722487,26.357,26.563,0.31700000166893005,0.7609999775886536,26.645,26.792,0.9200000166893005,1.25,678,1166,684,0.00721289636567235,0.02173003740608692,0.8943930978612655,False,nan,nan,1.5410042673811928,2.010196097998816,0.019772883686197125,0.3486181744540018,0.022548544397059632,0.3403933844857092,0.1865067441451651,0.06800144580842087,0.14678426569422576,0.06892812613326152,0.4164043171978925,False,False,NO_MOTION,VERIFIED,NO_MOTION/VERIFIED,no motion; geometry verified by background,False,False,False,207,0.023226407510651737,16,0.29394416317707883,943,0.19859670706860783,182,0.01977581673391752
107,sweep,True,1.7714999914169312,0.5544999897480012,26.645,26.792,0.9200000166893005,1.25,26.855,27.058,1.371000051498413,1.815999984741211,669,1162,673,0.0085503701120615,0.02476557530462742,1.0574334912699541,False,nan,nan,1.4098360191170343,1.7185712414616885,0.12772851256749176,0.4100401625887587,0.03130452242701905,0.3609869231291515,0.25390664240368954,0.10977765433510364,0.198477436467764,0.07037844146003128,0.5668847126505298,False,False,NO_MOTION,VERIFIED,NO_MOTION/VERIFIED,no motion; geometry verified by background,False,False,False,197,0.030353372216126953,17,0.5587860610410099,948,0.25328457763178536,175,0.027702285749192226
108,sweep,True,2.2775999426841738,0.5060999512672426,26.855,27.058,1.371000051498413,1.815999984741211,27.144,27.293,1.9859999418258667,2.309999942779541,668,1116,675,0.008047510869801044,0.022254856303334236,0.9231982661376132,False,nan,nan,1.335574793419266,1.622281247459821,0.1934357170386125,0.4588327390806314,0.02962366346566843,0.329549648512456,0.09736398753626013,0.07789874553013929,0.1601671382024118,0.06915882873160231,0.21737972498273073,False,False,NO_MOTION,VERIFIED,NO_MOTION/VERIFIED,no motion; geometry verified by background,False,False,False,184,0.024592485664466694,12,0.1797237789472567,920,0.2013769091000393,160,0.021730499422463124
109,sweep,True,2.8227999687194822,0.5452000260353085,27.144,27.293,1.9859999418258667,2.309999942779541,27.393,27.562,2.496999979019165,2.8589999675750732,664,1168,668,0.008463148027658463,0.02271559089422226,1.0507832930390886,False,nan,nan,1.7541489795772143,2.1067027060335017,0.08205980445940915,0.37246533236678037,0.03310002463230098,0.3800235583003487,0.1417098760693235,0.0804085611884027,0.1963101122880358,0.07031789020312366,0.31638858131004655,False,False,NO_MOTION,VERIFIED,NO_MOTION/VERIFIED,no motion; geometry verified by background,False,False,False,208,0.03257129768565829,16,0.4373723330478494,944,0.26180580722070873,187,0.02638944826209083
110,sweep,True,3.3241000175476074,0.5013000488281252,27.393,27.562,2.496999979019165,2.8589999675750732,27.658,27.8,3.0460000038146973,3.3550000190734863,683,1137,692,0.007885177619755268,0.02394980937242508,0.9277585078103389,False,nan,nan,1.4957772006645744,1.8490150183901168,0.030135654736080885,0.33989632651420887,0.02989537394975188,0.27789188489971706,0.15872512003098985,0.0812343431612678,0.1612699688976944,0.0712177883519427,0.3543776689234068,False,False,NO_MOTION,VERIFIED,NO_MOTION/VERIFIED,no motion; geometry verified by background,False,False,False,195,0.034748096496564906,12,0.22945450679880067,930,0.197343689677071,173,0.027554668846033983
111,sweep,True,3.871199917793274,0.5470999002456667,27.658,27.8,3.0460000038146973,3.3550000190734863,27.887,28.059,3.5309998989105225,3.9089999198913574,677,1121,680,0.00829387828707695,0.023691603913903236,1.0440189511834133,False,nan,nan,1.856205735645261,2.3051048376528502,0.18169533786965006,0.8522290789651528,0.031765179300018105,0.2733710877009981,0.14471700622909775,0.07662516914280511,0.20792385214869438,0.07067936074080072,0.3231024510236874,False,False,NO_MOTION,VERIFIED,NO_MOTION/VERIFIED,no motion; geometry verified by background,False,False,False,189,0.03194243292262666,17,0.2249255307580904,915,0.2670104855033321,170,0.027284705706896697
112,sweep,True,4.387800168991089,0.5166002511978149,27.887,28.059,3.5309998989105225,3.9089999198913574,28.133,28.3,4.052999973297119,4.425000190734863,684,1098,687,0.008057625964283943,0.02055632881820202,0.9079242427973824,False,nan,nan,1.5309649446976732,1.9766326352935473,0.31170855759936433,0.6406168040242284,0.025262688056456043,0.3205197641395344,0.25208366840763685,0.1015840436549996,0.15016656977441012,0.07103971268596962,0.5628146494172935,False,False,NO_MOTION,VERIFIED,NO_MOTION/VERIFIED,no motion; geometry verified by background,False,False,False,187,0.029707198752893287,12,0.617232028839127,899,0.18992417314909463,165,0.022507730269962882
113,sweep,True,4.924599838256836,0.5367996692657471,28.133,28.3,4.052999973297119,4.425000190734863,28.385,28.562,4.578999996185303,4.9629998207092285,683,1074,687,0.008335769176483154,0.02307390421628952,1.026135135299506,False,nan,nan,1.7262741610153751,2.1689315597593786,0.033453167798189125,0.43936596923591054,0.02416339819740879,0.43436433330607016,0.1852824747017104,0.07469515050347628,0.22239480863881617,0.06993873720402756,0.4136709517959893,False,False,NO_MOTION,VERIFIED,NO_MOTION/VERIFIED,no motion; geometry verified by background,False,False,False,171,0.032935056662591396,15,0.4258847328797667,888,0.27852034631999684,163,0.03155017541714714
114,sweep,True,5.406999969482422,0.4824001312255861,28.385,28.562,4.578999996185303,4.9629998207092285,28.636,28.794,5.10099983215332,5.440999984741211,686,997,691,0.00781431794166565,0.020112456753849983,0.891109404436442,False,nan,nan,1.3414165136182834,1.8081053330341073,0.4922227225570668,0.6995244925567654,0.02720812683051778,0.3731355933864102,0.10025593329789928,0.06154298501519691,0.178670189410451,0.07080564376252738,0.2238364282283324,False,False,NO_MOTION,VERIFIED,NO_MOTION/VERIFIED,no motion; geometry verified by background,False,False,False,156,0.027581261579603257,15,0.33348980379957965,826,0.2256678823473352,145,0.025211188448527547
115,sweep,True,5.960699796676636,0.5536998271942135,28.636,28.794,5.10099983215332,5.440999984741211,28.863,29.062,5.579999923706055,6.002999782562256,675,1029,678,0.00784493237733841,0.0222148597240448,1.050922183173235,False,nan,nan,1.8522207450745034,2.4193438709673245,0.23849627637248924,0.5389632053993768,0.030552310407286107,0.3728269488336673,0.21370098396740422,0.08807417821895366,0.21471325185360804,0.07315747755700985,0.47711954182312905,False,False,NO_MOTION,VERIFIED,NO_MOTION/VERIFIED,no motion; geometry verified by background,False,False,False,157,0.029069405471820783,15,0.5811237380933759,857,0.2752715674839683,147,0.02783567961137071
116,sweep,True,6.448200130462647,0.4875003337860111,28.863,29.062,5.579999923706055,6.002999782562256,29.124,29.297,6.117000102996826,6.485000133514404,691,1016,696,0.007681281305849552,0.021447286009788513,0.8768713340244838,False,nan,nan,1.4740936567268312,2.0969894834530187,0.22508759644129195,0.5979783498780886,0.02204229773199453,0.2237992271907399,0.11888967889824142,0.08479863394389717,0.17816668501692268,0.07017899777605803,0.2654390638279891,False,False,NO_MOTION,VERIFIED,NO_MOTION/VERIFIED,no motion; geometry verified by background,False,False,False,133,0.02898500542154134,20,0.5887004118642041,863,0.21310635547721504,128,0.027804135558646415
117,sweep,True,7.017800188064575,0.569600057601928,29.124,29.297,6.117000102996826,6.485000133514404,29.36,29.565,6.611000061035156,7.063000202178955,703,1012,710,0.008166175335645676,0.0222563985735178,1.0467840242806226,False,nan,nan,3.262894692650962,4.176444439886726,0.1291044791721459,0.2527997456369448,0.02548014820585046,0.483605618976928,0.11705617703609436,0.08130415862752832,0.21563913067851515,0.0705206776893881,0.2613454955525482,False,False,NO_MOTION,VERIFIED,NO_MOTION/VERIFIED,no motion; geometry verified by background,False,False,False,134,0.031640402683333346,28,0.4914327764423343,850,0.2471655563169956,132,0.029666361645544394
118,sweep,True,7.522500228881836,0.5047000408172613,29.36,29.565,6.611000061035156,7.063000202178955,29.649,29.797,7.2210001945495605,7.556000232696533,718,979,721,0.007734603248536587,0.020166851580142975,0.8804122502779319,False,nan,nan,1.4186133967627306,1.962408599583667,0.15533104875118003,0.4048531158417117,0.021777113795663067,0.31659320189604323,0.10876106105168279,0.07043333868128454,0.16481253594603607,0.07044127051100912,0.2428254032985236,False,False,NO_MOTION,VERIFIED,NO_MOTION/VERIFIED,no motion; geometry verified by background,False,False,False,133,0.016883761880579436,21,0.3914334734025358,825,0.20214769616456607,131,0.01676204535279479
119,sweep,True,8.062199592590332,0.5396993637084959,29.649,29.797,7.2210001945495605,7.556000232696533,29.861,30.056,7.677000045776367,8.104999542236328,694,968,700,0.007895293645560741,0.019940996542572975,1.017416037716532,False,nan,nan,2.0705854398585464,2.5206710100098633,0.07494498921414744,0.342514039106969,0.02288135221934015,0.3373772642971939,0.06708311064857525,0.05945652884055403,0.23824374948531934,0.07033104300575893,0.14977311953603575,False,False,NO_MOTION,VERIFIED,NO_MOTION/VERIFIED,no motion; geometry verified by background,False,False,False,130,0.036102075901066344,27,0.23720730458382902,811,0.2669231721219859,118,0.030702793091746193
120,sweep,True,8.572000312805176,0.5098007202148445,29.861,30.056,7.677000045776367,8.104999542236328,30.162,30.292,8.319999694824219,8.600000381469727,714,943,721,0.008549684658646584,0.021290631964802742,0.8859880586192379,False,nan,nan,1.4780437811578504,1.994991765244484,0.2119600501551632,0.43225145214686733,0.021592822475449237,0.13617586680462798,0.0792358551632869,0.07559412112673233,0.16078559828460964,0.0701065024003586,0.17690594684972366,False,False,NO_MOTION,VERIFIED,NO_MOTION/VERIFIED,no motion; geometry verified by background,False,False,False,113,0.02356483965813272,11,1.1130041542967242,819,0.1868876312664156,104,0.017458370474156354
121,sweep,True,9.121999835968017,0.5499995231628407,30.162,30.292,8.319999694824219,8.600000381469727,30.355,30.56,8.717000007629395,9.166999816894531,710,938,719,0.008339261636137962,0.02122245915234089,1.040666924099305,False,nan,nan,3.184044389253783,4.166755102128027,0.1060202267131557,0.25749568402506023,0.03134003299103409,0.24548145551372247,0.10694161460601315,0.09242917763066272,0.23350175653101965,0.0735045755323259,0.23876321585130983,False,False,NO_MOTION,VERIFIED,NO_MOTION/VERIFIED,no motion; geometry verified by background,False,False,False,109,0.022545270623784166,21,0.47305206026708735,808,0.2738256931756554,108,0.022425516053885063
122,sweep,True,9.62889986038208,0.5069000244140636,30.355,30.56,8.717000007629395,9.166999816894531,30.623,30.792,9.28600025177002,9.666999816894531,702,934,711,0.008533347398042679,0.023769451305270195,0.9085022759955816,False,nan,nan,1.7103862386089244,2.191562171210159,0.13116682515929556,0.2761580938184919,0.03356077567812671,0.1899975751038594,0.09693788470004444,0.07450182782217733,0.1739970585463003,0.07072073703244343,0.21642838640576015,False,False,NO_MOTION,VERIFIED,NO_MOTION/VERIFIED,no motion; geometry verified by background,False,False,False,116,0.01865684976414668,11,0.9436238855563345,807,0.1975435554801634,104,0.016124753604341808
123,sweep,True,10.17069969177246,0.5417998313903798,30.623,30.792,9.28600025177002,9.666999816894531,30.88,31.057,9.826000213623047,10.208999633789062,717,906,719,0.009603343904018402,0.02272396720945835,1.0170899299732667,False,nan,nan,3.30500651541992,4.295350345804092,0.11521778098832086,0.3506336732627543,0.03507948530234371,0.20865246175081192,0.10624181726297834,0.08985472743976683,0.2470076356313679,0.07214685108411667,0.2372008131825007,False,False,NO_MOTION,VERIFIED,NO_MOTION/VERIFIED,no motion; geometry verified by background,False,False,False,104,0.022557772332128502,15,0.8518175549156849,787,0.281383976176563,91,0.01948159984593438
124,sweep,True,10.667799949645996,0.4971002578735355,30.88,31.057,9.826000213623047,10.208999633789062,31.158,31.291,10.395999908447266,10.697999954223633,719,907,724,0.008523805998265743,0.022088607773184776,0.8998950204738815,False,nan,nan,1.546936788367795,2.0723640161041708,0.6126065437659924,0.9168268260860004,0.03034611060168091,0.2617304808871677,0.0951611200705235,0.09037333253705152,0.18696817475950378,0.07347012253438513,0.21246149252335353,False,False,NO_MOTION,VERIFIED,NO_MOTION/VERIFIED,no motion; geometry verified by background,False,False,False,101,0.022003235250579796,12,0.47271996116721593,794,0.20633973521351204,89,0.017362674374794773
125,sweep,True,11.204499626159668,0.5366996765136722,31.158,31.291,10.395999908447266,10.697999954223633,31.353,31.56,10.803999900817871,11.24899959564209,740,849,749,0.008340451866388321,0.021666549146175385,1.0213082948124539,False,nan,nan,3.276035820370963,4.3293955413539456,0.022138747395417407,0.21156804669331775,0.03075049074023222,0.21044413309074694,0.09985450070530832,0.08975752204058901,0.25955577990821893,0.07221306001941724,0.22294016967540461,False,False,NO_MOTION,VERIFIED,NO_MOTION/VERIFIED,no motion; geometry verified by background,False,False,False,84,0.01971403925946108,17,1.0691175492425766,748,0.2770766837629739,72,0.017279539564695485
126,sweep,True,11.685800170898437,0.4813005447387688,31.353,31.56,10.803999900817871,11.24899959564209,31.658,31.791,11.42300033569336,11.71500015258789,735,883,747,0.008381395600736141,0.020514652132987976,0.8873063966918623,False,nan,nan,2.677736426655512,3.5900677862795374,0.30397760811073976,0.6023023174981431,0.023838877100738582,0.31913650315531333,0.0843184136017443,0.05662069965792901,0.20478450112648328,0.07063307810248179,0.18825352189793193,False,False,NO_MOTION,VERIFIED,NO_MOTION/VERIFIED,no motion; geometry verified by background,False,False,False,90,0.019734300386354802,17,0.49933780149813256,776,0.22103015559549333,79,0.015849370849822363
127,sweep,True,12.21120023727417,0.5254000663757328,31.658,31.791,11.42300033569336,11.71500015258789,31.856,32.054,11.835000038146973,12.253000259399414,730,885,739,0.0082405935972929,0.021485187113285065,1.0269015016538603,False,nan,nan,3.3188659463864187,4.387352739573972,0.23956662307613955,0.33542209220044605,0.02671870335148651,0.10003319019006823,0.09475971416081155,0.08458519240808132,0.27752943098504257,0.07289274118412556,0.21156529354396053,False,False,NO_MOTION,VERIFIED,NO_MOTION/VERIFIED,no motion; geometry verified by background,False,False,False,85,0.02491517804366666,17,0.5524837720978338,783,0.30027069039723076,74,0.020288264940036497
128,sweep,True,12.723799705505371,0.5125994682312012,31.856,32.054,11.835000038146973,12.253000259399414,32.153,32.291,12.45199966430664,12.753999710083008,724,852,733,0.008231142535805702,0.020480463281273842,0.8671188692294747,False,nan,nan,2.844232359685548,3.8327021589945423,0.11984831762614044,0.6399738856207864,0.02026709352355799,0.26693747094697096,0.09022910584996414,0.05466883368345585,0.1709901917452454,0.074028900229767,0.20145003005139145,False,False,NO_MOTION,VERIFIED,NO_MOTION/VERIFIED,no motion; geometry verified by background,False,False,False,79,0.02371068453642075,15,0.56864147619642,758,0.1876204117111952,69,0.02086320358756264
129,sweep,True,13.273699855804443,0.5499001502990719,32.153,32.291,12.45199966430664,12.753999710083008,32.349,32.557,12.875,13.317999839782715,718,855,728,0.008655520156025887,0.0229139793664217,1.0168916929397618,False,nan,nan,3.4148720973672018,4.459069260374937,0.1403028631001123,0.3053955530948071,0.025596770620971578,0.21649366778231138,0.13525390486731947,0.06991126365460323,0.2398891080677988,0.07436928829211635,0.30197465599843776,False,False,NO_MOTION,VERIFIED,NO_MOTION/VERIFIED,no motion; geometry verified by background,False,False,False,69,0.018962422655858083,21,0.6686685897558255,765,0.2528362462113776,59,0.017355559128809494
130,sweep,True,13.80310001373291,0.5294001579284675,32.349,32.557,12.875,13.317999839782715,32.655,32.789,13.515999794006348,13.835000038146973,708,864,713,0.008277889341115952,0.020981626585125923,0.8855350984229271,False,nan,nan,1.1006181714329535,1.6319751575425507,0.17362636672416026,0.3856417972134867,0.024601816343500196,0.20978820835044945,0.06396672818906024,0.05303602606697791,0.16689017703855596,0.07378577192517444,0.14281532765494534,False,False,NO_MOTION,VERIFIED,NO_MOTION/VERIFIED,no motion; geometry verified by background,False,False,False,80,0.018174321109575987,19,0.4958450652449401,765,0.18148152503185544,71,0.017073096779250854
131,sweep,True,14.357700443267822,0.5546004295349114,32.655,32.789,13.515999794006348,13.835000038146973,32.887,33.059,14.022000312805176,14.395000457763672,719,834,728,0.009547321125864983,0.0225486159324646,1.0213497440325443,False,nan,nan,3.2510299752370533,4.356993796886496,0.364681480812835,0.5249910466629151,0.02911277488817409,0.09670345598061508,0.08921488038607994,0.08426769623982816,0.2268514083330684,0.07354026347684096,0.1991856193797607,False,False,NO_MOTION,VERIFIED,NO_MOTION/VERIFIED,no motion; geometry verified by background,False,False,False,65,0.023218004450477107,22,0.11868140235141796,747,0.2542456990636645,57,0.020636425771317177
132,sweep,True,14.84280014038086,0.48509969711303746,32.887,33.059,14.022000312805176,14.395000457763672,33.151,33.291,14.571000099182129,14.873000144958496,713,808,722,0.008292024955153465,0.022214222699403763,0.8967479119025341,False,nan,nan,2.9088544045583515,3.9365141262306986,0.13411794801484117,0.26021907661286836,0.02814103318900005,0.10704743853038795,0.07812022179980835,0.0683435437727692,0.2090159944193445,0.07453601260962595,0.17441512781209736,False,False,NO_MOTION,VERIFIED,NO_MOTION/VERIFIED,no motion; geometry verified by background,False,False,False,65,0.01920621774146879,18,0.25689405937653365,725,0.2272313727319708,56,0.014317404096985823
133,sweep,True,15.396199607849121,0.5533994674682621,33.151,33.291,14.571000099182129,14.873000144958496,33.386,33.559,15.0649995803833,15.432999610900879,735,827,743,0.009424757212400436,0.02477068081498146,1.0318150479915364,False,nan,nan,3.3263089366295024,4.544010770786958,0.08130622168068763,0.1930068903962048,0.026837111090994698,0.2411178645178251,0.08479529999635378,0.0701886129150664,0.23827531506179234,0.072899645480201,0.18931824239604841,False,False,NO_MOTION,VERIFIED,NO_MOTION/VERIFIED,no motion; geometry verified by background,False,False,False,68,0.020943129462068798,20,0.24759239734610394,739,0.2659627708928721,58,0.016224954958082193
134,sweep,True,15.901199626922608,0.5050000190734867,33.386,33.559,15.0649995803833,15.432999610900879,33.648,33.794,15.614999771118164,15.932999610900879,719,825,727,0.008531956002116203,0.02423202618956566,0.9014583142374175,False,nan,nan,2.846888498444521,3.929015119920795,0.34764745303712313,0.47999559118175045,0.027386972739690627,0.10966161260177351,0.1007111389319639,0.09677422323110618,0.1686541956952116,0.07547304662323173,0.22485274317236348,False,False,NO_MOTION,VERIFIED,NO_MOTION/VERIFIED,no motion; geometry verified by background,False,False,False,76,0.02192166721071855,17,0.13603508327756064,732,0.18149550571419423,67,0.017800797634135255
135,sweep,True,16.456200408935548,0.5550007820129395,33.648,33.794,15.614999771118164,15.932999610900879,33.863,34.059,16.070999145507812,16.499000549316406,699,795,710,0.008710937574505806,0.021947039291262627,1.0430297115598635,False,nan,nan,3.3918315438621227,4.493218670837052,0.20051912166773747,0.44427263845060727,0.03389439590599185,0.11056055931539263,0.10161488318233261,0.09921806698148655,0.23512796006366593,0.07587420889349522,0.22687048794197567,False,False,NO_MOTION,VERIFIED,NO_MOTION/VERIFIED,no motion; geometry verified by background,False,False,False,58,0.01886139564489584,18,0.33400607385884745,719,0.27015644920299636,50,0.016529073616515635
136,sweep,True,16.941799354553222,0.48559894561767436,33.863,34.059,16.070999145507812,16.499000549316406,34.127,34.293,16.625,16.976999282836914,737,787,745,0.00858255010098219,0.020936820656061172,0.9324245771991231,False,nan,nan,1.5257011946509766,2.2469133994553667,0.055182039234692844,0.13069354542944892,0.031596505938321445,0.14261625671541844,0.1312344534149429,0.1044545317225119,0.21675938507114978,0.07471100942195541,0.2930006269615347,False,False,NO_MOTION,VERIFIED,NO_MOTION/VERIFIED,no motion; geometry verified by background,False,False,False,69,0.021716739220461773,23,0.34155149353886355,695,0.24066026139696517,60,0.019773027826744637
137,sweep,True,17.258699417114258,0.31690006256103587,34.127,34.293,16.625,16.976999282836914,34.359,34.565,17.076000213623047,17.27899932861328,725,698,735,0.007488816976547241,0.018847091123461723,0.8752906999945111,False,nan,nan,2.7736167259598203,3.741586212345349,0.13259335717687296,0.22144041649872614,0.038174819570030924,0.12606366533690372,0.10373840385596184,0.08144417056877934,0.3443523846209021,0.07648168901089145,0.23161156677111414,False,False,NO_MOTION,VERIFIED,NO_MOTION/VERIFIED,no motion; geometry verified by background,False,False,False,70,0.033044534409056456,19,0.3336644957439297,609,0.3858191115515905,59,0.027213503968740956
138,sweep,True,16.590700531005858,-0.6679988861083999,34.359,34.565,17.076000213623047,17.27899932861328,34.663,34.794,17.290000915527344,16.51300048828125,735,678,735,0.006225884892046452,0.016577640548348427,0.21715396345834315,False,nan,nan,0.5046784775692348,0.6784003220223747,0.0228205288317522,0.0725929822638328,0.07455669863208371,0.2367492703421386,0.22957903539478136,0.21151416923386593,0.7180429800590413,0.08075219917259652,0.5125696763121204,False,False,NO_MOTION,VERIFIED,NO_MOTION/VERIFIED,no motion; geometry verified by background,False,False,False,82,0.0601146970926401,0,nan,596,0.8789150637155472,73,0.051062178954895045
139,dwell_end,True,16.514799499511717,-0.07590103149414062,34.663,34.794,17.290000915527344,16.51300048828125,34.858,35.06,16.51300048828125,16.514999389648438,753,671,753,0.0036213193088769913,0.008380732499063015,0.02174517929384223,False,nan,nan,0.022696677284612617,0.05403753639761383,0.051099117592232846,0.09009324680370709,0.010619129977404934,0.041070842645345385,0.03277505674326701,0.025198877574139036,0.07396804542837564,0.07260053598945702,0.07317523656774465,False,False,NO_MOTION,VERIFIED,NO_MOTION/VERIFIED,no motion; geometry verified by background,False,False,False,71,0.01764195446697886,0,nan,600,0.08271804386485723,62,0.014609014781925491
140,dwell_end,False,16.514999389648438,0.00019989013672017109,34.858,35.06,16.51300048828125,16.514999389648438,35.161,35.292,16.514999389648438,16.514999389648438,725,690,725,0.0034828833304345608,0.009117182344198227,0.019400719288991033,True,0.033862666136704286,0.05115738095072264,nan,nan,nan,nan,nan,nan,nan,nan,nan,nan,0.11421653614755013,False,False,NO_MOTION,NOT_CHECKED,NO_MOTION/NOT_CHECKED,no motion; geometry not checked,False,False,False,,,,,,,,
141,dwell_end,False,16.514999389648438,0.0,35.161,35.292,16.514999389648438,16.514999389648438,35.39,35.56,16.514999389648438,16.514999389648438,738,675,738,0.0036363464314490557,0.009140250273048878,0.018685171746412613,True,0.0010653425838760304,0.02524883278631054,nan,nan,nan,nan,nan,nan,nan,nan,nan,nan,0.05637181124262285,False,False,NO_MOTION,NOT_CHECKED,NO_MOTION/NOT_CHECKED,no motion; geometry not checked,False,False,False,,,,,,,,
142,dwell_end,False,16.514999389648438,0.0,35.39,35.56,16.514999389648438,16.514999389648438,35.671,35.797,16.514999389648438,16.514999389648438,736,689,736,0.0036006118170917034,0.009873378090560436,0.022636032844649837,True,0.01589925022971936,0.039096113937168275,nan,nan,nan,nan,nan,nan,nan,nan,nan,nan,0.08728794609393,False,False,NO_MOTION,NOT_CHECKED,NO_MOTION/NOT_CHECKED,no motion; geometry not checked,False,False,False,,,,,,,,
143,dwell_end,False,16.514999389648438,0.0,35.671,35.797,16.514999389648438,16.514999389648438,35.892,36.059,16.514999389648438,16.514999389648438,747,679,747,0.003422869835048914,0.009759446606040001,0.01876890100015771,True,0.011948225050313493,0.035720724190358925,nan,nan,nan,nan,nan,nan,nan,nan,nan,nan,0.07975188154441996,False,False,NO_MOTION,NOT_CHECKED,NO_MOTION/NOT_CHECKED,no motion; geometry not checked,False,False,False,,,,,,,,
144,dwell_end,False,16.514999389648438,0.0,35.892,36.059,16.514999389648438,16.514999389648438,36.154,36.294,16.514999389648438,16.514999389648438,745,689,745,0.003580974880605936,0.009268781170248985,0.027242977715065116,True,0.03502109101127605,0.053270992299173814,nan,nan,nan,nan,nan,nan,nan,nan,nan,nan,0.11893549091997647,False,False,NO_MOTION,NOT_CHECKED,NO_MOTION/NOT_CHECKED,no motion; geometry not checked,False,False,False,,,,,,,,
145,dwell_end,False,16.514999389648438,0.0,36.154,36.294,16.514999389648438,16.514999389648438,36.366,36.568,16.514999389648438,16.514999389648438,745,679,745,0.0034960946068167686,0.00899712834507227,0.021905825212628433,True,0.03210459937904214,0.049514945704781516,nan,nan,nan,nan,nan,nan,nan,nan,nan,nan,0.11054955278851648,False,False,NO_MOTION,NOT_CHECKED,NO_MOTION/NOT_CHECKED,no motion; geometry not checked,False,False,False,,,,,,,,
146,dwell_end,False,16.514999389648438,0.0,36.366,36.568,16.514999389648438,16.514999389648438,36.652,36.794,16.514999389648438,16.514999389648438,746,669,746,0.003597256727516651,0.008775165304541588,0.02255616808460221,True,0.03057693245057432,0.04526958363896168,nan,nan,nan,nan,nan,nan,nan,nan,nan,nan,0.10107114437825755,False,False,NO_MOTION,NOT_CHECKED,NO_MOTION/NOT_CHECKED,no motion; geometry not checked,False,False,False,,,,,,,,
147,dwell_end,False,16.514999389648438,0.0,36.652,36.794,16.514999389648438,16.514999389648438,36.862,37.062,16.514999389648438,16.514999389648438,736,689,737,0.003296534065157175,0.008799359202384949,0.017602958170377152,True,0.02316631065721238,0.041426042252021233,nan,nan,nan,nan,nan,nan,nan,nan,nan,nan,0.09248986098185086,False,False,NO_MOTION,NOT_CHECKED,NO_MOTION/NOT_CHECKED,no motion; geometry not checked,False,False,False,,,,,,,,
148,dwell_end,False,16.514999389648438,0.0,36.862,37.062,16.514999389648438,16.514999389648438,37.125,37.291,16.514999389648438,16.514999389648438,751,681,751,0.003416231367737055,0.00894914660602808,0.022369229382566976,True,0.01588345166691382,0.032712483472889756,nan,nan,nan,nan,nan,nan,nan,nan,nan,nan,0.07303553234393385,False,False,NO_MOTION,NOT_CHECKED,NO_MOTION/NOT_CHECKED,no motion; geometry not checked,False,False,False,,,,,,,,
149,dwell_end,False,16.514999389648438,0.0,37.125,37.291,16.514999389648438,16.514999389648438,37.384,37.562,16.514999389648438,16.514999389648438,750,688,750,0.003438066691160202,0.00898473709821701,0.025469034015914063,True,0.020700849364338653,0.04771689075048557,nan,nan,nan,nan,nan,nan,nan,nan,nan,nan,0.10653512505851902,False,False,NO_MOTION,NOT_CHECKED,NO_MOTION/NOT_CHECKED,no motion; geometry not checked,False,False,False,,,,,,,,
150,dwell_end,False,16.514999389648438,0.0,37.384,37.562,16.514999389648438,16.514999389648438,37.625,37.8,16.514999389648438,16.514999389648438,753,685,753,0.0034793049562722445,0.008984998799860477,0.023490320370234782,True,0.007553759079124822,0.035852137258813054,nan,nan,nan,nan,nan,nan,nan,nan,nan,nan,0.08004528095628215,False,False,NO_MOTION,NOT_CHECKED,NO_MOTION/NOT_CHECKED,no motion; geometry not checked,False,False,False,,,,,,,,
151,dwell_end,False,16.514999389648438,0.0,37.625,37.8,16.514999389648438,16.514999389648438,37.895,38.063,16.514999389648438,16.514999389648438,748,683,748,0.0034023302141577005,0.00806242786347866,0.0227966795593258,True,0.011446085342292757,0.03232318383064911,nan,nan,nan,nan,nan,nan,nan,nan,nan,nan,0.07216636242487491,False,False,NO_MOTION,NOT_CHECKED,NO_MOTION/NOT_CHECKED,no motion; geometry not checked,False,False,False,,,,,,,,
152,dwell_end,False,16.514999389648438,0.0,37.895,38.063,16.514999389648438,16.514999389648438,38.162,38.296,16.514999389648438,16.514999389648438,752,677,752,0.0035049980506300926,0.009491901844739914,0.019815863366296343,True,0.00823021382003539,0.03312332889423048,nan,nan,nan,nan,nan,nan,nan,nan,nan,nan,0.07395280645073028,False,False,NO_MOTION,NOT_CHECKED,NO_MOTION/NOT_CHECKED,no motion; geometry not checked,False,False,False,,,,,,,,
153,dwell_end,False,16.514999389648438,0.0,38.162,38.296,16.514999389648438,16.514999389648438,38.392,38.566,16.514999389648438,16.514999389648438,750,689,750,0.0033450983464717865,0.008723401464521885,0.0198678857244644,True,0.0026245353203807574,0.025147407473196503,nan,nan,nan,nan,nan,nan,nan,nan,nan,nan,0.05614536399832931,False,False,NO_MOTION,NOT_CHECKED,NO_MOTION/NOT_CHECKED,no motion; geometry not checked,False,False,False,,,,,,,,
154,dwell_end,False,16.514999389648438,0.0,38.392,38.566,16.514999389648438,16.514999389648438,38.631,38.795,16.514999389648438,16.514999389648438,739,678,739,0.003168100956827402,0.008867640979588032,0.01780227646727337,True,0.010138425759626094,0.03051919287213148,nan,nan,nan,nan,nan,nan,nan,nan,nan,nan,0.0681386816739417,False,False,NO_MOTION,NOT_CHECKED,NO_MOTION/NOT_CHECKED,no motion; geometry not checked,False,False,False,,,,,,,,
155,dwell_end,False,16.514999389648438,0.0,38.631,38.795,16.514999389648438,16.514999389648438,38.866,39.062,16.514999389648438,16.514999389648438,745,672,745,0.0032981582917273045,0.008729847148060799,0.021707288722219636,True,0.0030708289841963623,0.02475597730155539,nan,nan,nan,nan,nan,nan,nan,nan,nan,nan,0.055271437352405944,False,False,NO_MOTION,NOT_CHECKED,NO_MOTION/NOT_CHECKED,no motion; geometry not checked,False,False,False,,,,,,,,
156,dwell_end,False,16.514999389648438,0.0,38.866,39.062,16.514999389648438,16.514999389648438,39.151,39.295,16.514999389648438,16.514999389648438,733,682,733,0.0033234748989343643,0.008735067211091518,0.018653130220468744,True,0.01418477105982852,0.0325781142250969,nan,nan,nan,nan,nan,nan,nan,nan,nan,nan,0.07273553281771816,False,False,NO_MOTION,NOT_CHECKED,NO_MOTION/NOT_CHECKED,no motion; geometry not checked,False,False,False,,,,,,,,
157,dwell_end,False,16.514999389648438,0.0,39.151,39.295,16.514999389648438,16.514999389648438,39.385,39.561,16.514999389648438,16.514999389648438,729,671,729,0.0031832042150199413,0.008469141088426113,0.01832399133049529,True,0.011205761188070089,0.0269716165531121,nan,nan,nan,nan,nan,nan,nan,nan,nan,nan,0.060218184741783067,False,False,NO_MOTION,NOT_CHECKED,NO_MOTION/NOT_CHECKED,no motion; geometry not checked,False,False,False,,,,,,,,
158,dwell_end,False,16.514999389648438,0.0,39.385,39.561,16.514999389648438,16.514999389648438,39.627,39.802,16.514999389648438,16.514999389648438,748,689,748,0.0033762981183826923,0.00844422448426485,0.02220018159073448,True,0.023300215148840783,0.03683533284986154,nan,nan,nan,nan,nan,nan,nan,nan,nan,nan,0.08224041277652275,False,False,NO_MOTION,NOT_CHECKED,NO_MOTION/NOT_CHECKED,no motion; geometry not checked,False,False,False,,,,,,,,
159,dwell_end,False,16.514999389648438,0.0,39.627,39.802,16.514999389648438,16.514999389648438,39.901,40.059,16.514999389648438,16.514999389648438,748,683,748,0.003155946731567383,0.008881599642336369,0.022304186543688646,True,0.01809567831284834,0.0351708672067174,nan,nan,nan,nan,nan,nan,nan,nan,nan,nan,0.07852424324705345,False,False,NO_MOTION,NOT_CHECKED,NO_MOTION/NOT_CHECKED,no motion; geometry not checked,False,False,False,,,,,,,,
160,dwell_end,False,16.514999389648438,0.0,39.901,40.059,16.514999389648438,16.514999389648438,40.123,40.293,16.514999389648438,16.514999389648438,736,675,736,0.003341865027323365,0.008328082971274853,0.020975024794512846,True,0.02114362811379924,0.04075058177976392,nan,nan,nan,nan,nan,nan,nan,nan,nan,nan,0.0909817940321348,False,False,NO_MOTION,NOT_CHECKED,NO_MOTION/NOT_CHECKED,no motion; geometry not checked,False,False,False,,,,,,,,
161,dwell_end,False,16.514999389648438,0.0,40.123,40.293,16.514999389648438,16.514999389648438,40.358,40.559,16.514999389648438,16.514999389648438,741,689,741,0.003211168572306633,0.00861363671720028,0.022839700911290308,True,0.01808943307168012,0.03950692224989114,nan,nan,nan,nan,nan,nan,nan,nan,nan,nan,0.0882051373501638,False,False,NO_MOTION,NOT_CHECKED,NO_MOTION/NOT_CHECKED,no motion; geometry not checked,False,False,False,,,,,,,,
162,dwell_end,False,16.514999389648438,0.0,40.358,40.559,16.514999389648438,16.514999389648438,40.649,40.792,16.514999389648438,16.514999389648438,746,675,746,0.0032215756364166737,0.008247731253504753,0.018088136845635705,True,0.0028900912633520615,0.025882577570417967,nan,nan,nan,nan,nan,nan,nan,nan,nan,nan,0.05778674165338902,False,False,NO_MOTION,NOT_CHECKED,NO_MOTION/NOT_CHECKED,no motion; geometry not checked,False,False,False,,,,,,,,
163,dwell_end,False,16.514999389648438,0.0,40.649,40.792,16.514999389648438,16.514999389648438,40.879,41.06,16.514999389648438,16.514999389648438,750,676,750,0.0031782835721969604,0.008199721574783325,0.025389948295928392,True,0.016399123148398056,0.041530461200431086,nan,nan,nan,nan,nan,nan,nan,nan,nan,nan,0.0927229919665475,False,False,NO_MOTION,NOT_CHECKED,NO_MOTION/NOT_CHECKED,no motion; geometry not checked,False,False,False,,,,,,,,
164,dwell_end,False,16.514999389648438,0.0,40.879,41.06,16.514999389648438,16.514999389648438,41.122,41.298,16.514999389648438,16.514999389648438,743,681,743,0.0036192613188177347,0.009355648420751095,0.02232375359565646,True,0.016137187238987494,0.04309096451200648,nan,nan,nan,nan,nan,nan,nan,nan,nan,nan,0.09620704997699583,False,False,NO_MOTION,NOT_CHECKED,NO_MOTION/NOT_CHECKED,no motion; geometry not checked,False,False,False,,,,,,,,
165,dwell_end,False,16.514999389648438,0.0,41.122,41.298,16.514999389648438,16.514999389648438,41.393,41.561,16.514999389648438,16.514999389648438,748,680,748,0.003450054209679365,0.008852523751556873,0.019717679019470004,True,0.017490147496718584,0.03646191414854043,nan,nan,nan,nan,nan,nan,nan,nan,nan,nan,0.081406699443178,False,False,NO_MOTION,NOT_CHECKED,NO_MOTION/NOT_CHECKED,no motion; geometry not checked,False,False,False,,,,,,,,
166,dwell_end,False,16.514999389648438,0.0,41.393,41.561,16.514999389648438,16.514999389648438,41.658,41.8,16.514999389648438,16.514999389648438,757,678,757,0.003358597867190838,0.008708767592906952,0.02001901458576044,True,0.017227391504603878,0.039729994099202026,nan,nan,nan,nan,nan,nan,nan,nan,nan,nan,0.08870317875624868,False,False,NO_MOTION,NOT_CHECKED,NO_MOTION/NOT_CHECKED,no motion; geometry not checked,False,False,False,,,,,,,,
167,dwell_end,False,16.514999389648438,0.0,41.658,41.8,16.514999389648438,16.514999389648438,41.892,42.059,16.514999389648438,16.514999389648438,754,676,754,0.003092224011197686,0.008882453665137291,0.018548124415549094,True,0.021874407388260738,0.04122010097108876,nan,nan,nan,nan,nan,nan,nan,nan,nan,nan,0.09203006614245995,False,False,NO_MOTION,NOT_CHECKED,NO_MOTION/NOT_CHECKED,no motion; geometry not checked,False,False,False,,,,,,,,
168,dwell_end,False,16.514999389648438,0.0,41.892,42.059,16.514999389648438,16.514999389648438,42.157,42.293,16.514999389648438,16.514999389648438,744,680,744,0.0033965050242841244,0.009022559970617294,0.01880157791535912,True,0.01646426273708004,0.031490455814228255,nan,nan,nan,nan,nan,nan,nan,nan,nan,nan,0.07030717206326852,False,False,NO_MOTION,NOT_CHECKED,NO_MOTION/NOT_CHECKED,no motion; geometry not checked,False,False,False,,,,,,,,
169,dwell_end,False,16.514999389648438,0.0,42.157,42.293,16.514999389648438,16.514999389648438,42.388,42.564,16.514999389648438,16.514999389648438,746,678,746,0.003226517466828227,0.008730845525860786,0.02213181127477671,True,0.023785649945789165,0.03922314688636913,nan,nan,nan,nan,nan,nan,nan,nan,nan,nan,0.08757156623172213,False,False,NO_MOTION,NOT_CHECKED,NO_MOTION/NOT_CHECKED,no motion; geometry not checked,False,False,False,,,,,,,,
170,dwell_end,False,16.514999389648438,0.0,42.388,42.564,16.514999389648438,16.514999389648438,42.635,42.804,16.514999389648438,16.514999389648438,743,667,743,0.003222748637199402,0.008768435567617416,0.018822482045985998,True,0.009248959499936971,0.03325883888846575,nan,nan,nan,nan,nan,nan,nan,nan,nan,nan,0.07425535286470396,False,False,NO_MOTION,NOT_CHECKED,NO_MOTION/NOT_CHECKED,no motion; geometry not checked,False,False,False,,,,,,,,
171,dwell_end,False,16.514999389648438,0.0,42.635,42.804,16.514999389648438,16.514999389648438,42.903,43.063,16.514999389648438,16.514999389648438,753,667,753,0.003603142686188221,0.009682567790150642,0.022799506783895758,True,0.018530545922370384,0.04575315872943006,nan,nan,nan,nan,nan,nan,nan,nan,nan,nan,0.1021507983944344,False,False,NO_MOTION,NOT_CHECKED,NO_MOTION/NOT_CHECKED,no motion; geometry not checked,False,False,False,,,,,,,,
172,dwell_end,False,16.514999389648438,0.0,42.903,43.063,16.514999389648438,16.514999389648438,43.152,43.292,16.514999389648438,16.514999389648438,719,678,719,0.0033180059399455786,0.009088580496609211,0.02197551849461633,True,0.00924970336647112,0.028686258677969832,nan,nan,nan,nan,nan,nan,nan,nan,nan,nan,0.06404638080253466,False,False,NO_MOTION,NOT_CHECKED,NO_MOTION/NOT_CHECKED,no motion; geometry not checked,False,False,False,,,,,,,,
173,dwell_end,False,16.514999389648438,0.0,43.152,43.292,16.514999389648438,16.514999389648438,43.365,43.558,16.514999389648438,16.514999389648438,737,674,737,0.0034755221568048,0.009068291634321213,0.018401413419671952,True,0.007623685251412357,0.02767167710037206,nan,nan,nan,nan,nan,nan,nan,nan,nan,nan,0.06178117505355471,False,False,NO_MOTION,NOT_CHECKED,NO_MOTION/NOT_CHECKED,no motion; geometry not checked,False,False,False,,,,,,,,
174,dwell_end,False,16.514999389648438,0.0,43.365,43.558,16.514999389648438,16.514999389648438,43.649,43.794,16.514999389648438,16.514999389648438,759,687,760,0.0037748159375041723,0.009069853462278843,0.028970577735202327,True,0.00841344750170134,0.03977566268810345,nan,nan,nan,nan,nan,nan,nan,nan,nan,nan,0.08880514073980081,False,False,NO_MOTION,NOT_CHECKED,NO_MOTION/NOT_CHECKED,no motion; geometry not checked,False,False,False,,,,,,,,
175,dwell_end,False,16.514999389648438,0.0,43.649,43.794,16.514999389648438,16.514999389648438,43.885,44.062,16.514999389648438,16.514999389648438,736,678,736,0.003299850272014737,0.008400790393352509,0.020783852996467414,True,0.023101392698543676,0.040643951875643236,nan,nan,nan,nan,nan,nan,nan,nan,nan,nan,0.09074372675675685,False,False,NO_MOTION,NOT_CHECKED,NO_MOTION/NOT_CHECKED,no motion; geometry not checked,False,False,False,,,,,,,,
176,dwell_end,False,16.514999389648438,0.0,43.885,44.062,16.514999389648438,16.514999389648438,44.159,44.292,16.514999389648438,16.514999389648438,739,683,739,0.0034575217869132757,0.008912554010748863,0.020629039520823483,True,0.015561444829416973,0.036857510653621965,nan,nan,nan,nan,nan,nan,nan,nan,nan,nan,0.08228992805423635,False,False,NO_MOTION,NOT_CHECKED,NO_MOTION/NOT_CHECKED,no motion; geometry not checked,False,False,False,,,,,,,,
177,dwell_end,False,16.514999389648438,0.0,44.159,44.292,16.514999389648438,16.514999389648438,44.359,44.558,16.514999389648438,16.514999389648438,750,666,750,0.003389804158359766,0.009150724858045578,0.021246276557683567,True,0.02443287307019397,0.04125448487914137,nan,nan,nan,nan,nan,nan,nan,nan,nan,nan,0.09210683338120441,False,False,NO_MOTION,NOT_CHECKED,NO_MOTION/NOT_CHECKED,no motion; geometry not checked,False,False,False,,,,,,,,
178,dwell_end,False,16.514999389648438,0.0,44.359,44.558,16.514999389648438,16.514999389648438,44.627,44.794,16.514999389648438,16.514999389648438,747,689,747,0.0032509458251297474,0.008411966264247894,0.020032256117636645,True,0.022716097040175503,0.03728570837866328,nan,nan,nan,nan,nan,nan,nan,nan,nan,nan,0.08324594378513528,False,False,NO_MOTION,NOT_CHECKED,NO_MOTION/NOT_CHECKED,no motion; geometry not checked,False,False,False,,,,,,,,
179,dwell_end,False,16.514999389648438,0.0,44.627,44.794,16.514999389648438,16.514999389648438,44.88,45.062,16.514999389648438,16.514999389648438,751,680,751,0.003485556226223707,0.009414858184754848,0.018283690196982408,True,0.021428593034183107,0.042819530563316756,nan,nan,nan,nan,nan,nan,nan,nan,nan,nan,0.09560103292068768,False,False,NO_MOTION,NOT_CHECKED,NO_MOTION/NOT_CHECKED,no motion; geometry not checked,False,False,False,,,,,,,,
180,dwell_end,False,16.514999389648438,0.0,44.88,45.062,16.514999389648438,16.514999389648438,45.16,45.295,16.514999389648438,16.514999389648438,741,675,741,0.003422869835048914,0.009192024357616901,0.02167005400725242,True,0.022401592363694975,0.044282199416096776,nan,nan,nan,nan,nan,nan,nan,nan,nan,nan,0.09886666080840864,False,False,NO_MOTION,NOT_CHECKED,NO_MOTION/NOT_CHECKED,no motion; geometry not checked,False,False,False,,,,,,,,
181,dwell_end,False,16.514999389648438,0.0,45.16,45.295,16.514999389648438,16.514999389648438,45.393,45.564,16.514999389648438,16.514999389648438,757,674,758,0.003315198002383113,0.008077740669250488,0.021451279746379115,True,0.012130531551850192,0.03739925579274583,nan,nan,nan,nan,nan,nan,nan,nan,nan,nan,0.08349945544042335,False,False,NO_MOTION,NOT_CHECKED,NO_MOTION/NOT_CHECKED,no motion; geometry not checked,False,False,False,,,,,,,,
182,dwell_end,False,16.514999389648438,0.0,45.393,45.564,16.514999389648438,16.514999389648438,45.634,45.795,16.514999389648438,16.514999389648438,745,692,745,0.0031948857940733433,0.007778022438287735,0.025838493498018332,True,0.027726370884387595,0.05045129396493687,nan,nan,nan,nan,nan,nan,nan,nan,nan,nan,0.1126400909066767,False,False,NO_MOTION,NOT_CHECKED,NO_MOTION/NOT_CHECKED,no motion; geometry not checked,False,False,False,,,,,,,,
183,dwell_end,False,16.514999389648438,0.0,45.634,45.795,16.514999389648438,16.514999389648438,45.888,46.062,16.514999389648438,16.514999389648438,751,683,752,0.003257242264226079,0.007987097837030888,0.021506525438759996,True,0.006540677621482092,0.032929842671093924,nan,nan,nan,nan,nan,nan,nan,nan,nan,nan,0.07352081939845688,False,False,NO_MOTION,NOT_CHECKED,NO_MOTION/NOT_CHECKED,no motion; geometry not checked,False,False,False,,,,,,,,
184,dwell_end,False,16.516800117492675,0.0018007278442375707,45.888,46.062,16.514999389648438,16.514999389648438,46.153,46.292,16.514999389648438,16.517000198364258,751,680,751,0.0032004560343921185,0.008421635255217552,0.01951780513273719,True,0.0039856501947647125,0.027966583715948182,nan,nan,nan,nan,nan,nan,nan,nan,nan,nan,0.06243959836397686,False,False,NO_MOTION,NOT_CHECKED,NO_MOTION/NOT_CHECKED,no motion; geometry not checked,False,False,False,,,,,,,,
185,dwell_end,False,16.517000198364258,0.0002000808715827418,46.153,46.292,16.514999389648438,16.517000198364258,46.363,46.561,16.517000198364258,16.517000198364258,751,672,751,0.0034119689371436834,0.009046596474945545,0.021889672016880055,True,0.014546932746446405,0.04524776445247166,nan,nan,nan,nan,nan,nan,nan,nan,nan,nan,0.10102242976745979,False,False,NO_MOTION,NOT_CHECKED,NO_MOTION/NOT_CHECKED,no motion; geometry not checked,False,False,False,,,,,,,,
186,dwell_end,False,16.517000198364258,0.0,46.363,46.561,16.517000198364258,16.517000198364258,46.654,46.793,16.517000198364258,16.517000198364258,745,680,745,0.003423413960263133,0.008652479387819767,0.017947948829489673,True,0.003053578495629576,0.028495118148859484,nan,nan,nan,nan,nan,nan,nan,nan,nan,nan,0.0636196308644676,False,False,NO_MOTION,NOT_CHECKED,NO_MOTION/NOT_CHECKED,no motion; geometry not checked,False,False,False,,,,,,,,
187,dwell_end,False,16.517000198364258,0.0,46.654,46.793,16.517000198364258,16.517000198364258,46.886,47.066,16.517000198364258,16.517000198364258,739,677,739,0.003173828125,0.008919834159314632,0.021286934182934685,True,0.003436283410869586,0.027913043330003953,nan,nan,nan,nan,nan,nan,nan,nan,nan,nan,0.06232006141128486,False,False,NO_MOTION,NOT_CHECKED,NO_MOTION/NOT_CHECKED,no motion; geometry not checked,False,False,False,,,,,,,,
188,return,False,16.471999168395996,-0.04500102996826172,46.886,47.066,16.517000198364258,16.517000198364258,47.154,47.293,16.517000198364258,16.466999053955078,748,675,749,0.0036967210471630096,0.009535945020616055,0.048701757374562234,False,nan,nan,0.16737968768008116,0.22349600518702278,0.01564208517030582,0.05750047725707107,0.009946741125630154,0.031212426606291394,0.025350915320787898,0.017496123181136948,0.019100634896862468,0.07152515106949195,0.05659972583231613,False,False,NO_MOTION,VERIFIED,NO_MOTION/VERIFIED,no motion; geometry verified by background,False,False,False,72,0.011352746555657486,0,nan,603,0.020363750104872343,62,0.010579504767052923
189,return,False,16.24260025024414,-0.22939891815185476,47.154,47.293,16.517000198364258,16.466999053955078,47.385,47.557,16.400999069213867,16.225000381469727,723,677,724,0.007409677840769291,0.02036738023161888,0.3496623879858576,False,nan,nan,0.8690957969963459,1.172463955152477,0.31321834757234285,0.5499310233149945,0.015336168431391099,0.05576520547114778,0.03883837566127015,0.032107799141890776,0.06245650428775028,0.07312437703539683,0.08671250668404148,False,False,NO_MOTION,VERIFIED,NO_MOTION/VERIFIED,no motion; geometry verified by background,False,False,False,71,0.025639360593810768,3,0.047243506061576214,603,0.0647993564387415,62,0.017511942340846767
190,return,False,15.951799678802491,-0.2908005714416504,47.385,47.557,16.400999069213867,16.225000381469727,47.65,47.795,16.121000289916992,15.932999610900879,720,668,726,0.007600004784762859,0.01930382288992405,0.5225264486389465,False,nan,nan,1.1331641621800939,1.5154210774137642,0.05972876142156265,0.16089908687569188,0.01969958284067827,0.0823728933598689,0.0475136278363547,0.0450021718598199,0.0963128057394431,0.07809674941976077,0.10608131007526865,False,False,NO_MOTION,VERIFIED,NO_MOTION/VERIFIED,no motion; geometry verified by background,False,False,False,69,0.02249040893403816,12,0.17079241934884104,587,0.10302672146043165,62,0.02053254512719998
191,return,False,15.505899620056152,-0.4459000587463393,47.65,47.795,16.121000289916992,15.932999610900879,47.883,48.055,15.802000045776367,15.472999572753906,721,692,728,0.008098436519503593,0.022000189870595932,0.7925723314857402,False,nan,nan,2.4512749069970057,3.264575142098499,0.2683204121444495,0.4580751884174359,0.025109648666129632,0.07372071367927051,0.06983987437228642,0.06307179275501754,0.15321827227197501,0.07675981644324856,0.15592800857937456,False,False,NO_MOTION,VERIFIED,NO_MOTION/VERIFIED,no motion; geometry verified by background,False,False,False,50,0.023569368238710416,26,0.16036209770978577,616,0.16795504571856346,49,0.023287659889817833
192,return,False,15.000099658966064,-0.5057999610900872,47.883,48.055,15.802000045776367,15.472999572753906,48.144,48.294,15.307000160217285,14.965999603271484,713,796,726,0.00808364525437355,0.02043813467025757,0.881116810286433,False,nan,nan,1.280691065408094,1.9924698956966935,0.07182035828393377,0.1688079628987037,0.02569040788994556,0.07106005082114082,0.0644663829559568,0.059636226366959574,0.15306720398025825,0.0740852543070411,0.14393088196370693,False,False,NO_MOTION,VERIFIED,NO_MOTION/VERIFIED,no motion; geometry verified by background,False,False,False,66,0.024757337716949768,26,0.27101077597459466,704,0.16357593465770998,57,0.020088926289503782
193,return,False,14.329500198364258,-0.6705994606018066,48.144,48.294,15.307000160217285,14.965999603271484,48.354,48.56,14.829000473022461,14.27400016784668,724,785,730,0.009236536920070648,0.0243349839001894,1.23430152318921,False,nan,nan,3.731964640755873,4.975111762095262,0.05483047123027948,0.12885784280929763,0.03256869415233959,0.12235454716940385,0.09952158004521522,0.08560138253017183,0.22337332278119354,0.07524345229976237,0.2221968743013819,False,False,NO_MOTION,VERIFIED,NO_MOTION/VERIFIED,no motion; geometry verified by background,False,False,False,66,0.020825204277574928,19,0.4315366583936382,700,0.2404187407000062,58,0.0187897126728929
194,return,False,13.646799564361572,-0.6827006340026855,48.354,48.56,14.829000473022461,14.27400016784668,48.656,48.791,14.02299976348877,13.604999542236328,717,809,724,0.008964743465185165,0.02341156266629696,1.2377338874919148,False,nan,nan,3.814083754335627,5.0916310656202945,0.47272964832015185,0.7359634717829969,0.03394235217829965,0.12573964564085202,0.10173675911692201,0.09434267897280255,0.20411127986096428,0.07459970211068478,0.22714259427013103,False,False,NO_MOTION,VERIFIED,NO_MOTION/VERIFIED,no motion; geometry verified by background,False,False,False,69,0.020742364284244693,23,0.5077481286388411,717,0.23158987557440702,60,0.018134267675329073
195,return,False,12.7721999168396,-0.874599647521972,48.656,48.791,14.02299976348877,13.604999542236328,48.852,49.062,13.4399995803833,12.697999954223633,715,817,729,0.011303415521979332,0.029237229377031326,1.579513743799663,False,nan,nan,4.731878090511574,6.214606365095856,0.1337821311307494,0.330666886432175,0.043156220340634724,0.14314267891036092,0.09863090024470926,0.09690431734506175,0.3030515583652788,0.07629421246609869,0.22020829787819923,False,False,NO_MOTION,VERIFIED,NO_MOTION/VERIFIED,no motion; geometry verified by background,False,False,False,74,0.023590336799088913,27,0.4230611455356639,716,0.3431607066455082,65,0.018527431430941012
196,return,False,11.930099773406983,-0.8421001434326172,48.852,49.062,13.4399995803833,12.697999954223633,49.155,49.29,12.390000343322754,11.878999710083008,718,834,732,0.01095553394407034,0.028350159525871277,1.521871832833448,False,nan,nan,4.745770379193906,6.3373050354509,0.5193102366787576,0.6973870903753421,0.046317209618061184,0.13321291445289396,0.1238365943490323,0.11096650786391316,0.2948993129068095,0.07566165235983159,0.2764837955344145,False,False,NO_MOTION,VERIFIED,NO_MOTION/VERIFIED,no motion; geometry verified by background,False,False,False,76,0.02229401451773192,30,0.4293406307169194,728,0.3254967807084346,67,0.018908826443501142
197,return,False,10.93960018157959,-0.990499591827394,49.155,49.29,12.390000343322754,11.878999710083008,49.355,49.559,11.664999961853027,10.859000205993652,693,839,716,0.012171311303973198,0.03176151588559151,1.847174307698123,False,nan,nan,5.844837847669117,7.714127145496256,0.04991944465488664,0.22627807221553953,0.05139542488133075,0.1699250298878518,0.15266207552837963,0.14151670301686217,0.4204887946162821,0.07874809722738213,0.3408410114806883,False,False,NO_MOTION,VERIFIED,NO_MOTION/VERIFIED,no motion; geometry verified by background,False,False,False,75,0.018241683523980846,29,0.7288072929699982,735,0.46496764740385227,66,0.015993131723710752
198,return,False,10.020700263977051,-0.9188999176025376,49.355,49.559,11.664999961853027,10.859000205993652,49.654,49.793,10.539999961853027,9.963000297546387,709,846,735,0.010702449828386307,0.031171293929219246,1.6774884413755384,False,nan,nan,5.418703245281327,7.049692459840301,0.11827741580786946,0.239573656275181,0.0333777193291548,0.14473719013510872,0.143334706853619,0.12959344559444969,0.3644751409826985,0.07430179383464769,0.3200162600644945,False,False,NO_MOTION,VERIFIED,NO_MOTION/VERIFIED,no motion; geometry verified by background,False,False,False,73,0.018065786098726232,32,0.7408645965007596,741,0.4029086582675236,68,0.01752267642908565
199,return,False,8.950000381469726,-1.0706998825073253,49.654,49.793,10.539999961853027,9.963000297546387,49.886,50.058,9.616000175476074,8.87600040435791,636,861,719,0.011589309200644493,0.028874849900603294,1.9269552497110922,False,nan,nan,6.152734254004997,8.029574569848023,0.3642169714910678,0.5736557519617803,0.03668483209569484,0.14390680809095457,0.12273366729942918,0.09833190769983682,0.4684620617500717,0.07098477408634847,0.27402134525083865,False,False,NO_MOTION,VERIFIED,NO_MOTION/VERIFIED,no motion; geometry verified by background,False,False,False,75,0.025509104038064934,28,0.9062176004335585,758,0.5074540300111623,70,0.02422299774964909
200,return,False,7.971899938583374,-0.978100442886352,49.886,50.058,9.616000175476074,8.87600040435791,50.132,50.289,8.60099983215332,7.9019999504089355,636,884,680,0.01122606173157692,0.02972077578306198,1.812111424231993,False,nan,nan,4.91004499943908,6.563578097602049,0.07800712248443178,0.24443763374289973,0.034207292089832496,0.1624899641088556,0.1541701749318835,0.11444656793426687,0.39939907425392907,0.06970911722855425,0.3442080698959797,False,False,NO_MOTION,VERIFIED,NO_MOTION/VERIFIED,no motion; geometry verified by background,False,False,False,100,0.0303632105585823,34,1.0498523454163557,750,0.4341656053811876,97,0.029962828393074473
201,return,False,6.816199874877929,-1.1557000637054449,50.132,50.289,8.60099983215332,7.9019999504089355,50.372,50.559,7.573999881744385,6.73199987411499,641,861,694,0.011969194747507572,0.033764854073524475,2.08032012396655,False,nan,nan,6.632572313040147,8.664610439790248,0.09294256726013797,0.43966154601369345,0.041675880169116636,0.1558746269975268,0.14010919619934586,0.12646738413242953,0.4700469363726998,0.0674949441394794,0.31281482309896724,False,False,NO_MOTION,VERIFIED,NO_MOTION/VERIFIED,no motion; geometry verified by background,False,False,False,100,0.026121753372570687,25,1.8536452466909965,736,0.5114906339850742,93,0.024026561873662696
202,return,False,5.783800172805786,-1.0323997020721434,50.372,50.559,7.573999881744385,6.73199987411499,50.652,50.787,6.348999977111816,5.7210001945495605,631,906,681,0.01178294699639082,0.032015033066272736,1.8863702740126758,False,nan,nan,5.848059195343107,7.363219818329178,0.051192268037881974,0.139266472393621,0.040077672861083304,0.13392635047290302,0.12998414809482978,0.12602022946096186,0.37812813897942754,0.06839124625330317,0.29020913255474073,False,False,NO_MOTION,VERIFIED,NO_MOTION/VERIFIED,no motion; geometry verified by background,False,False,False,118,0.03209696833751932,23,0.5937733211425842,765,0.4544967363863931,114,0.03001581252702635
203,return,False,4.6118998527526855,-1.1719003200531004,50.652,50.787,6.348999977111816,5.7210001945495605,50.884,51.058,5.303999900817871,4.534999847412109,603,911,697,0.011064210906624794,0.0332152396440506,2.1809907372745863,False,nan,nan,1.9667453486420696,3.4773469282715785,0.14948202535129343,0.2749109531654619,0.04405553840897486,0.2295661814746035,0.13976430023341008,0.1091303430447729,0.4698694725319497,0.06435256540650774,0.31204479105611516,False,False,NO_MOTION,VERIFIED,NO_MOTION/VERIFIED,no motion; geometry verified by background,False,False,False,124,0.03680272824421687,37,0.7009488864368386,750,0.5570458609036729,122,0.03503706769111262
204,return,False,3.6060999155044557,-1.0057999372482298,50.884,51.058,5.303999900817871,4.534999847412109,51.124,51.297,4.2820000648498535,3.5309998989105225,661,986,693,0.011477530933916569,0.033634744584560394,1.8768090902269745,False,nan,nan,5.724100868940586,7.361009495568279,0.09825823000393456,0.23513692475236017,0.05164105343978762,0.23994392161652534,0.1798176083570675,0.13886315621564982,0.3754297988518043,0.07384473631135362,0.4014698169295333,False,False,NO_MOTION,VERIFIED,NO_MOTION/VERIFIED,no motion; geometry verified by background,False,False,False,141,0.04320468898723067,41,0.4253488432660828,804,0.4656972260414375,135,0.04172922414622651
205,return,False,2.5596999406814573,-1.0463999748229984,51.124,51.297,4.2820000648498535,3.5309998989105225,51.386,51.556,3.177999973297119,2.490999937057495,634,965,679,0.010166632011532784,0.0321989431977272,2.056955518834849,False,nan,nan,6.688112249456212,8.38517901548382,0.24033912097613494,0.6092627500458807,0.048678072628344775,0.32696909635610816,0.14982612002040435,0.14180727622511785,0.4662517884235545,0.07295041676104837,0.33450931488540103,False,False,NO_MOTION,VERIFIED,NO_MOTION/VERIFIED,no motion; geometry verified by background,False,False,False,140,0.041966350656178306,38,0.5038649607681658,787,0.5731176064680363,135,0.04081667655433913
206,return,False,1.7138999819755554,-0.845799958705902,51.386,51.556,3.177999973297119,2.490999937057495,51.65,51.793,2.171999931335449,1.6629999876022339,644,1038,663,0.010121784172952175,0.030671320855617523,1.6340015902795062,False,nan,nan,5.247405737251826,6.52925066946025,0.11200247820170266,0.24662139878017375,0.04284346725193465,0.1629210169770093,0.12000890845316102,0.10990168133232657,0.3189871153973304,0.07067022451864628,0.26793791190310884,False,False,NO_MOTION,VERIFIED,NO_MOTION/VERIFIED,no motion; geometry verified by background,False,False,False,187,0.03638159049438988,44,0.3026657763671981,807,0.4386065175786872,173,0.0336207061284934
207,return,False,0.9057999908924103,-0.8080999910831451,51.65,51.793,2.171999931335449,1.6629999876022339,51.861,52.073,1.4709999561309814,0.8429999947547913,685,1055,700,0.010451100766658783,0.029255136847496033,1.6361107164906656,False,nan,nan,5.037156156099737,6.303083164265334,0.10167511922397204,0.5294902270412861,0.042765603827021215,0.5272512823821045,0.12345485933628039,0.11798504041818114,0.3478239337348215,0.07219242238665241,0.27563151478679837,False,False,NO_MOTION,VERIFIED,NO_MOTION/VERIFIED,no motion; geometry verified by background,False,False,False,185,0.04575123350300406,31,0.6491501355512367,839,0.46159517415639584,168,0.03953435935922989
208,return,False,0.3588000059127808,-0.5469999849796294,51.861,52.073,1.4709999561309814,0.8429999947547913,52.163,52.294,0.6359999775886536,0.328000009059906,671,1119,678,0.008670429699122906,0.026631269603967667,1.143091322749316,False,nan,nan,3.490304042170732,4.4736641087958535,0.054596133320455056,0.4771912088560968,0.0420403693353314,0.34904135227940225,0.23944635684804888,0.08837616112547034,0.23757827255532415,0.07000089179238222,0.5345999534002344,False,False,NO_MOTION,VERIFIED,NO_MOTION/VERIFIED,no motion; geometry verified by background,False,False,False,203,0.036914168950184637,29,0.3080685079323603,887,0.3358845692457516,185,0.03265267620205556
209,return,False,-0.1109000012278557,-0.4697000071406365,52.163,52.294,0.6359999775886536,0.328000009059906,52.384,52.558,0.1509999930858612,-0.14000000059604645,663,1116,667,0.008128682151436806,0.021234972402453423,0.9880132368353602,False,nan,nan,1.7907224116705576,2.255878404244234,0.12378057527927327,0.7305192218846617,0.030235475057402754,0.3560392951011394,0.28385651181781646,0.07854055557382467,0.23353671146565658,0.0724517665462858,0.6337522941994775,False,False,NO_MOTION,VERIFIED,NO_MOTION/VERIFIED,no motion; geometry verified by background,False,False,False,185,0.030007686594134008,17,0.09289071273352655,914,0.31724956891154066,169,0.02842832996579829
210,return,False,-0.4028000071644783,-0.2919000059366226,52.384,52.558,0.1509999930858612,-0.14000000059604645,52.623,52.802,-0.22100000083446503,-0.4230000078678131,680,1172,684,0.006752525456249714,0.018575936555862427,0.6246657610771492,False,nan,nan,1.062579714392974,1.2850157269833267,0.026454159660472414,0.5411226702435719,0.019441827482584245,0.25982028988816264,0.1212007039835698,0.05228913072731055,0.14784061146208222,0.07145334667652228,0.27059877441697644,False,False,NO_MOTION,VERIFIED,NO_MOTION/VERIFIED,no motion; geometry verified by background,False,False,False,200,0.03023273992836687,14,0.2795298223449146,958,0.18680468357809488,179,0.02695189526209176
211,return,False,-0.5812999844551087,-0.17849997729063038,52.623,52.802,-0.22100000083446503,-0.4230000078678131,52.862,53.064,-0.46700000762939453,-0.593999981880188,680,1142,683,0.00730499904602766,0.01993417553603649,0.4264820901661416,False,nan,nan,0.8516744498503845,1.0784657564220448,0.529337827461158,0.7672317010090663,0.01954942932210023,0.1575015373768958,0.1172805760819848,0.05820260005496672,0.1539540686453359,0.06888532786838338,0.2618465001243247,False,False,NO_MOTION,VERIFIED,NO_MOTION/VERIFIED,no motion; geometry verified by background,False,False,False,183,0.024276565175042,12,0.250198867382163,947,0.18869854387132814,159,0.019800255088357217
212,return,False,-0.6506999850273132,-0.06940000057220452,52.862,53.064,-0.46700000762939453,-0.593999981880188,53.153,53.292,-0.6209999918937683,-0.6539999842643738,674,1258,674,0.006734046619385481,0.017216870561242104,0.18283526176504322,False,nan,nan,0.5817306092420136,0.6467688512796463,0.29549309575087435,0.45801567330837334,0.013968483432535615,0.050040775777373134,0.04164560404327576,0.031171879547632238,0.08222086744782252,0.07044574547046122,0.09298006565615972,False,False,NO_MOTION,VERIFIED,NO_MOTION/VERIFIED,no motion; geometry verified by background,False,False,False,198,0.018226382146242153,0,nan,1060,0.09934522079028296,173,0.015839260624651404
213,return,False,-0.3515000134706497,0.2991999715566635,53.153,53.292,-0.6209999918937683,-0.6539999842643738,53.383,53.56,-0.6710000038146973,-0.3160000145435333,690,1280,690,0.004805234260857105,0.012835764326155186,0.09133785865718558,False,nan,nan,0.32650419682020293,0.3676968843902083,0.09521892953307146,0.164281795722433,0.02876222453358753,0.09906374079667472,0.09620201807632092,0.09013945577276278,0.3714753022128189,0.07213296157352785,0.21478545365067533,False,False,NO_MOTION,VERIFIED,NO_MOTION/VERIFIED,no motion; geometry verified by background,False,False,False,204,0.039089447315562055,0,nan,1076,0.4675374697289524,179,0.03305463705631011
214,return,False,-0.3187000066041946,0.03280000686645507,53.383,53.56,-0.6710000038146973,-0.3160000145435333,53.627,53.793,-0.3160000145435333,-0.3190000057220459,690,1289,690,0.003324515651911497,0.009146621450781822,0.02797384140102501,False,nan,nan,0.0836575408216714,0.11583567671360304,0.010945376755113357,0.04858594705543817,0.009802697682833907,0.03173428070342186,0.02540442953545107,0.016219855115604406,0.055646399666627475,0.06696793755274867,0.05671920435369258,False,False,NO_MOTION,VERIFIED,NO_MOTION/VERIFIED,no motion; geometry verified by background,False,False,False,188,0.013120650515195415,0,nan,1101,0.06522945087652991,166,0.011594786976541236
215,return,False,-0.3190000057220459,-0.00029999911785127953,53.627,53.793,-0.3160000145435333,-0.3190000057220459,53.881,54.068,-0.3190000057220459,-0.3190000057220459,684,1313,684,0.0033330582082271576,0.00921428669244051,0.019752793584602794,True,0.014006165775965829,0.03395862271167743,nan,nan,nan,nan,nan,nan,nan,nan,nan,nan,0.07581772534847747,False,False,NO_MOTION,NOT_CHECKED,NO_MOTION/NOT_CHECKED,no motion; geometry not checked,False,False,False,,,,,,,,
216,return,False,-0.3190000057220459,0.0,53.881,54.068,-0.3190000057220459,-0.3190000057220459,54.161,54.295,-0.3190000057220459,-0.3190000057220459,695,1301,695,0.003414697479456663,0.009796380065381527,0.018556427931583692,True,0.0074166652019813225,0.02324200288572256,nan,nan,nan,nan,nan,nan,nan,nan,nan,nan,0.051891262089739494,False,False,NO_MOTION,NOT_CHECKED,NO_MOTION/NOT_CHECKED,no motion; geometry not checked,False,False,False,,,,,,,,
217,return,False,-0.3216999977827072,-0.0026999920606612937,54.161,54.295,-0.3190000057220459,-0.3190000057220459,54.353,54.565,-0.3190000057220459,-0.32199999690055847,685,1211,685,0.00320565328001976,0.009791601449251175,0.018031639073980067,True,0.010540716143158081,0.0338087868782489,nan,nan,nan,nan,nan,nan,nan,nan,nan,nan,0.07548319434694958,False,False,NO_MOTION,NOT_CHECKED,NO_MOTION/NOT_CHECKED,no motion; geometry not checked,False,False,False,,,,,,,,
218,return,False,-0.32199999690055847,-0.00029999911785127953,54.353,54.565,-0.3190000057220459,-0.32199999690055847,54.66,54.795,-0.32199999690055847,-0.32199999690055847,678,1306,678,0.0033707767724990845,0.008665839210152626,0.017257389626956676,True,0.005776870285909523,0.024607522919751722,nan,nan,nan,nan,nan,nan,nan,nan,nan,nan,0.05493999064910669,False,False,NO_MOTION,NOT_CHECKED,NO_MOTION/NOT_CHECKED,no motion; geometry not checked,False,False,False,,,,,,,,
219,return,False,-0.32199999690055847,0.0,54.66,54.795,-0.32199999690055847,-0.32199999690055847,54.89,55.056,-0.32199999690055847,-0.32199999690055847,702,1295,702,0.003417236264795065,0.009261313825845718,0.018598313017917575,True,0.008566135767533326,0.027682917280632307,nan,nan,nan,nan,nan,nan,nan,nan,nan,nan,0.06180627044411499,False,False,NO_MOTION,NOT_CHECKED,NO_MOTION/NOT_CHECKED,no motion; geometry not checked,False,False,False,,,,,,,,
220,return,False,-0.32199999690055847,0.0,54.89,55.056,-0.32199999690055847,-0.32199999690055847,55.171,55.29,-0.32199999690055847,-0.32199999690055847,684,1313,684,0.003229241818189621,0.009014523588120937,0.019552979953541813,True,0.00674800529003951,0.030891029335446175,nan,nan,nan,nan,nan,nan,nan,nan,nan,nan,0.06896886242330551,False,False,NO_MOTION,NOT_CHECKED,NO_MOTION/NOT_CHECKED,no motion; geometry not checked,False,False,False,,,,,,,,
221,return,False,-0.32199999690055847,0.0,55.171,55.29,-0.32199999690055847,-0.32199999690055847,55.392,55.56,-0.32199999690055847,-0.32199999690055847,693,1301,693,0.003081066533923149,0.009210994467139244,0.017938844677801557,True,0.0053348135216765525,0.019051402193536838,nan,nan,nan,nan,nan,nan,nan,nan,nan,nan,0.04253511667056674,False,False,NO_MOTION,NOT_CHECKED,NO_MOTION/NOT_CHECKED,no motion; geometry not checked,False,False,False,,,,,,,,
222,return,False,-0.32199999690055847,0.0,55.392,55.56,-0.32199999690055847,-0.32199999690055847,55.652,55.788,-0.32199999690055847,-0.32199999690055847,699,1313,699,0.003453748533502221,0.009529562667012215,0.018432410803846243,True,0.006852552227026431,0.023864570921370423,nan,nan,nan,nan,nan,nan,nan,nan,nan,nan,0.05328123873096704,False,False,NO_MOTION,NOT_CHECKED,NO_MOTION/NOT_CHECKED,no motion; geometry not checked,False,False,False,,,,,,,,
223,return,False,-0.32199999690055847,0.0,55.652,55.788,-0.32199999690055847,-0.32199999690055847,55.884,56.057,-0.32199999690055847,-0.32199999690055847,687,1305,687,0.003412651363760233,0.009853937663137913,0.031475217541491796,True,0.020156273195121407,0.05422665384560337,nan,nan,nan,nan,nan,nan,nan,nan,nan,nan,0.12106914885034896,False,False,NO_MOTION,NOT_CHECKED,NO_MOTION/NOT_CHECKED,no motion; geometry not checked,False,False,False,,,,,,,,
224,return,False,-0.32199999690055847,0.0,55.884,56.057,-0.32199999690055847,-0.32199999690055847,56.126,56.297,-0.32199999690055847,-0.32199999690055847,675,1287,675,0.0035648136399686337,0.008096389472484589,0.02819980417656618,True,0.015347343386644974,0.04248449147501464,nan,nan,nan,nan,nan,nan,nan,nan,nan,nan,0.0948530078375279,False,False,NO_MOTION,NOT_CHECKED,NO_MOTION/NOT_CHECKED,no motion; geometry not checked,False,False,False,,,,,,,,
225,return,False,-0.32199999690055847,0.0,56.126,56.297,-0.32199999690055847,-0.32199999690055847,56.386,56.56,-0.32199999690055847,-0.32199999690055847,684,1299,684,0.0030624945648014545,0.008303816430270672,0.017820412306209482,True,0.005853256997899439,0.02626499331983423,nan,nan,nan,nan,nan,nan,nan,nan,nan,nan,0.05864054224784611,False,False,NO_MOTION,NOT_CHECKED,NO_MOTION/NOT_CHECKED,no motion; geometry not checked,False,False,False,,,,,,,,
226,return,False,-0.32199999690055847,0.0,56.386,56.56,-0.32199999690055847,-0.32199999690055847,56.651,56.796,-0.32199999690055847,-0.32199999690055847,691,1303,691,0.00322505971416831,0.008998546749353409,0.017770708073939448,True,0.0054622830654035195,0.022996745053748484,nan,nan,nan,nan,nan,nan,nan,nan,nan,nan,0.05134368714531222,False,False,NO_MOTION,NOT_CHECKED,NO_MOTION/NOT_CHECKED,no motion; geometry not checked,False,False,False,,,,,,,,
227,return,False,-0.32199999690055847,0.0,56.651,56.796,-0.32199999690055847,-0.32199999690055847,56.883,57.066,-0.32199999690055847,-0.32199999690055847,678,1300,679,0.00694004213437438,0.022997556254267693,0.1594550633682294,True,0.13511672997500246,0.28775762373700453,nan,nan,nan,nan,nan,nan,nan,nan,nan,nan,0.6424621124554742,True,False,SUSPECT,NOT_CHECKED,SUSPECT/NOT_CHECKED,motion suspected; geometry not checked,False,False,False,,,,,,,,
228,return,False,-0.32199999690055847,0.0,56.883,57.066,-0.32199999690055847,-0.32199999690055847,57.162,57.294,-0.32199999690055847,-0.32199999690055847,680,1332,681,0.004784000106155872,0.012696209363639355,0.08374010950696964,True,0.07472028860551459,0.14886593926110195,nan,nan,nan,nan,nan,nan,nan,nan,nan,nan,0.3323655671335628,False,False,NO_MOTION,NOT_CHECKED,NO_MOTION/NOT_CHECKED,no motion; geometry not checked,False,False,False,,,,,,,,
